
C:\Users\d_bou\AppData\Local\arduino\sketches\E05D937E9741C9BDD2025FEE2BD155CD/Fsr_Master_Public.ino.elf:     file format elf32-littlearm


Disassembly of section .text.code:

60001400 <memory_copy>:
	if (dest == dest_end) return;
	do {
		*dest++ = *src++;
	} while (dest < dest_end);
#else
	asm volatile(
60001400:	4282      	cmp	r2, r0
60001402:	d005      	beq.n	60001410 <memory_copy+0x10>
60001404:	f851 3b04 	ldr.w	r3, [r1], #4
60001408:	f840 3b04 	str.w	r3, [r0], #4
6000140c:	4282      	cmp	r2, r0
6000140e:	d8f9      	bhi.n	60001404 <memory_copy+0x4>
	"	cmp	%[end], %[dest]		\n"
	"	bhi.n	1b			\n"
	"2:					\n"
	: [dest] "+r" (dest), [src] "+r" (src) : [end] "r" (dest_end) : "r3", "memory");
#endif
}
60001410:	4770      	bx	lr
60001412:	bf00      	nop

60001414 <memory_clear.constprop.0>:
#if 0
	while (dest < dest_end) {
		*dest++ = 0;
	}
#else
	asm volatile(
60001414:	4a04      	ldr	r2, [pc, #16]	@ (60001428 <memory_clear.constprop.0+0x14>)
60001416:	4905      	ldr	r1, [pc, #20]	@ (6000142c <memory_clear.constprop.0+0x18>)
60001418:	f04f 0300 	mov.w	r3, #0
6000141c:	f842 3b04 	str.w	r3, [r2], #4
60001420:	4291      	cmp	r1, r2
60001422:	d8fb      	bhi.n	6000141c <memory_clear.constprop.0+0x8>
	"1:	str.w	r3, [%[dest]], #4	\n"
	"	cmp	%[end], %[dest]		\n"
	"	bhi.n	1b			\n"
	: [dest] "+r" (dest) : [end] "r" (dest_end) : "r3", "memory");
#endif
}
60001424:	4770      	bx	lr
60001426:	bf00      	nop
60001428:	200012c0 	.word	0x200012c0
6000142c:	200026e0 	.word	0x200026e0

60001430 <ResetHandler2>:
{
60001430:	b508      	push	{r3, lr}
	__asm__ volatile("dsb":::"memory");
60001432:	f3bf 8f4f 	dsb	sy
	startup_early_hook(); // must be in FLASHMEM, as ITCM is not yet initialized!
60001436:	f000 f915 	bl	60001664 <startup_default_early_hook>
	CCM_ANALOG_PFD_480 = usb_pfd;
6000143a:	4c53      	ldr	r4, [pc, #332]	@ (60001588 <ResetHandler2+0x158>)
	PMU_MISC0_SET = 1<<3; //Use bandgap-based bias currents for best performance (Page 1175)
6000143c:	4b53      	ldr	r3, [pc, #332]	@ (6000158c <ResetHandler2+0x15c>)
6000143e:	2008      	movs	r0, #8
	CCM_ANALOG_PFD_528 = sys_pfd;
60001440:	4953      	ldr	r1, [pc, #332]	@ (60001590 <ResetHandler2+0x160>)
	PMU_MISC0_SET = 1<<3; //Use bandgap-based bias currents for best performance (Page 1175)
60001442:	f8c3 0154 	str.w	r0, [r3, #340]	@ 0x154
	memory_copy(&_stext, &_stextload, &_etext);
60001446:	4a53      	ldr	r2, [pc, #332]	@ (60001594 <ResetHandler2+0x164>)
	CCM_ANALOG_PFD_528 = sys_pfd;
60001448:	f8c3 1100 	str.w	r1, [r3, #256]	@ 0x100
	memory_copy(&_stext, &_stextload, &_etext);
6000144c:	4852      	ldr	r0, [pc, #328]	@ (60001598 <ResetHandler2+0x168>)
	CCM_ANALOG_PFD_480 = usb_pfd;
6000144e:	f8c3 40f0 	str.w	r4, [r3, #240]	@ 0xf0
	memory_copy(&_stext, &_stextload, &_etext);
60001452:	4952      	ldr	r1, [pc, #328]	@ (6000159c <ResetHandler2+0x16c>)
60001454:	f7ff ffd4 	bl	60001400 <memory_copy>
	memory_copy(&_sdata, &_sdataload, &_edata);
60001458:	4a51      	ldr	r2, [pc, #324]	@ (600015a0 <ResetHandler2+0x170>)
6000145a:	4952      	ldr	r1, [pc, #328]	@ (600015a4 <ResetHandler2+0x174>)
6000145c:	4852      	ldr	r0, [pc, #328]	@ (600015a8 <ResetHandler2+0x178>)
6000145e:	f7ff ffcf 	bl	60001400 <memory_copy>
	memory_clear(&_sbss, &_ebss);
60001462:	4c52      	ldr	r4, [pc, #328]	@ (600015ac <ResetHandler2+0x17c>)
60001464:	f7ff ffd6 	bl	60001414 <memory_clear.constprop.0>
	SCB_CPACR = 0x00F00000;
60001468:	f44f 0070 	mov.w	r0, #15728640	@ 0xf00000
6000146c:	f04f 21e0 	mov.w	r1, #3758153728	@ 0xe000e000
	for (i=0; i < NVIC_NUM_INTERRUPTS + 16; i++) _VectorsRam[i] = &unused_interrupt_vector;
60001470:	2300      	movs	r3, #0
60001472:	4a4f      	ldr	r2, [pc, #316]	@ (600015b0 <ResetHandler2+0x180>)
	SCB_CPACR = 0x00F00000;
60001474:	f8c1 0d88 	str.w	r0, [r1, #3464]	@ 0xd88
	for (i=0; i < NVIC_NUM_INTERRUPTS + 16; i++) _VectorsRam[i] = &unused_interrupt_vector;
60001478:	f844 2023 	str.w	r2, [r4, r3, lsl #2]
6000147c:	3301      	adds	r3, #1
6000147e:	2bb0      	cmp	r3, #176	@ 0xb0
60001480:	d1fa      	bne.n	60001478 <ResetHandler2+0x48>
60001482:	4b4c      	ldr	r3, [pc, #304]	@ (600015b4 <ResetHandler2+0x184>)
	for (i=0; i < NVIC_NUM_INTERRUPTS; i++) NVIC_SET_PRIORITY(i, 128);
60001484:	2180      	movs	r1, #128	@ 0x80
60001486:	4a4c      	ldr	r2, [pc, #304]	@ (600015b8 <ResetHandler2+0x188>)
60001488:	f803 1b01 	strb.w	r1, [r3], #1
6000148c:	4293      	cmp	r3, r2
6000148e:	d1fb      	bne.n	60001488 <ResetHandler2+0x58>
	SCB_VTOR = (uint32_t)_VectorsRam;
60001490:	f04f 25e0 	mov.w	r5, #3758153728	@ 0xe000e000
	CCM_CSCMR1 = (CCM_CSCMR1 & ~CCM_CSCMR1_PERCLK_PODF(0x3F)) | CCM_CSCMR1_PERCLK_CLK_SEL;
60001494:	4e49      	ldr	r6, [pc, #292]	@ (600015bc <ResetHandler2+0x18c>)
	IOMUXC_GPR_GPR26 = 0xFFFFFFFF;
60001496:	4a4a      	ldr	r2, [pc, #296]	@ (600015c0 <ResetHandler2+0x190>)
60001498:	f04f 31ff 	mov.w	r1, #4294967295
	SCB_VTOR = (uint32_t)_VectorsRam;
6000149c:	f8c5 4d08 	str.w	r4, [r5, #3336]	@ 0xd08
	SCB_SHCSR |= SCB_SHCSR_MEMFAULTENA | SCB_SHCSR_BUSFAULTENA | SCB_SHCSR_USGFAULTENA;
600014a0:	f8d5 3d24 	ldr.w	r3, [r5, #3364]	@ 0xd24
600014a4:	f443 23e0 	orr.w	r3, r3, #458752	@ 0x70000
600014a8:	f8c5 3d24 	str.w	r3, [r5, #3364]	@ 0xd24
	CCM_CSCMR1 = (CCM_CSCMR1 & ~CCM_CSCMR1_PERCLK_PODF(0x3F)) | CCM_CSCMR1_PERCLK_CLK_SEL;
600014ac:	69f3      	ldr	r3, [r6, #28]
600014ae:	f023 037f 	bic.w	r3, r3, #127	@ 0x7f
600014b2:	f043 0340 	orr.w	r3, r3, #64	@ 0x40
600014b6:	61f3      	str	r3, [r6, #28]
	CCM_CSCDR1 = (CCM_CSCDR1 & ~CCM_CSCDR1_UART_CLK_PODF(0x3F)) | CCM_CSCDR1_UART_CLK_SEL;
600014b8:	6a73      	ldr	r3, [r6, #36]	@ 0x24
600014ba:	f023 037f 	bic.w	r3, r3, #127	@ 0x7f
600014be:	f043 0340 	orr.w	r3, r3, #64	@ 0x40
600014c2:	6273      	str	r3, [r6, #36]	@ 0x24
	IOMUXC_GPR_GPR26 = 0xFFFFFFFF;
600014c4:	6691      	str	r1, [r2, #104]	@ 0x68
	IOMUXC_GPR_GPR27 = 0xFFFFFFFF;
600014c6:	66d1      	str	r1, [r2, #108]	@ 0x6c
	IOMUXC_GPR_GPR28 = 0xFFFFFFFF;
600014c8:	6711      	str	r1, [r2, #112]	@ 0x70
	IOMUXC_GPR_GPR29 = 0xFFFFFFFF;
600014ca:	6751      	str	r1, [r2, #116]	@ 0x74
	configure_cache();
600014cc:	f000 f8d2 	bl	60001674 <configure_cache>
	_VectorsRam[14] = pendablesrvreq_isr;
600014d0:	4a3c      	ldr	r2, [pc, #240]	@ (600015c4 <ResetHandler2+0x194>)
	_VectorsRam[15] = systick_isr;
600014d2:	4b3d      	ldr	r3, [pc, #244]	@ (600015c8 <ResetHandler2+0x198>)
	_VectorsRam[14] = pendablesrvreq_isr;
600014d4:	63a2      	str	r2, [r4, #56]	@ 0x38
	SYST_RVR = (SYSTICK_EXT_FREQ / 1000) - 1;
600014d6:	2263      	movs	r2, #99	@ 0x63
	_VectorsRam[15] = systick_isr;
600014d8:	63e3      	str	r3, [r4, #60]	@ 0x3c
	SYST_CVR = 0;
600014da:	2400      	movs	r4, #0
	SYST_RVR = (SYSTICK_EXT_FREQ / 1000) - 1;
600014dc:	616a      	str	r2, [r5, #20]
	SYST_CSR = SYST_CSR_TICKINT | SYST_CSR_ENABLE;
600014de:	2303      	movs	r3, #3
	SCB_SHPR3 = 0x20200000;  // Systick, pendablesrvreq_isr = priority 32;
600014e0:	4a3a      	ldr	r2, [pc, #232]	@ (600015cc <ResetHandler2+0x19c>)
	SYST_CVR = 0;
600014e2:	61ac      	str	r4, [r5, #24]
	SYST_CSR = SYST_CSR_TICKINT | SYST_CSR_ENABLE;
600014e4:	612b      	str	r3, [r5, #16]
	SCB_SHPR3 = 0x20200000;  // Systick, pendablesrvreq_isr = priority 32;
600014e6:	f8c5 2d20 	str.w	r2, [r5, #3360]	@ 0xd20
	ARM_DEMCR |= ARM_DEMCR_TRCENA;
600014ea:	f8d5 2dfc 	ldr.w	r2, [r5, #3580]	@ 0xdfc
	ARM_DWT_CTRL |= ARM_DWT_CTRL_CYCCNTENA; // turn on cycle counter
600014ee:	4b38      	ldr	r3, [pc, #224]	@ (600015d0 <ResetHandler2+0x1a0>)
	ARM_DEMCR |= ARM_DEMCR_TRCENA;
600014f0:	f042 7280 	orr.w	r2, r2, #16777216	@ 0x1000000
	systick_cycle_count = ARM_DWT_CYCCNT; // compiled 0, corrected w/1st systick
600014f4:	4937      	ldr	r1, [pc, #220]	@ (600015d4 <ResetHandler2+0x1a4>)
	ARM_DEMCR |= ARM_DEMCR_TRCENA;
600014f6:	f8c5 2dfc 	str.w	r2, [r5, #3580]	@ 0xdfc
	ARM_DWT_CTRL |= ARM_DWT_CTRL_CYCCNTENA; // turn on cycle counter
600014fa:	681a      	ldr	r2, [r3, #0]
600014fc:	f042 0201 	orr.w	r2, r2, #1
60001500:	601a      	str	r2, [r3, #0]
	systick_cycle_count = ARM_DWT_CYCCNT; // compiled 0, corrected w/1st systick
60001502:	685b      	ldr	r3, [r3, #4]
60001504:	600b      	str	r3, [r1, #0]
	usb_pll_start();	
60001506:	f000 f943 	bl	60001790 <usb_pll_start>
	set_arm_clock(F_CPU);
6000150a:	4833      	ldr	r0, [pc, #204]	@ (600015d8 <ResetHandler2+0x1a8>)
6000150c:	f000 fab4 	bl	60001a78 <__set_arm_clock_veneer>
	CCM_CCGR1 |= CCM_CCGR1_PIT(CCM_CCGR_ON);
60001510:	6ef1      	ldr	r1, [r6, #108]	@ 0x6c
	PIT_MCR = 0;
60001512:	4b32      	ldr	r3, [pc, #200]	@ (600015dc <ResetHandler2+0x1ac>)
	if (!(SNVS_LPCR & SNVS_LPCR_SRTC_ENV)) {
60001514:	4a32      	ldr	r2, [pc, #200]	@ (600015e0 <ResetHandler2+0x1b0>)
	CCM_CCGR1 |= CCM_CCGR1_PIT(CCM_CCGR_ON);
60001516:	f441 5140 	orr.w	r1, r1, #12288	@ 0x3000
6000151a:	66f1      	str	r1, [r6, #108]	@ 0x6c
	PIT_MCR = 0;
6000151c:	601c      	str	r4, [r3, #0]
	PIT_TCTRL0 = 0;
6000151e:	f8c3 4108 	str.w	r4, [r3, #264]	@ 0x108
	PIT_TCTRL1 = 0;
60001522:	f8c3 4118 	str.w	r4, [r3, #280]	@ 0x118
	PIT_TCTRL2 = 0;
60001526:	f8c3 4128 	str.w	r4, [r3, #296]	@ 0x128
	PIT_TCTRL3 = 0;
6000152a:	f8c3 4138 	str.w	r4, [r3, #312]	@ 0x138
	if (!(SNVS_LPCR & SNVS_LPCR_SRTC_ENV)) {
6000152e:	6b93      	ldr	r3, [r2, #56]	@ 0x38
60001530:	07db      	lsls	r3, r3, #31
60001532:	d408      	bmi.n	60001546 <ResetHandler2+0x116>
		SNVS_LPSRTCMR = 1546300800u >> 17;
60001534:	f642 6315 	movw	r3, #11797	@ 0x2e15
		SNVS_LPSRTCLR = 1546300800u << 15;
60001538:	492a      	ldr	r1, [pc, #168]	@ (600015e4 <ResetHandler2+0x1b4>)
6000153a:	6551      	str	r1, [r2, #84]	@ 0x54
		SNVS_LPSRTCMR = 1546300800u >> 17;
6000153c:	6513      	str	r3, [r2, #80]	@ 0x50
		SNVS_LPCR |= SNVS_LPCR_SRTC_ENV;
6000153e:	6b93      	ldr	r3, [r2, #56]	@ 0x38
60001540:	f043 0301 	orr.w	r3, r3, #1
60001544:	6393      	str	r3, [r2, #56]	@ 0x38
	SNVS_HPCR |= SNVS_HPCR_RTC_EN | SNVS_HPCR_HP_TS;
60001546:	4a26      	ldr	r2, [pc, #152]	@ (600015e0 <ResetHandler2+0x1b0>)
60001548:	4c27      	ldr	r4, [pc, #156]	@ (600015e8 <ResetHandler2+0x1b8>)
6000154a:	6893      	ldr	r3, [r2, #8]
6000154c:	f043 1301 	orr.w	r3, r3, #65537	@ 0x10001
60001550:	6093      	str	r3, [r2, #8]
	analog_init();
60001552:	f000 f85f 	bl	60001614 <analog_init>
	pwm_init();
60001556:	f000 fa9f 	bl	60001a98 <__pwm_init_veneer>
	tempmon_init();
6000155a:	f000 f94b 	bl	600017f4 <tempmon_init>
	startup_middle_hook();
6000155e:	f000 f883 	bl	60001668 <startup_default_middle_hook>
// Returns the number of milliseconds since your program started running.
// This 32 bit number will roll back to zero after about 49.7 days.  For a
// simpler way to build delays or timeouts, consider using elapsedMillis.
static inline uint32_t millis(void)
{
	return systick_millis_count;
60001562:	6823      	ldr	r3, [r4, #0]
	while (millis() < TEENSY_INIT_USB_DELAY_BEFORE) ; // wait
60001564:	2b13      	cmp	r3, #19
60001566:	d9fc      	bls.n	60001562 <ResetHandler2+0x132>
	usb_init();
60001568:	f000 f9e0 	bl	6000192c <usb_init>
6000156c:	6823      	ldr	r3, [r4, #0]
	while (millis() < TEENSY_INIT_USB_DELAY_AFTER + TEENSY_INIT_USB_DELAY_BEFORE) ; // wait
6000156e:	f5b3 7f96 	cmp.w	r3, #300	@ 0x12c
60001572:	d3fb      	bcc.n	6000156c <ResetHandler2+0x13c>
	startup_debug_reset();
60001574:	f000 f87c 	bl	60001670 <startup_debug_reset>
	startup_late_hook();
60001578:	f000 f878 	bl	6000166c <startup_default_late_hook>
	__libc_init_array();
6000157c:	f000 fa90 	bl	60001aa0 <____libc_init_array_veneer>
	main();
60001580:	f000 fa92 	bl	60001aa8 <__main_veneer>
	while (1) asm("WFI");
60001584:	bf30      	wfi
60001586:	e7fd      	b.n	60001584 <ResetHandler2+0x154>
60001588:	13110d0c 	.word	0x13110d0c
6000158c:	400d8000 	.word	0x400d8000
60001590:	2018101b 	.word	0x2018101b
60001594:	00004e90 	.word	0x00004e90
60001598:	00000000 	.word	0x00000000
6000159c:	60001c84 	.word	0x60001c84
600015a0:	200012c0 	.word	0x200012c0
600015a4:	60006b18 	.word	0x60006b18
600015a8:	20000000 	.word	0x20000000
600015ac:	20001000 	.word	0x20001000
600015b0:	00003371 	.word	0x00003371
600015b4:	e000e400 	.word	0xe000e400
600015b8:	e000e4a0 	.word	0xe000e4a0
600015bc:	400fc000 	.word	0x400fc000
600015c0:	400ac000 	.word	0x400ac000
600015c4:	00002719 	.word	0x00002719
600015c8:	0000271d 	.word	0x0000271d
600015cc:	20200000 	.word	0x20200000
600015d0:	e0001000 	.word	0xe0001000
600015d4:	2000265c 	.word	0x2000265c
600015d8:	23c34600 	.word	0x23c34600
600015dc:	40084000 	.word	0x40084000
600015e0:	400d4000 	.word	0x400d4000
600015e4:	56c00000 	.word	0x56c00000
600015e8:	20002660 	.word	0x20002660

600015ec <ResetHandler>:
	IOMUXC_GPR_GPR17 = (uint32_t)&_flexram_bank_config;
600015ec:	4b05      	ldr	r3, [pc, #20]	@ (60001604 <ResetHandler+0x18>)
	IOMUXC_GPR_GPR14 = 0x00AA0000;
600015ee:	f44f 012a 	mov.w	r1, #11141120	@ 0xaa0000
	IOMUXC_GPR_GPR17 = (uint32_t)&_flexram_bank_config;
600015f2:	4a05      	ldr	r2, [pc, #20]	@ (60001608 <ResetHandler+0x1c>)
	IOMUXC_GPR_GPR16 = 0x00200007;
600015f4:	4805      	ldr	r0, [pc, #20]	@ (6000160c <ResetHandler+0x20>)
	IOMUXC_GPR_GPR17 = (uint32_t)&_flexram_bank_config;
600015f6:	645a      	str	r2, [r3, #68]	@ 0x44
	IOMUXC_GPR_GPR16 = 0x00200007;
600015f8:	6418      	str	r0, [r3, #64]	@ 0x40
	__asm__ volatile("mov sp, %0" : : "r" ((uint32_t)&_estack) : "memory");
600015fa:	4a05      	ldr	r2, [pc, #20]	@ (60001610 <ResetHandler+0x24>)
	IOMUXC_GPR_GPR14 = 0x00AA0000;
600015fc:	6399      	str	r1, [r3, #56]	@ 0x38
	__asm__ volatile("mov sp, %0" : : "r" ((uint32_t)&_estack) : "memory");
600015fe:	4695      	mov	sp, r2
	ResetHandler2();
60001600:	f7ff ff16 	bl	60001430 <ResetHandler2>
60001604:	400ac000 	.word	0x400ac000
60001608:	aaaaaaab 	.word	0xaaaaaaab
6000160c:	00200007 	.word	0x00200007
60001610:	20078000 	.word	0x20078000

60001614 <analog_init>:
{
	uint32_t mode, avg=0;

	printf("analogInit\n");

	CCM_CCGR1 |= CCM_CCGR1_ADC1(CCM_CCGR_ON);
60001614:	4b0f      	ldr	r3, [pc, #60]	@ (60001654 <analog_init+0x40>)
	} else {
		mode |= ADC_CFG_ADIV(0) | ADC_CFG_ADICLK(0); // use IPG
	}
#endif
	//ADC1
	ADC1_CFG = mode | ADC_CFG_ADHSC;
60001616:	f240 6c37 	movw	ip, #1591	@ 0x637
6000161a:	4a0f      	ldr	r2, [pc, #60]	@ (60001658 <analog_init+0x44>)
	ADC1_GC = avg | ADC_GC_CAL;		// begin cal
6000161c:	20a0      	movs	r0, #160	@ 0xa0
	CCM_CCGR1 |= CCM_CCGR1_ADC1(CCM_CCGR_ON);
6000161e:	6ed9      	ldr	r1, [r3, #108]	@ 0x6c
60001620:	f441 3140 	orr.w	r1, r1, #196608	@ 0x30000
60001624:	66d9      	str	r1, [r3, #108]	@ 0x6c
	CCM_CCGR1 |= CCM_CCGR1_ADC2(CCM_CCGR_ON);
60001626:	6ed9      	ldr	r1, [r3, #108]	@ 0x6c
60001628:	f441 7140 	orr.w	r1, r1, #768	@ 0x300
6000162c:	66d9      	str	r1, [r3, #108]	@ 0x6c
	ADC1_CFG = mode | ADC_CFG_ADHSC;
6000162e:	f8c2 c044 	str.w	ip, [r2, #68]	@ 0x44
	ADC1_GC = avg | ADC_GC_CAL;		// begin cal
60001632:	6490      	str	r0, [r2, #72]	@ 0x48
	calibrating = 1;
	while (ADC1_GC & ADC_GC_CAL) {
60001634:	6c93      	ldr	r3, [r2, #72]	@ 0x48
60001636:	061b      	lsls	r3, r3, #24
60001638:	d4fc      	bmi.n	60001634 <analog_init+0x20>
		//yield();
	}
	calibrating = 0;
	//ADC2
	ADC2_CFG = mode | ADC_CFG_ADHSC;
6000163a:	4a08      	ldr	r2, [pc, #32]	@ (6000165c <analog_init+0x48>)
6000163c:	f240 6137 	movw	r1, #1591	@ 0x637
	ADC2_GC = avg | ADC_GC_CAL;		// begin cal
60001640:	23a0      	movs	r3, #160	@ 0xa0
	ADC2_CFG = mode | ADC_CFG_ADHSC;
60001642:	6451      	str	r1, [r2, #68]	@ 0x44
	ADC2_GC = avg | ADC_GC_CAL;		// begin cal
60001644:	6493      	str	r3, [r2, #72]	@ 0x48
	calibrating = 1;
	while (ADC2_GC & ADC_GC_CAL) {
60001646:	6c93      	ldr	r3, [r2, #72]	@ 0x48
60001648:	f013 0380 	ands.w	r3, r3, #128	@ 0x80
6000164c:	d1fb      	bne.n	60001646 <analog_init+0x32>
		//yield();
	}
	calibrating = 0;
6000164e:	4a04      	ldr	r2, [pc, #16]	@ (60001660 <analog_init+0x4c>)
60001650:	7013      	strb	r3, [r2, #0]
}
60001652:	4770      	bx	lr
60001654:	400fc000 	.word	0x400fc000
60001658:	400c4000 	.word	0x400c4000
6000165c:	400c8000 	.word	0x400c8000
60001660:	20002694 	.word	0x20002694

60001664 <startup_default_early_hook>:
FLASHMEM void startup_default_early_hook(void) {}
60001664:	4770      	bx	lr
60001666:	bf00      	nop

60001668 <startup_default_middle_hook>:
FLASHMEM void startup_default_middle_hook(void) {}
60001668:	4770      	bx	lr
6000166a:	bf00      	nop

6000166c <startup_default_late_hook>:
FLASHMEM void startup_default_late_hook(void) {}
6000166c:	4770      	bx	lr
6000166e:	bf00      	nop

60001670 <startup_debug_reset>:
FLASHMEM void startup_debug_reset(void) { __asm__ volatile("nop"); }
60001670:	bf00      	nop
60001672:	4770      	bx	lr

60001674 <configure_cache>:
	SCB_MPU_CTRL = 0; // turn off MPU
60001674:	f04f 23e0 	mov.w	r3, #3758153728	@ 0xe000e000
60001678:	2100      	movs	r1, #0
	SCB_MPU_RBAR = 0x00000000 | REGION(i++); //https://developer.arm.com/docs/146793866/10/why-does-the-cortex-m7-initiate-axim-read-accesses-to-memory-addresses-that-do-not-fall-under-a-defined-mpu-region
6000167a:	f04f 0c10 	mov.w	ip, #16
	SCB_MPU_RASR = SCB_MPU_RASR_TEX(0) | NOACCESS | NOEXEC | SIZE_4G;
6000167e:	4834      	ldr	r0, [pc, #208]	@ (60001750 <configure_cache+0xdc>)
	SCB_MPU_CTRL = 0; // turn off MPU
60001680:	f8c3 1d94 	str.w	r1, [r3, #3476]	@ 0xd94
	SCB_MPU_RBAR = 0x00000000 | REGION(i++); //https://developer.arm.com/docs/146793866/10/why-does-the-cortex-m7-initiate-axim-read-accesses-to-memory-addresses-that-do-not-fall-under-a-defined-mpu-region
60001684:	f8c3 cd9c 	str.w	ip, [r3, #3484]	@ 0xd9c
	SCB_MPU_RBAR = 0x00000000 | REGION(i++); // ITCM
60001688:	f04f 0c11 	mov.w	ip, #17
	SCB_MPU_RASR = SCB_MPU_RASR_TEX(0) | NOACCESS | NOEXEC | SIZE_4G;
6000168c:	f8c3 0da0 	str.w	r0, [r3, #3488]	@ 0xda0
	SCB_MPU_RASR = MEM_NOCACHE | READONLY | SIZE_512K;
60001690:	4830      	ldr	r0, [pc, #192]	@ (60001754 <configure_cache+0xe0>)
	SCB_MPU_RBAR = 0x00000000 | REGION(i++); // ITCM
60001692:	f8c3 cd9c 	str.w	ip, [r3, #3484]	@ 0xd9c
	SCB_MPU_RBAR = 0x00000000 | REGION(i++); // trap NULL pointer deref
60001696:	f04f 0c12 	mov.w	ip, #18
	SCB_MPU_RASR = MEM_NOCACHE | READONLY | SIZE_512K;
6000169a:	f8c3 0da0 	str.w	r0, [r3, #3488]	@ 0xda0
	SCB_MPU_RASR =  DEV_NOCACHE | NOACCESS | SIZE_32B;
6000169e:	482e      	ldr	r0, [pc, #184]	@ (60001758 <configure_cache+0xe4>)
	SCB_MPU_RBAR = 0x00000000 | REGION(i++); // trap NULL pointer deref
600016a0:	f8c3 cd9c 	str.w	ip, [r3, #3484]	@ 0xd9c
	SCB_MPU_RBAR = ((uint32_t)&_ebss) | REGION(i++); // trap stack overflow
600016a4:	4a2d      	ldr	r2, [pc, #180]	@ (6000175c <configure_cache+0xe8>)
	SCB_MPU_RASR =  DEV_NOCACHE | NOACCESS | SIZE_32B;
600016a6:	f8c3 0da0 	str.w	r0, [r3, #3488]	@ 0xda0
	SCB_MPU_RBAR = 0x00200000 | REGION(i++); // Boot ROM
600016aa:	f8df c0d0 	ldr.w	ip, [pc, #208]	@ 6000177c <configure_cache+0x108>
	SCB_MPU_RBAR = ((uint32_t)&_ebss) | REGION(i++); // trap stack overflow
600016ae:	f042 0215 	orr.w	r2, r2, #21
	SCB_MPU_RASR = MEM_CACHE_WT | READONLY | SIZE_128K;
600016b2:	482b      	ldr	r0, [pc, #172]	@ (60001760 <configure_cache+0xec>)
	SCB_MPU_RBAR = 0x00200000 | REGION(i++); // Boot ROM
600016b4:	f8c3 cd9c 	str.w	ip, [r3, #3484]	@ 0xd9c
	SCB_MPU_RASR = MEM_CACHE_WT | READONLY | SIZE_128K;
600016b8:	f8c3 0da0 	str.w	r0, [r3, #3488]	@ 0xda0
	SCB_MPU_RBAR = 0x20000000 | REGION(i++); // DTCM
600016bc:	f8df c0c0 	ldr.w	ip, [pc, #192]	@ 60001780 <configure_cache+0x10c>
	SCB_MPU_RASR = MEM_NOCACHE | READWRITE | NOEXEC | SIZE_512K;
600016c0:	4828      	ldr	r0, [pc, #160]	@ (60001764 <configure_cache+0xf0>)
	SCB_MPU_RBAR = 0x20000000 | REGION(i++); // DTCM
600016c2:	f8c3 cd9c 	str.w	ip, [r3, #3484]	@ 0xd9c
	SCB_MPU_RASR = MEM_NOCACHE | READWRITE | NOEXEC | SIZE_512K;
600016c6:	f8c3 0da0 	str.w	r0, [r3, #3488]	@ 0xda0
	SCB_MPU_RASR = SCB_MPU_RASR_TEX(0) | NOACCESS | NOEXEC | SIZE_32B;
600016ca:	f8df c0b8 	ldr.w	ip, [pc, #184]	@ 60001784 <configure_cache+0x110>
	SCB_MPU_RBAR = ((uint32_t)&_ebss) | REGION(i++); // trap stack overflow
600016ce:	f8c3 2d9c 	str.w	r2, [r3, #3484]	@ 0xd9c
	SCB_MPU_RBAR = 0x20200000 | REGION(i++); // RAM (AXI bus)
600016d2:	4825      	ldr	r0, [pc, #148]	@ (60001768 <configure_cache+0xf4>)
	SCB_MPU_RASR = MEM_CACHE_WBWA | READWRITE | NOEXEC | SIZE_1M;
600016d4:	4a25      	ldr	r2, [pc, #148]	@ (6000176c <configure_cache+0xf8>)
	SCB_MPU_RASR = SCB_MPU_RASR_TEX(0) | NOACCESS | NOEXEC | SIZE_32B;
600016d6:	f8c3 cda0 	str.w	ip, [r3, #3488]	@ 0xda0
	SCB_MPU_RBAR = 0x20200000 | REGION(i++); // RAM (AXI bus)
600016da:	f8c3 0d9c 	str.w	r0, [r3, #3484]	@ 0xd9c
	SCB_MPU_RASR = MEM_CACHE_WBWA | READWRITE | NOEXEC | SIZE_1M;
600016de:	f8c3 2da0 	str.w	r2, [r3, #3488]	@ 0xda0
	SCB_MPU_RASR = DEV_NOCACHE | READWRITE | NOEXEC | SIZE_64M;
600016e2:	f502 22a0 	add.w	r2, r2, #327680	@ 0x50000
	SCB_MPU_RBAR = 0x40000000 | REGION(i++); // Peripherals
600016e6:	f8df c0a0 	ldr.w	ip, [pc, #160]	@ 60001788 <configure_cache+0x114>
	SCB_MPU_RASR = DEV_NOCACHE | READWRITE | NOEXEC | SIZE_64M;
600016ea:	320c      	adds	r2, #12
	SCB_MPU_RBAR = 0x60000000 | REGION(i++); // QSPI Flash
600016ec:	4820      	ldr	r0, [pc, #128]	@ (60001770 <configure_cache+0xfc>)
	SCB_MPU_RBAR = 0x40000000 | REGION(i++); // Peripherals
600016ee:	f8c3 cd9c 	str.w	ip, [r3, #3484]	@ 0xd9c
	SCB_MPU_RASR = DEV_NOCACHE | READWRITE | NOEXEC | SIZE_64M;
600016f2:	f8c3 2da0 	str.w	r2, [r3, #3488]	@ 0xda0
	SCB_MPU_RASR = MEM_CACHE_WBWA | READONLY | SIZE_16M;
600016f6:	4a1f      	ldr	r2, [pc, #124]	@ (60001774 <configure_cache+0x100>)
	SCB_MPU_RBAR = 0x60000000 | REGION(i++); // QSPI Flash
600016f8:	f8c3 0d9c 	str.w	r0, [r3, #3484]	@ 0xd9c
	SCB_MPU_RASR = MEM_CACHE_WBWA | READONLY | SIZE_16M;
600016fc:	f8c3 2da0 	str.w	r2, [r3, #3488]	@ 0xda0
	SCB_MPU_RASR = MEM_CACHE_WBWA | READWRITE | NOEXEC | SIZE_32M;
60001700:	f102 6240 	add.w	r2, r2, #201326592	@ 0xc000000
	SCB_MPU_RBAR = 0x70000000 | REGION(i++); // FlexSPI2
60001704:	f8df c084 	ldr.w	ip, [pc, #132]	@ 6000178c <configure_cache+0x118>
	SCB_MPU_RASR = MEM_CACHE_WBWA | READWRITE | NOEXEC | SIZE_32M;
60001708:	3202      	adds	r2, #2
	SCB_MPU_RBAR = 0x80000000 | REGION(i++); // SEMC: SDRAM, NAND, SRAM, etc
6000170a:	481b      	ldr	r0, [pc, #108]	@ (60001778 <configure_cache+0x104>)
	SCB_MPU_RBAR = 0x70000000 | REGION(i++); // FlexSPI2
6000170c:	f8c3 cd9c 	str.w	ip, [r3, #3484]	@ 0xd9c
	SCB_MPU_RASR = MEM_CACHE_WBWA | READWRITE | NOEXEC | SIZE_32M;
60001710:	f8c3 2da0 	str.w	r2, [r3, #3488]	@ 0xda0
	SCB_MPU_RASR = MEM_CACHE_WBWA | READWRITE | NOEXEC | SIZE_1G;
60001714:	320a      	adds	r2, #10
	SCB_MPU_RBAR = 0x80000000 | REGION(i++); // SEMC: SDRAM, NAND, SRAM, etc
60001716:	f8c3 0d9c 	str.w	r0, [r3, #3484]	@ 0xd9c
	SCB_MPU_RASR = MEM_CACHE_WBWA | READWRITE | NOEXEC | SIZE_1G;
6000171a:	f8c3 2da0 	str.w	r2, [r3, #3488]	@ 0xda0
	asm("nop"); // allow a few cycles for bus writes before enable MPU
6000171e:	bf00      	nop
	asm("nop");
60001720:	bf00      	nop
	asm("nop");
60001722:	bf00      	nop
	asm("nop");
60001724:	bf00      	nop
	asm("nop");
60001726:	bf00      	nop
	SCB_MPU_CTRL = SCB_MPU_CTRL_ENABLE;
60001728:	2201      	movs	r2, #1
6000172a:	f8c3 2d94 	str.w	r2, [r3, #3476]	@ 0xd94
	asm("dsb");
6000172e:	f3bf 8f4f 	dsb	sy
	asm("isb");
60001732:	f3bf 8f6f 	isb	sy
	SCB_CACHE_ICIALLU = 0;
60001736:	f8c3 1f50 	str.w	r1, [r3, #3920]	@ 0xf50
	asm("dsb");
6000173a:	f3bf 8f4f 	dsb	sy
	asm("isb");
6000173e:	f3bf 8f6f 	isb	sy
	SCB_CCR |= (SCB_CCR_IC | SCB_CCR_DC);
60001742:	f8d3 2d14 	ldr.w	r2, [r3, #3348]	@ 0xd14
60001746:	f442 3240 	orr.w	r2, r2, #196608	@ 0x30000
6000174a:	f8c3 2d14 	str.w	r2, [r3, #3348]	@ 0xd14
}
6000174e:	4770      	bx	lr
60001750:	1000003f 	.word	0x1000003f
60001754:	07080025 	.word	0x07080025
60001758:	00100009 	.word	0x00100009
6000175c:	200026e0 	.word	0x200026e0
60001760:	07020021 	.word	0x07020021
60001764:	13080025 	.word	0x13080025
60001768:	20200016 	.word	0x20200016
6000176c:	130b0027 	.word	0x130b0027
60001770:	60000018 	.word	0x60000018
60001774:	070b002f 	.word	0x070b002f
60001778:	8000001a 	.word	0x8000001a
6000177c:	00200013 	.word	0x00200013
60001780:	20000014 	.word	0x20000014
60001784:	10000009 	.word	0x10000009
60001788:	40000017 	.word	0x40000017
6000178c:	70000019 	.word	0x70000019

60001790 <usb_pll_start>:
{
60001790:	b510      	push	{r4, lr}
		uint32_t n = CCM_ANALOG_PLL_USB1; // pg 759
60001792:	4a17      	ldr	r2, [pc, #92]	@ (600017f0 <usb_pll_start+0x60>)
			CCM_ANALOG_PLL_USB1_SET = CCM_ANALOG_PLL_USB1_POWER;
60001794:	f44f 5480 	mov.w	r4, #4096	@ 0x1000
			CCM_ANALOG_PLL_USB1_SET = CCM_ANALOG_PLL_USB1_ENABLE;
60001798:	f44f 5e00 	mov.w	lr, #8192	@ 0x2000
			CCM_ANALOG_PLL_USB1_CLR = 0xC000;			// bypass 24 MHz
6000179c:	f44f 4c40 	mov.w	ip, #49152	@ 0xc000
			CCM_ANALOG_PLL_USB1_SET = CCM_ANALOG_PLL_USB1_BYPASS;	// bypass
600017a0:	f44f 3080 	mov.w	r0, #65536	@ 0x10000
			CCM_ANALOG_PLL_USB1_CLR = CCM_ANALOG_PLL_USB1_POWER |	// power down
600017a4:	f243 0142 	movw	r1, #12354	@ 0x3042
		uint32_t n = CCM_ANALOG_PLL_USB1; // pg 759
600017a8:	6913      	ldr	r3, [r2, #16]
		if (n & CCM_ANALOG_PLL_USB1_DIV_SELECT) {
600017aa:	f013 0f02 	tst.w	r3, #2
600017ae:	d10d      	bne.n	600017cc <usb_pll_start+0x3c>
		if (!(n & CCM_ANALOG_PLL_USB1_ENABLE)) {
600017b0:	f413 5f00 	tst.w	r3, #8192	@ 0x2000
600017b4:	d00f      	beq.n	600017d6 <usb_pll_start+0x46>
		if (!(n & CCM_ANALOG_PLL_USB1_POWER)) {
600017b6:	f413 5f80 	tst.w	r3, #4096	@ 0x1000
600017ba:	d00f      	beq.n	600017dc <usb_pll_start+0x4c>
		if (!(n & CCM_ANALOG_PLL_USB1_LOCK)) {
600017bc:	2b00      	cmp	r3, #0
600017be:	daf3      	bge.n	600017a8 <usb_pll_start+0x18>
		if (n & CCM_ANALOG_PLL_USB1_BYPASS) {
600017c0:	f413 3f80 	tst.w	r3, #65536	@ 0x10000
600017c4:	d10c      	bne.n	600017e0 <usb_pll_start+0x50>
		if (!(n & CCM_ANALOG_PLL_USB1_EN_USB_CLKS)) {
600017c6:	065b      	lsls	r3, r3, #25
600017c8:	d50e      	bpl.n	600017e8 <usb_pll_start+0x58>
}
600017ca:	bd10      	pop	{r4, pc}
			CCM_ANALOG_PLL_USB1_CLR = 0xC000;			// bypass 24 MHz
600017cc:	f8c2 c018 	str.w	ip, [r2, #24]
			CCM_ANALOG_PLL_USB1_SET = CCM_ANALOG_PLL_USB1_BYPASS;	// bypass
600017d0:	6150      	str	r0, [r2, #20]
			CCM_ANALOG_PLL_USB1_CLR = CCM_ANALOG_PLL_USB1_POWER |	// power down
600017d2:	6191      	str	r1, [r2, #24]
			continue;
600017d4:	e7e8      	b.n	600017a8 <usb_pll_start+0x18>
			CCM_ANALOG_PLL_USB1_SET = CCM_ANALOG_PLL_USB1_ENABLE;
600017d6:	f8c2 e014 	str.w	lr, [r2, #20]
			continue;
600017da:	e7e5      	b.n	600017a8 <usb_pll_start+0x18>
			CCM_ANALOG_PLL_USB1_SET = CCM_ANALOG_PLL_USB1_POWER;
600017dc:	6154      	str	r4, [r2, #20]
			continue;
600017de:	e7e3      	b.n	600017a8 <usb_pll_start+0x18>
			CCM_ANALOG_PLL_USB1_CLR = CCM_ANALOG_PLL_USB1_BYPASS;
600017e0:	f44f 3380 	mov.w	r3, #65536	@ 0x10000
600017e4:	6193      	str	r3, [r2, #24]
			continue;
600017e6:	e7df      	b.n	600017a8 <usb_pll_start+0x18>
			CCM_ANALOG_PLL_USB1_SET = CCM_ANALOG_PLL_USB1_EN_USB_CLKS;
600017e8:	2340      	movs	r3, #64	@ 0x40
600017ea:	6153      	str	r3, [r2, #20]
			continue;
600017ec:	e7dc      	b.n	600017a8 <usb_pll_start+0x18>
600017ee:	bf00      	nop
600017f0:	400d8000 	.word	0x400d8000

600017f4 <tempmon_init>:
  uint32_t calibrationData;
  uint32_t roomCount;
  uint32_t tempCodeVal;
      
  //first power on the temperature sensor - no register change
  TEMPMON_TEMPSENSE0 &= ~0x1U;
600017f4:	4a41      	ldr	r2, [pc, #260]	@ (600018fc <tempmon_init+0x108>)

  //set monitoring frequency - no register change
  TEMPMON_TEMPSENSE1 = (((uint32_t)(((uint32_t)(frequency)) << 0U)) & 0xFFFFU);
600017f6:	2003      	movs	r0, #3
  
  //read calibration data - this works
  calibrationData = HW_OCOTP_ANA1;
600017f8:	4941      	ldr	r1, [pc, #260]	@ (60001900 <tempmon_init+0x10c>)
    s_hotTemp = (uint32_t)(calibrationData & 0xFFU) >> 0x00U;
    s_hotCount = (uint32_t)(calibrationData & 0xFFF00U) >> 0X08U;
    roomCount = (uint32_t)(calibrationData & 0xFFF00000U) >> 0x14U;
    s_hot_ROOM = (float) (s_hotTemp) - 25.0f;
600017fa:	eef3 5a09 	vmov.f32	s11, #57	@ 0x41c80000  25.0
  TEMPMON_TEMPSENSE0 &= ~0x1U;
600017fe:	f8d2 3080 	ldr.w	r3, [r2, #128]	@ 0x80
    s_roomC_hotC = (float) roomCount - (float) s_hotCount;

    //time to set alarm temperatures
  //Set High Alarm Temp
  tempCodeVal = ((float)s_hotCount + ((float)s_hotTemp - highAlarmTemp) * s_roomC_hotC / s_hot_ROOM);
60001802:	ed9f 6a40 	vldr	s12, [pc, #256]	@ 60001904 <tempmon_init+0x110>
  TEMPMON_TEMPSENSE0 &= ~0x1U;
60001806:	f023 0301 	bic.w	r3, r3, #1
    TEMPMON_TEMPSENSE0 |= (((uint32_t)(((uint32_t)(tempCodeVal)) << 20U)) & 0xFFF00000U);
  
  //Set Panic Alarm Temp
  tempCodeVal = ((float)s_hotCount + ((float)s_hotTemp - panicAlarmTemp) * s_roomC_hotC / s_hot_ROOM);
6000180a:	ed9f 5a3f 	vldr	s10, [pc, #252]	@ 60001908 <tempmon_init+0x114>
    s_hotCount = (uint32_t)(calibrationData & 0xFFF00U) >> 0X08U;
6000180e:	f8df c114 	ldr.w	ip, [pc, #276]	@ 60001924 <tempmon_init+0x130>
{
60001812:	b500      	push	{lr}
  TEMPMON_TEMPSENSE0 &= ~0x1U;
60001814:	f8c2 3080 	str.w	r3, [r2, #128]	@ 0x80
  TEMPMON_TEMPSENSE1 = (((uint32_t)(((uint32_t)(frequency)) << 0U)) & 0xFFFFU);
60001818:	f8c2 0090 	str.w	r0, [r2, #144]	@ 0x90
  calibrationData = HW_OCOTP_ANA1;
6000181c:	f8d1 10e0 	ldr.w	r1, [r1, #224]	@ 0xe0
    s_hotTemp = (uint32_t)(calibrationData & 0xFFU) >> 0x00U;
60001820:	f8df e104 	ldr.w	lr, [pc, #260]	@ 60001928 <tempmon_init+0x134>
60001824:	b2cb      	uxtb	r3, r1
    s_hot_ROOM = (float) (s_hotTemp) - 25.0f;
60001826:	4839      	ldr	r0, [pc, #228]	@ (6000190c <tempmon_init+0x118>)
    s_hotTemp = (uint32_t)(calibrationData & 0xFFU) >> 0x00U;
60001828:	f8ce 3000 	str.w	r3, [lr]
    s_hot_ROOM = (float) (s_hotTemp) - 25.0f;
6000182c:	ee07 3a90 	vmov	s15, r3
    roomCount = (uint32_t)(calibrationData & 0xFFF00000U) >> 0x14U;
60001830:	0d0b      	lsrs	r3, r1, #20
    s_hotCount = (uint32_t)(calibrationData & 0xFFF00U) >> 0X08U;
60001832:	f3c1 210b 	ubfx	r1, r1, #8, #12
    s_hot_ROOM = (float) (s_hotTemp) - 25.0f;
60001836:	eef8 7ae7 	vcvt.f32.s32	s15, s15
    roomCount = (uint32_t)(calibrationData & 0xFFF00000U) >> 0x14U;
6000183a:	ee06 3a90 	vmov	s13, r3
    s_roomC_hotC = (float) roomCount - (float) s_hotCount;
6000183e:	ee07 1a10 	vmov	s14, r1
60001842:	4b33      	ldr	r3, [pc, #204]	@ (60001910 <tempmon_init+0x11c>)
60001844:	eeb8 7ac7 	vcvt.f32.s32	s14, s14
    s_hotCount = (uint32_t)(calibrationData & 0xFFF00U) >> 0X08U;
60001848:	f8cc 1000 	str.w	r1, [ip]
    s_roomC_hotC = (float) roomCount - (float) s_hotCount;
6000184c:	eef8 6ae6 	vcvt.f32.s32	s13, s13
    TEMPMON_TEMPSENSE2 |= (((uint32_t)(((uint32_t)(tempCodeVal)) << 16U)) & 0xFFF0000U);
60001850:	4930      	ldr	r1, [pc, #192]	@ (60001914 <tempmon_init+0x120>)
  tempCodeVal = ((float)s_hotCount + ((float)s_hotTemp - highAlarmTemp) * s_roomC_hotC / s_hot_ROOM);
60001852:	ee37 6ac6 	vsub.f32	s12, s15, s12
  tempCodeVal = ((float)s_hotCount + ((float)s_hotTemp - panicAlarmTemp) * s_roomC_hotC / s_hot_ROOM);
60001856:	ee37 5ac5 	vsub.f32	s10, s15, s10
    s_roomC_hotC = (float) roomCount - (float) s_hotCount;
6000185a:	ee76 6ac7 	vsub.f32	s13, s13, s14
    s_hot_ROOM = (float) (s_hotTemp) - 25.0f;
6000185e:	ee77 7ae5 	vsub.f32	s15, s15, s11
  tempCodeVal = ((float)s_hotCount + ((float)s_hotTemp - highAlarmTemp) * s_roomC_hotC / s_hot_ROOM);
60001862:	ee26 6a26 	vmul.f32	s12, s12, s13
    s_roomC_hotC = (float) roomCount - (float) s_hotCount;
60001866:	edc3 6a00 	vstr	s13, [r3]
  tempCodeVal = ((float)s_hotCount + ((float)s_hotTemp - panicAlarmTemp) * s_roomC_hotC / s_hot_ROOM);
6000186a:	ee25 5a26 	vmul.f32	s10, s10, s13
    TEMPMON_TEMPSENSE0 |= (((uint32_t)(((uint32_t)(tempCodeVal)) << 20U)) & 0xFFF00000U);
6000186e:	f8d2 3080 	ldr.w	r3, [r2, #128]	@ 0x80
  
  // Set Low Temp Alarm Temp
  tempCodeVal = ((float)s_hotCount + ((float)s_hotTemp - lowAlarmTemp) * s_roomC_hotC / s_hot_ROOM);
60001872:	ee67 4aa6 	vmul.f32	s9, s15, s13
    s_hot_ROOM = (float) (s_hotTemp) - 25.0f;
60001876:	edc0 7a00 	vstr	s15, [r0]
  tempCodeVal = ((float)s_hotCount + ((float)s_hotTemp - highAlarmTemp) * s_roomC_hotC / s_hot_ROOM);
6000187a:	eec6 5a27 	vdiv.f32	s11, s12, s15
  
  //Start temp monitoring
  TEMPMON_TEMPSENSE0 |= 0x2U;   //starts temp monitoring

  //PANIC shutdown:
  NVIC_SET_PRIORITY(IRQ_TEMPERATURE_PANIC, 0);
6000187e:	4826      	ldr	r0, [pc, #152]	@ (60001918 <tempmon_init+0x124>)
  tempCodeVal = ((float)s_hotCount + ((float)s_hotTemp - panicAlarmTemp) * s_roomC_hotC / s_hot_ROOM);
60001880:	ee85 6a27 	vdiv.f32	s12, s10, s15
  tempCodeVal = ((float)s_hotCount + ((float)s_hotTemp - lowAlarmTemp) * s_roomC_hotC / s_hot_ROOM);
60001884:	eec4 6aa7 	vdiv.f32	s13, s9, s15
  tempCodeVal = ((float)s_hotCount + ((float)s_hotTemp - highAlarmTemp) * s_roomC_hotC / s_hot_ROOM);
60001888:	ee75 5a87 	vadd.f32	s11, s11, s14
6000188c:	eefc 5ae5 	vcvt.u32.f32	s11, s11
  tempCodeVal = ((float)s_hotCount + ((float)s_hotTemp - panicAlarmTemp) * s_roomC_hotC / s_hot_ROOM);
60001890:	ee36 6a07 	vadd.f32	s12, s12, s14
    TEMPMON_TEMPSENSE0 |= (((uint32_t)(((uint32_t)(tempCodeVal)) << 20U)) & 0xFFF00000U);
60001894:	ee15 ca90 	vmov	ip, s11
  tempCodeVal = ((float)s_hotCount + ((float)s_hotTemp - panicAlarmTemp) * s_roomC_hotC / s_hot_ROOM);
60001898:	eebc 6ac6 	vcvt.u32.f32	s12, s12
    TEMPMON_TEMPSENSE0 |= (((uint32_t)(((uint32_t)(tempCodeVal)) << 20U)) & 0xFFF00000U);
6000189c:	ea43 530c 	orr.w	r3, r3, ip, lsl #20
  tempCodeVal = ((float)s_hotCount + ((float)s_hotTemp - lowAlarmTemp) * s_roomC_hotC / s_hot_ROOM);
600018a0:	ee76 7a87 	vadd.f32	s15, s13, s14
    TEMPMON_TEMPSENSE0 |= (((uint32_t)(((uint32_t)(tempCodeVal)) << 20U)) & 0xFFF00000U);
600018a4:	f8c2 3080 	str.w	r3, [r2, #128]	@ 0x80
    TEMPMON_TEMPSENSE2 |= (((uint32_t)(((uint32_t)(tempCodeVal)) << 16U)) & 0xFFF0000U);
600018a8:	ee16 3a10 	vmov	r3, s12
600018ac:	f8d2 c190 	ldr.w	ip, [r2, #400]	@ 0x190
  tempCodeVal = ((float)s_hotCount + ((float)s_hotTemp - lowAlarmTemp) * s_roomC_hotC / s_hot_ROOM);
600018b0:	eefc 7ae7 	vcvt.u32.f32	s15, s15
    TEMPMON_TEMPSENSE2 |= (((uint32_t)(((uint32_t)(tempCodeVal)) << 16U)) & 0xFFF0000U);
600018b4:	ea01 4103 	and.w	r1, r1, r3, lsl #16
600018b8:	ea41 010c 	orr.w	r1, r1, ip
  NVIC_SET_PRIORITY(IRQ_TEMPERATURE_PANIC, 0);
600018bc:	f04f 0c00 	mov.w	ip, #0
  tempCodeVal = ((float)s_hotCount + ((float)s_hotTemp - lowAlarmTemp) * s_roomC_hotC / s_hot_ROOM);
600018c0:	ee17 3a90 	vmov	r3, s15
    TEMPMON_TEMPSENSE2 |= (((uint32_t)(((uint32_t)(tempCodeVal)) << 16U)) & 0xFFF0000U);
600018c4:	f8c2 1190 	str.w	r1, [r2, #400]	@ 0x190
    TEMPMON_TEMPSENSE2 |= (((uint32_t)(((uint32_t)(tempCodeVal)) << 0U)) & 0xFFFU);
600018c8:	f3c3 030b 	ubfx	r3, r3, #0, #12
600018cc:	f8d2 1190 	ldr.w	r1, [r2, #400]	@ 0x190
600018d0:	430b      	orrs	r3, r1
static inline void attachInterruptVector(IRQ_NUMBER_t irq, void (*function)(void)) __attribute__((always_inline, unused));
static inline void attachInterruptVector(IRQ_NUMBER_t irq, void (*function)(void)) { _VectorsRam[irq + 16] = function; asm volatile("": : :"memory"); }
#else
extern void (* volatile _VectorsRam[NVIC_NUM_INTERRUPTS+16])(void);
static inline void attachInterruptVector(enum IRQ_NUMBER_t irq, void (*function)(void)) __attribute__((always_inline, unused));
static inline void attachInterruptVector(enum IRQ_NUMBER_t irq, void (*function)(void)) { _VectorsRam[irq + 16] = function; asm volatile("": : :"memory"); }
600018d2:	4912      	ldr	r1, [pc, #72]	@ (6000191c <tempmon_init+0x128>)
600018d4:	f8c2 3190 	str.w	r3, [r2, #400]	@ 0x190
  TEMPMON_TEMPSENSE0 |= 0x2U;   //starts temp monitoring
600018d8:	f8d2 3080 	ldr.w	r3, [r2, #128]	@ 0x80
600018dc:	f043 0302 	orr.w	r3, r3, #2
600018e0:	f8c2 3080 	str.w	r3, [r2, #128]	@ 0x80
600018e4:	4b0e      	ldr	r3, [pc, #56]	@ (60001920 <tempmon_init+0x12c>)
  NVIC_SET_PRIORITY(IRQ_TEMPERATURE_PANIC, 0);
600018e6:	f880 c040 	strb.w	ip, [r0, #64]	@ 0x40
600018ea:	f8c1 3140 	str.w	r3, [r1, #320]	@ 0x140
  attachInterruptVector(IRQ_TEMPERATURE_PANIC, &Panic_Temp_isr);
  NVIC_ENABLE_IRQ(IRQ_TEMPERATURE_PANIC);
600018ee:	f04f 23e0 	mov.w	r3, #3758153728	@ 0xe000e000
600018f2:	2201      	movs	r2, #1
600018f4:	f8c3 2108 	str.w	r2, [r3, #264]	@ 0x108
}
600018f8:	bd00      	pop	{pc}
600018fa:	bf00      	nop
600018fc:	400d8100 	.word	0x400d8100
60001900:	401f4400 	.word	0x401f4400
60001904:	42aa0000 	.word	0x42aa0000
60001908:	42b40000 	.word	0x42b40000
6000190c:	200025e8 	.word	0x200025e8
60001910:	200025ec 	.word	0x200025ec
60001914:	0fff0000 	.word	0x0fff0000
60001918:	e000e400 	.word	0xe000e400
6000191c:	20001000 	.word	0x20001000
60001920:	000034f9 	.word	0x000034f9
60001924:	200025e0 	.word	0x200025e0
60001928:	200025e4 	.word	0x200025e4

6000192c <usb_init>:
FLASHMEM void usb_init(void)
{
	// TODO: only enable when VBUS detected
	// TODO: return to low power mode when VBUS removed
	// TODO: protect PMU access with MPU
	PMU_REG_3P0 = PMU_REG_3P0_OUTPUT_TRG(0x0F) | PMU_REG_3P0_BO_OFFSET(6)
6000192c:	4b31      	ldr	r3, [pc, #196]	@ (600019f4 <usb_init+0xc8>)
6000192e:	f640 7261 	movw	r2, #3937	@ 0xf61
{
60001932:	b510      	push	{r4, lr}
	PMU_REG_3P0 = PMU_REG_3P0_OUTPUT_TRG(0x0F) | PMU_REG_3P0_BO_OFFSET(6)
60001934:	f8c3 2120 	str.w	r2, [r3, #288]	@ 0x120

	CCM_CCGR6 |= CCM_CCGR6_USBOH3(CCM_CCGR_ON); // turn on clocks to USB peripheral
	
	printf("BURSTSIZE=%08lX\n", USB1_BURSTSIZE);
	//USB1_BURSTSIZE = USB_BURSTSIZE_TXPBURST(4) | USB_BURSTSIZE_RXPBURST(4);
	USB1_BURSTSIZE = 0x0404;
60001938:	f240 4404 	movw	r4, #1028	@ 0x404
	usb_init_serialnumber();
6000193c:	f000 f8a0 	bl	60001a80 <__usb_init_serialnumber_veneer>
	CCM_CCGR6 |= CCM_CCGR6_USBOH3(CCM_CCGR_ON); // turn on clocks to USB peripheral
60001940:	4a2d      	ldr	r2, [pc, #180]	@ (600019f8 <usb_init+0xcc>)
	USB1_BURSTSIZE = 0x0404;
60001942:	492e      	ldr	r1, [pc, #184]	@ (600019fc <usb_init+0xd0>)
	CCM_CCGR6 |= CCM_CCGR6_USBOH3(CCM_CCGR_ON); // turn on clocks to USB peripheral
60001944:	f8d2 3080 	ldr.w	r3, [r2, #128]	@ 0x80
	//printf("USB1_USBMODE=%08lX\n", USB1_USBMODE);

	// turn on PLL3, wait for 480 MHz lock?
	// turn on CCM clock gates?  CCGR6[CG0]
#if 1
	if ((USBPHY1_PWD & (USBPHY_PWD_RXPWDRX | USBPHY_PWD_RXPWDDIFF | USBPHY_PWD_RXPWD1PT1
60001948:	482d      	ldr	r0, [pc, #180]	@ (60001a00 <usb_init+0xd4>)
	CCM_CCGR6 |= CCM_CCGR6_USBOH3(CCM_CCGR_ON); // turn on clocks to USB peripheral
6000194a:	f043 0303 	orr.w	r3, r3, #3
6000194e:	f8c2 3080 	str.w	r3, [r2, #128]	@ 0x80
	if ((USBPHY1_PWD & (USBPHY_PWD_RXPWDRX | USBPHY_PWD_RXPWDDIFF | USBPHY_PWD_RXPWD1PT1
60001952:	4b2c      	ldr	r3, [pc, #176]	@ (60001a04 <usb_init+0xd8>)
	USB1_BURSTSIZE = 0x0404;
60001954:	f8c1 4160 	str.w	r4, [r1, #352]	@ 0x160
	if ((USBPHY1_PWD & (USBPHY_PWD_RXPWDRX | USBPHY_PWD_RXPWDDIFF | USBPHY_PWD_RXPWD1PT1
60001958:	6802      	ldr	r2, [r0, #0]
6000195a:	421a      	tst	r2, r3
6000195c:	d103      	bne.n	60001966 <usb_init+0x3a>
	  | USBPHY_PWD_RXPWDENV | USBPHY_PWD_TXPWDV2I | USBPHY_PWD_TXPWDIBIAS
	  | USBPHY_PWD_TXPWDFS)) || (USB1_USBMODE & USB_USBMODE_CM_MASK)) {
6000195e:	f8d1 31a8 	ldr.w	r3, [r1, #424]	@ 0x1a8
60001962:	079a      	lsls	r2, r3, #30
60001964:	d01b      	beq.n	6000199e <usb_init+0x72>
		// USB controller is turned on from previous use
		// reset needed to turn it off & start from clean slate
		USBPHY1_CTRL_SET = USBPHY_CTRL_SFTRST; // USBPHY1_CTRL page 3292
		USB1_USBCMD |= USB_USBCMD_RST; // reset controller
60001966:	4a25      	ldr	r2, [pc, #148]	@ (600019fc <usb_init+0xd0>)
		USBPHY1_CTRL_SET = USBPHY_CTRL_SFTRST; // USBPHY1_CTRL page 3292
60001968:	f04f 4100 	mov.w	r1, #2147483648	@ 0x80000000
6000196c:	4b24      	ldr	r3, [pc, #144]	@ (60001a00 <usb_init+0xd4>)
6000196e:	6359      	str	r1, [r3, #52]	@ 0x34
		USB1_USBCMD |= USB_USBCMD_RST; // reset controller
60001970:	f8d2 3140 	ldr.w	r3, [r2, #320]	@ 0x140
60001974:	f043 0302 	orr.w	r3, r3, #2
60001978:	f8c2 3140 	str.w	r3, [r2, #320]	@ 0x140
		int count=0;
		while (USB1_USBCMD & USB_USBCMD_RST) count++;
6000197c:	f8d2 3140 	ldr.w	r3, [r2, #320]	@ 0x140
60001980:	079b      	lsls	r3, r3, #30
60001982:	d4fb      	bmi.n	6000197c <usb_init+0x50>
		NVIC_CLEAR_PENDING(IRQ_USB1);
60001984:	f44f 3000 	mov.w	r0, #131072	@ 0x20000
60001988:	f04f 21e0 	mov.w	r1, #3758153728	@ 0xe000e000
		USBPHY1_CTRL_CLR = USBPHY_CTRL_SFTRST; // reset PHY
6000198c:	4b1c      	ldr	r3, [pc, #112]	@ (60001a00 <usb_init+0xd4>)
6000198e:	f04f 4200 	mov.w	r2, #2147483648	@ 0x80000000
		NVIC_CLEAR_PENDING(IRQ_USB1);
60001992:	f8c1 028c 	str.w	r0, [r1, #652]	@ 0x28c
		//printf("USBPHY1_PWD=%08lX\n", USBPHY1_PWD);
		//printf("USBPHY1_TX=%08lX\n", USBPHY1_TX);
		//printf("USBPHY1_RX=%08lX\n", USBPHY1_RX);
		//printf("USBPHY1_CTRL=%08lX\n", USBPHY1_CTRL);
		//printf("USB1_USBMODE=%08lX\n", USB1_USBMODE);
		delay(25);
60001996:	2019      	movs	r0, #25
		USBPHY1_CTRL_CLR = USBPHY_CTRL_SFTRST; // reset PHY
60001998:	639a      	str	r2, [r3, #56]	@ 0x38
		delay(25);
6000199a:	f000 f875 	bl	60001a88 <__delay_veneer>
	// ENDPTFLUSH	pg 3247
	// ENDPTSTAT	pg 3247
	// ENDPTCOMPLETE   3248
	// ENDPTCTRL0	pg 3249

	USBPHY1_CTRL_CLR = USBPHY_CTRL_CLKGATE;
6000199e:	4b18      	ldr	r3, [pc, #96]	@ (60001a00 <usb_init+0xd4>)
	USBPHY1_PWD = 0;
600019a0:	2100      	movs	r1, #0
	//printf("USBPHY1_PWD=%08lX\n", USBPHY1_PWD);
	//printf("USBPHY1_CTRL=%08lX\n", USBPHY1_CTRL);

	USB1_USBMODE = USB_USBMODE_CM(2) | USB_USBMODE_SLOM;
600019a2:	4c16      	ldr	r4, [pc, #88]	@ (600019fc <usb_init+0xd0>)
	USBPHY1_CTRL_CLR = USBPHY_CTRL_CLKGATE;
600019a4:	f04f 4280 	mov.w	r2, #1073741824	@ 0x40000000
	USB1_USBMODE = USB_USBMODE_CM(2) | USB_USBMODE_SLOM;
600019a8:	200a      	movs	r0, #10
	USBPHY1_CTRL_CLR = USBPHY_CTRL_CLKGATE;
600019aa:	639a      	str	r2, [r3, #56]	@ 0x38
	memset(endpoint_queue_head, 0, sizeof(endpoint_queue_head));
600019ac:	f44f 6280 	mov.w	r2, #1024	@ 0x400
	USBPHY1_PWD = 0;
600019b0:	6019      	str	r1, [r3, #0]
	USB1_USBMODE = USB_USBMODE_CM(2) | USB_USBMODE_SLOM;
600019b2:	f8c4 01a8 	str.w	r0, [r4, #424]	@ 0x1a8
	memset(endpoint_queue_head, 0, sizeof(endpoint_queue_head));
600019b6:	4814      	ldr	r0, [pc, #80]	@ (60001a08 <usb_init+0xdc>)
600019b8:	f000 f86a 	bl	60001a90 <__memset_veneer>
	endpoint_queue_head[0].config = (64 << 16) | (1 << 15);
	endpoint_queue_head[1].config = (64 << 16);
600019bc:	f44f 0280 	mov.w	r2, #4194304	@ 0x400000
	memset(endpoint_queue_head, 0, sizeof(endpoint_queue_head));
600019c0:	4603      	mov	r3, r0
	endpoint_queue_head[0].config = (64 << 16) | (1 << 15);
600019c2:	f44f 0081 	mov.w	r0, #4227072	@ 0x408000
	USB1_ENDPOINTLISTADDR = (uint32_t)&endpoint_queue_head;
	//  Recommended: enable all device interrupts including: USBINT, USBERRINT,
	// Port Change Detect, USB Reset Received, DCSuspend.
	USB1_USBINTR = USB_USBINTR_UE | USB_USBINTR_UEE | /* USB_USBINTR_PCE | */
600019c6:	f240 1143 	movw	r1, #323	@ 0x143
	endpoint_queue_head[0].config = (64 << 16) | (1 << 15);
600019ca:	6018      	str	r0, [r3, #0]
	USB1_ENDPOINTLISTADDR = (uint32_t)&endpoint_queue_head;
600019cc:	f8c4 3158 	str.w	r3, [r4, #344]	@ 0x158
	endpoint_queue_head[1].config = (64 << 16);
600019d0:	641a      	str	r2, [r3, #64]	@ 0x40
600019d2:	4b0e      	ldr	r3, [pc, #56]	@ (60001a0c <usb_init+0xe0>)
600019d4:	4a0e      	ldr	r2, [pc, #56]	@ (60001a10 <usb_init+0xe4>)
	USB1_USBINTR = USB_USBINTR_UE | USB_USBINTR_UEE | /* USB_USBINTR_PCE | */
600019d6:	f8c4 1148 	str.w	r1, [r4, #328]	@ 0x148
600019da:	f8c3 2204 	str.w	r2, [r3, #516]	@ 0x204
		USB_USBINTR_URE | USB_USBINTR_SLE;
	//_VectorsRam[IRQ_USB1+16] = &usb_isr;
	attachInterruptVector(IRQ_USB1, &usb_isr);
	NVIC_ENABLE_IRQ(IRQ_USB1);
600019de:	f04f 22e0 	mov.w	r2, #3758153728	@ 0xe000e000
600019e2:	f44f 3100 	mov.w	r1, #131072	@ 0x20000
	//printf("USB1_ENDPTCTRL0=%08lX\n", USB1_ENDPTCTRL0);
	//printf("USB1_ENDPTCTRL1=%08lX\n", USB1_ENDPTCTRL1);
	//printf("USB1_ENDPTCTRL2=%08lX\n", USB1_ENDPTCTRL2);
	//printf("USB1_ENDPTCTRL3=%08lX\n", USB1_ENDPTCTRL3);
	USB1_USBCMD = USB_USBCMD_RS;
600019e6:	2301      	movs	r3, #1
	NVIC_ENABLE_IRQ(IRQ_USB1);
600019e8:	f8c2 110c 	str.w	r1, [r2, #268]	@ 0x10c
	USB1_USBCMD = USB_USBCMD_RS;
600019ec:	f8c4 3140 	str.w	r3, [r4, #320]	@ 0x140
	//transfer_log_head = 0;
	//transfer_log_count = 0;
	//USB1_PORTSC1 |= USB_PORTSC1_PFSC; // force 12 Mbit/sec
}
600019f0:	bd10      	pop	{r4, pc}
600019f2:	bf00      	nop
600019f4:	400d8000 	.word	0x400d8000
600019f8:	400fc000 	.word	0x400fc000
600019fc:	402e0000 	.word	0x402e0000
60001a00:	400d9000 	.word	0x400d9000
60001a04:	001e1c00 	.word	0x001e1c00
60001a08:	20000000 	.word	0x20000000
60001a0c:	20001000 	.word	0x20001000
60001a10:	000037b5 	.word	0x000037b5

60001a14 <_reboot_Teensyduino_>:


FLASHMEM __attribute__((noinline)) void _reboot_Teensyduino_(void)
{
60001a14:	b508      	push	{r3, lr}
	if (!(HW_OCOTP_CFG5 & 0x02)) {
60001a16:	4b0e      	ldr	r3, [pc, #56]	@ (60001a50 <_reboot_Teensyduino_+0x3c>)
60001a18:	6e1b      	ldr	r3, [r3, #96]	@ 0x60
60001a1a:	079b      	lsls	r3, r3, #30
60001a1c:	d400      	bmi.n	60001a20 <_reboot_Teensyduino_+0xc>
		asm("bkpt #251"); // run bootloader
60001a1e:	befb      	bkpt	0x00fb
	} else {
		__disable_irq(); // secure mode NXP ROM reboot
60001a20:	b672      	cpsid	i
		USB1_USBCMD = 0;
60001a22:	4b0c      	ldr	r3, [pc, #48]	@ (60001a54 <_reboot_Teensyduino_+0x40>)
60001a24:	2000      	movs	r0, #0
		IOMUXC_GPR_GPR16 = 0x00200003;
60001a26:	4a0c      	ldr	r2, [pc, #48]	@ (60001a58 <_reboot_Teensyduino_+0x44>)
		USB1_USBCMD = 0;
60001a28:	f8c3 0140 	str.w	r0, [r3, #320]	@ 0x140
		// TODO: wipe all RAM for security
		__asm__ volatile("mov sp, %0" : : "r" (0x20201000) : );
60001a2c:	f103 4360 	add.w	r3, r3, #3758096384	@ 0xe0000000
		IOMUXC_GPR_GPR16 = 0x00200003;
60001a30:	490a      	ldr	r1, [pc, #40]	@ (60001a5c <_reboot_Teensyduino_+0x48>)
		__asm__ volatile("mov sp, %0" : : "r" (0x20201000) : );
60001a32:	f5a3 235f 	sub.w	r3, r3, #913408	@ 0xdf000
		IOMUXC_GPR_GPR16 = 0x00200003;
60001a36:	6411      	str	r1, [r2, #64]	@ 0x40
		__asm__ volatile("mov sp, %0" : : "r" (0x20201000) : );
60001a38:	469d      	mov	sp, r3
		__asm__ volatile("dsb":::"memory");
60001a3a:	f3bf 8f4f 	dsb	sy
		volatile uint32_t * const p = (uint32_t *)0x20208000;
		*p = 0xEB120000;
		((void (*)(volatile void *))(*(uint32_t *)(*(uint32_t *)0x0020001C + 8)))(p);
60001a3e:	f44f 1300 	mov.w	r3, #2097152	@ 0x200000
		*p = 0xEB120000;
60001a42:	4a07      	ldr	r2, [pc, #28]	@ (60001a60 <_reboot_Teensyduino_+0x4c>)
		((void (*)(volatile void *))(*(uint32_t *)(*(uint32_t *)0x0020001C + 8)))(p);
60001a44:	4807      	ldr	r0, [pc, #28]	@ (60001a64 <_reboot_Teensyduino_+0x50>)
60001a46:	69db      	ldr	r3, [r3, #28]
		*p = 0xEB120000;
60001a48:	6002      	str	r2, [r0, #0]
		((void (*)(volatile void *))(*(uint32_t *)(*(uint32_t *)0x0020001C + 8)))(p);
60001a4a:	689b      	ldr	r3, [r3, #8]
60001a4c:	4798      	blx	r3
	}
	__builtin_unreachable();
60001a4e:	bf00      	nop
60001a50:	401f4400 	.word	0x401f4400
60001a54:	402e0000 	.word	0x402e0000
60001a58:	400ac000 	.word	0x400ac000
60001a5c:	00200003 	.word	0x00200003
60001a60:	eb120000 	.word	0xeb120000
60001a64:	20208000 	.word	0x20208000

60001a68 <_init>:
60001a68:	b5f8      	push	{r3, r4, r5, r6, r7, lr}
60001a6a:	bf00      	nop
60001a6c:	bcf8      	pop	{r3, r4, r5, r6, r7}
60001a6e:	bc08      	pop	{r3}
60001a70:	469e      	mov	lr, r3
60001a72:	4770      	bx	lr
60001a74:	0000      	movs	r0, r0
	...

60001a78 <__set_arm_clock_veneer>:
60001a78:	f85f f000 	ldr.w	pc, [pc]	@ 60001a7c <__set_arm_clock_veneer+0x4>
60001a7c:	00002921 	.word	0x00002921

60001a80 <__usb_init_serialnumber_veneer>:
60001a80:	f85f f000 	ldr.w	pc, [pc]	@ 60001a84 <__usb_init_serialnumber_veneer+0x4>
60001a84:	00003f11 	.word	0x00003f11

60001a88 <__delay_veneer>:
60001a88:	f85f f000 	ldr.w	pc, [pc]	@ 60001a8c <__delay_veneer+0x4>
60001a8c:	00002c35 	.word	0x00002c35

60001a90 <__memset_veneer>:
60001a90:	f85f f000 	ldr.w	pc, [pc]	@ 60001a94 <__memset_veneer+0x4>
60001a94:	00004d95 	.word	0x00004d95

60001a98 <__pwm_init_veneer>:
60001a98:	f85f f000 	ldr.w	pc, [pc]	@ 60001a9c <__pwm_init_veneer+0x4>
60001a9c:	000049c1 	.word	0x000049c1

60001aa0 <____libc_init_array_veneer>:
60001aa0:	f85f f000 	ldr.w	pc, [pc]	@ 60001aa4 <____libc_init_array_veneer+0x4>
60001aa4:	00004e29 	.word	0x00004e29

60001aa8 <__main_veneer>:
60001aa8:	f85f f000 	ldr.w	pc, [pc]	@ 60001aac <__main_veneer+0x4>
60001aac:	000031c5 	.word	0x000031c5

60001ab0 <__frame_dummy_init_array_entry>:
60001ab0:	00000045 00002235 000026bd              E...5"...&..

Disassembly of section .text.itcm:

00000000 <_stext>:
	...

00000020 <register_tm_clones>:
}

void LedZoneOff(uint8_t led_offset, uint8_t led_count) {
  uint8_t end = led_offset + led_count;
  if (end > NUM_LEDS) end = NUM_LEDS;
  for (uint8_t i = led_offset; i < end; ++i) {
      20:	4805      	ldr	r0, [pc, #20]	@ (38 <_teensy_model_identifier+0x14>)
      22:	4b06      	ldr	r3, [pc, #24]	@ (3c <_teensy_model_identifier+0x18>)
      24:	1a1b      	subs	r3, r3, r0
      26:	0fd9      	lsrs	r1, r3, #31
      28:	eb01 01a3 	add.w	r1, r1, r3, asr #2
      2c:	1049      	asrs	r1, r1, #1
      2e:	d002      	beq.n	36 <_teensy_model_identifier+0x12>
      30:	4b03      	ldr	r3, [pc, #12]	@ (40 <_teensy_model_identifier+0x1c>)
      32:	b103      	cbz	r3, 36 <_teensy_model_identifier+0x12>
      34:	4718      	bx	r3

    /// Allow assignment from 32-bit (really 24-bit) 0xRRGGBB color code
    /// @param colorcode a packed 24 bit color code
    FASTLED_FORCE_INLINE CRGB& operator= (const uint32_t colorcode)
    {
        r = (colorcode >> 16) & 0xFF;
      36:	4770      	bx	lr
      38:	200012c0 	.word	0x200012c0
      3c:	200012c0 	.word	0x200012c0
      40:	00000000 	.word	0x00000000

00000044 <frame_dummy>:
      44:	b508      	push	{r3, lr}
      46:	4b05      	ldr	r3, [pc, #20]	@ (5c <frame_dummy+0x18>)
      48:	b11b      	cbz	r3, 52 <frame_dummy+0xe>
      4a:	4905      	ldr	r1, [pc, #20]	@ (60 <frame_dummy+0x1c>)
      4c:	4805      	ldr	r0, [pc, #20]	@ (64 <frame_dummy+0x20>)
      4e:	f3af 8000 	nop.w
      52:	e8bd 4008 	ldmia.w	sp!, {r3, lr}
      56:	f7ff bfe3 	b.w	20 <register_tm_clones>
      5a:	bf00      	nop
      5c:	00000000 	.word	0x00000000
      60:	20002590 	.word	0x20002590
      64:	60008c00 	.word	0x60008c00

00000068 <CLEDController::size()>:
      68:	6940      	ldr	r0, [r0, #20]
      6a:	4770      	bx	lr

0000006c <CLEDController::beginShowLeds()>:
      6c:	7c80      	ldrb	r0, [r0, #18]
      6e:	4770      	bx	lr

00000070 <CLEDController::endShowLeds(void*)>:
      70:	7481      	strb	r1, [r0, #18]
      72:	4770      	bx	lr

00000074 <CLEDController::getMaxRefreshRate() const>:
      74:	2000      	movs	r0, #0
        g = (colorcode >>  8) & 0xFF;
        b = (colorcode >>  0) & 0xFF;
      76:	4770      	bx	lr

00000078 <CPixelLEDController<(EOrder)66, 1, 4294967295ul>::lanes()>:
      78:	2001      	movs	r0, #1
      7a:	4770      	bx	lr

0000007c <ClocklessController<6, 250, 625, 375, (EOrder)66, 0, false, 50>::getMaxRefreshRate() const>:
      7c:	f44f 70c8 	mov.w	r0, #400	@ 0x190
	/// Update all our controllers with the current led colors, using the passed in brightness
	/// @param scale the brightness value to use in place of the stored value
	void show(uint8_t scale);

	/// Update all our controllers with the current led colors
	void show() { show(m_Scale); }
      80:	4770      	bx	lr
    leds[i] = CRGB::Black;
  }
  FastLED.show();
}
      82:	bf00      	nop

00000084 <ClocklessController<6, 250, 625, 375, (EOrder)66, 0, false, 50>::init()>:
      84:	b510      	push	{r4, lr}
      86:	2101      	movs	r1, #1
      88:	4604      	mov	r4, r0
      8a:	2006      	movs	r0, #6
      8c:	f002 fe52 	bl	2d34 <pinMode>
      90:	f44f 6280 	mov.w	r2, #1024	@ 0x400
      94:	4b02      	ldr	r3, [pc, #8]	@ (a0 <ClocklessController<6, 250, 625, 375, (EOrder)66, 0, false, 50>::init()+0x1c>)
      96:	e9c4 2307 	strd	r2, r3, [r4, #28]

	inline static void setOutput() { pinMode(PIN, OUTPUT); } // TODO: perform MUX config { _PDDR::r() |= _MASK; }
	inline static void setInput() { pinMode(PIN, INPUT); } // TODO: preform MUX config { _PDDR::r() &= ~_MASK; }

	inline static void hi() __attribute__ ((always_inline)) { _GPIO_DR_SET::r() = _MASK; }
	inline static void lo() __attribute__ ((always_inline)) { _GPIO_DR_CLEAR::r() = _MASK; }
      9a:	f8c3 2088 	str.w	r2, [r3, #136]	@ 0x88
	virtual void init() {
		FastPin<DATA_PIN>::setOutput();
		mPinMask = FastPin<DATA_PIN>::mask();
		mPort = FastPin<DATA_PIN>::port();
    	FastPin<DATA_PIN>::lo();
	}
      9e:	bd10      	pop	{r4, pc}
      a0:	42004000 	.word	0x42004000

000000a4 <LoadSensorConfigFromEeprom() [clone .part.0]>:

// Loads sensor count, brightness, zones, colors, thresholds, gain,
// button groups, and release debounce from EEPROM. Returns true if valid
// saved config was found, false if this is a fresh/never-configured
// Teensy (caller should apply defaults).
bool LoadSensorConfigFromEeprom() {
      a4:	e92d 4ff0 	stmdb	sp!, {r4, r5, r6, r7, r8, r9, sl, fp, lr}

    EERef( const int index )
        : index( index )                 {}

    //Access/read members.
    uint8_t operator*() const            { return eeprom_read_byte( (uint8_t*) index ); }
      a8:	2001      	movs	r0, #1
      aa:	b087      	sub	sp, #28
      ac:	f002 fed8 	bl	2e60 <eeprom_read_byte>
  if (EEPROM.read(0) != kEepromMarker) return false;

  uint8_t savedCount = EEPROM.read(1);
  if (savedCount < 1 || savedCount > MAX_SENSORS) return false;
      b0:	1e43      	subs	r3, r0, #1
      b2:	b2db      	uxtb	r3, r3
      b4:	2b07      	cmp	r3, #7
      b6:	f200 809b 	bhi.w	1f0 <LoadSensorConfigFromEeprom() [clone .part.0]+0x14c>
  kNumSensors = savedCount;
      ba:	4604      	mov	r4, r0
      bc:	4b4e      	ldr	r3, [pc, #312]	@ (1f8 <LoadSensorConfigFromEeprom() [clone .part.0]+0x154>)
      be:	2002      	movs	r0, #2
      c0:	4d4e      	ldr	r5, [pc, #312]	@ (1fc <LoadSensorConfigFromEeprom() [clone .part.0]+0x158>)
      c2:	601c      	str	r4, [r3, #0]
      c4:	f002 fecc 	bl	2e60 <eeprom_read_byte>
      c8:	eb04 0344 	add.w	r3, r4, r4, lsl #1
  currentBrightness = EEPROM.read(2);
      cc:	4a4c      	ldr	r2, [pc, #304]	@ (200 <LoadSensorConfigFromEeprom() [clone .part.0]+0x15c>)
      ce:	f8df 9134 	ldr.w	r9, [pc, #308]	@ 204 <LoadSensorConfigFromEeprom() [clone .part.0]+0x160>
  void SetTriggerThreshold(int16_t t) { trigger_threshold_ = constrain(t, 0, 1023); }
      d2:	f240 38ff 	movw	r8, #1023	@ 0x3ff
      d6:	eb04 0383 	add.w	r3, r4, r3, lsl #2
  currentBrightness = EEPROM.read(2);
      da:	2403      	movs	r4, #3
      dc:	7010      	strb	r0, [r2, #0]

  for (size_t i = 0; i < kNumSensors; ++i) {
      de:	4423      	add	r3, r4
      e0:	9305      	str	r3, [sp, #20]
      e2:	4620      	mov	r0, r4
      e4:	f002 febc 	bl	2e60 <eeprom_read_byte>
      e8:	9000      	str	r0, [sp, #0]
      ea:	1c60      	adds	r0, r4, #1
      ec:	f002 feb8 	bl	2e60 <eeprom_read_byte>
      f0:	4606      	mov	r6, r0
      f2:	1ca0      	adds	r0, r4, #2
      f4:	f002 feb4 	bl	2e60 <eeprom_read_byte>
      f8:	4683      	mov	fp, r0
      fa:	1ce0      	adds	r0, r4, #3
      fc:	f002 feb0 	bl	2e60 <eeprom_read_byte>
     100:	9001      	str	r0, [sp, #4]
     102:	1d20      	adds	r0, r4, #4
     104:	f002 feac 	bl	2e60 <eeprom_read_byte>
     108:	9002      	str	r0, [sp, #8]
     10a:	1da0      	adds	r0, r4, #6
     10c:	f002 fea8 	bl	2e60 <eeprom_read_byte>
     110:	4607      	mov	r7, r0
     112:	1d60      	adds	r0, r4, #5
     114:	f002 fea4 	bl	2e60 <eeprom_read_byte>
    uint8_t offset   = EEPROM.read(base + 0);
    uint8_t count    = EEPROM.read(base + 1);
    uint8_t r        = EEPROM.read(base + 2);
    uint8_t g        = EEPROM.read(base + 3);
    uint8_t b        = EEPROM.read(base + 4);
    int16_t trig     = (EEPROM.read(base + 6) << 8)  | EEPROM.read(base + 5);
     118:	ea40 2007 	orr.w	r0, r0, r7, lsl #8
     11c:	fa0f fa80 	sxth.w	sl, r0
     120:	f104 0008 	add.w	r0, r4, #8
     124:	f002 fe9c 	bl	2e60 <eeprom_read_byte>
     128:	4607      	mov	r7, r0
     12a:	1de0      	adds	r0, r4, #7
     12c:	f002 fe98 	bl	2e60 <eeprom_read_byte>
    int16_t rel      = (EEPROM.read(base + 8) << 8)  | EEPROM.read(base + 7);
     130:	ea40 2207 	orr.w	r2, r0, r7, lsl #8
     134:	f104 000a 	add.w	r0, r4, #10
     138:	b212      	sxth	r2, r2
     13a:	9204      	str	r2, [sp, #16]
     13c:	f002 fe90 	bl	2e60 <eeprom_read_byte>
     140:	4607      	mov	r7, r0
     142:	f104 0009 	add.w	r0, r4, #9
     146:	f002 fe8b 	bl	2e60 <eeprom_read_byte>
    uint16_t gain    = (EEPROM.read(base + 10) << 8) | EEPROM.read(base + 9);
     14a:	ea40 2107 	orr.w	r1, r0, r7, lsl #8
     14e:	f104 000b 	add.w	r0, r4, #11
     152:	b28f      	uxth	r7, r1
     154:	f002 fe84 	bl	2e60 <eeprom_read_byte>
     158:	9003      	str	r0, [sp, #12]
     15a:	f104 000c 	add.w	r0, r4, #12
     15e:	f002 fe7f 	bl	2e60 <eeprom_read_byte>
    uint8_t group    = EEPROM.read(base + 11);
    uint8_t debounce = EEPROM.read(base + 12);
    if (count == 0) count = 4; // sane fallback if a slot was never written
     162:	2e00      	cmp	r6, #0
  void SetGain(uint16_t gain_x100)    { gain_x100_ = constrain(gain_x100, (uint16_t)10, (uint16_t)500); }
     164:	46be      	mov	lr, r7
     166:	f04f 0c64 	mov.w	ip, #100	@ 0x64
    if (count == 0) count = 4; // sane fallback if a slot was never written
     16a:	bf08      	it	eq
     16c:	2604      	moveq	r6, #4
  void SetGain(uint16_t gain_x100)    { gain_x100_ = constrain(gain_x100, (uint16_t)10, (uint16_t)500); }
     16e:	f5b7 7ffa 	cmp.w	r7, #500	@ 0x1f4
    if (gain == 0)  gain  = 100; // sane fallback (1.0x) if never written
     172:	9a04      	ldr	r2, [sp, #16]
  void SetGain(uint16_t gain_x100)    { gain_x100_ = constrain(gain_x100, (uint16_t)10, (uint16_t)500); }
     174:	bf28      	it	cs
     176:	f44f 7efa 	movcs.w	lr, #500	@ 0x1f4
    if (gain == 0)  gain  = 100; // sane fallback (1.0x) if never written
     17a:	b12f      	cbz	r7, 188 <LoadSensorConfigFromEeprom() [clone .part.0]+0xe4>
  void SetGain(uint16_t gain_x100)    { gain_x100_ = constrain(gain_x100, (uint16_t)10, (uint16_t)500); }
     17c:	f1be 0f0a 	cmp.w	lr, #10
     180:	46f4      	mov	ip, lr
     182:	bf38      	it	cc
     184:	f04f 0c0a 	movcc.w	ip, #10
    led_offset_   = led_offset;
     188:	9b00      	ldr	r3, [sp, #0]
  void SetTriggerThreshold(int16_t t) { trigger_threshold_ = constrain(t, 0, 1023); }
     18a:	45c2      	cmp	sl, r8
     18c:	4651      	mov	r1, sl
  for (size_t i = 0; i < kNumSensors; ++i) {
     18e:	f104 040d 	add.w	r4, r4, #13
    led_offset_   = led_offset;
     192:	f885 3174 	strb.w	r3, [r5, #372]	@ 0x174
  void SetTriggerThreshold(int16_t t) { trigger_threshold_ = constrain(t, 0, 1023); }
     196:	bfa8      	it	ge
     198:	4641      	movge	r1, r8
    color_        = color;
     19a:	9b01      	ldr	r3, [sp, #4]
  void SetReleaseThreshold(int16_t t) { release_threshold_ = constrain(t, 0, 1023); }
     19c:	4542      	cmp	r2, r8
  void SetTriggerThreshold(int16_t t) { trigger_threshold_ = constrain(t, 0, 1023); }
     19e:	ea21 71e1 	bic.w	r1, r1, r1, asr #31
    led_count_    = led_count;
     1a2:	f885 6175 	strb.w	r6, [r5, #373]	@ 0x175
    color_        = color;
     1a6:	f885 3177 	strb.w	r3, [r5, #375]	@ 0x177
  void SetReleaseThreshold(int16_t t) { release_threshold_ = constrain(t, 0, 1023); }
     1aa:	bfa8      	it	ge
     1ac:	4642      	movge	r2, r8
    color_        = color;
     1ae:	9b02      	ldr	r3, [sp, #8]
  void SetReleaseDebounceMs(uint16_t ms) { release_debounce_ms_ = constrain(ms, (uint16_t)0, (uint16_t)100); }
     1b0:	2864      	cmp	r0, #100	@ 0x64
  void SetReleaseThreshold(int16_t t) { release_threshold_ = constrain(t, 0, 1023); }
     1b2:	ea22 72e2 	bic.w	r2, r2, r2, asr #31
    color_        = color;
     1b6:	f885 b176 	strb.w	fp, [r5, #374]	@ 0x176
     1ba:	f885 3178 	strb.w	r3, [r5, #376]	@ 0x178
    initialized_  = true;
     1be:	f04f 0301 	mov.w	r3, #1
  void SetReleaseDebounceMs(uint16_t ms) { release_debounce_ms_ = constrain(ms, (uint16_t)0, (uint16_t)100); }
     1c2:	bf28      	it	cs
     1c4:	2064      	movcs	r0, #100	@ 0x64
  void SetReleaseThreshold(int16_t t) { release_threshold_ = constrain(t, 0, 1023); }
     1c6:	80ea      	strh	r2, [r5, #6]
    initialized_  = true;
     1c8:	702b      	strb	r3, [r5, #0]
  void SetButtonGroup(uint8_t group)  { button_group_ = group; }
     1ca:	9b03      	ldr	r3, [sp, #12]
    pin_value_    = pin_value;
     1cc:	f819 2f01 	ldrb.w	r2, [r9, #1]!
  void SetButtonGroup(uint8_t group)  { button_group_ = group; }
     1d0:	70ab      	strb	r3, [r5, #2]
  for (size_t i = 0; i < kNumSensors; ++i) {
     1d2:	9b05      	ldr	r3, [sp, #20]
  void SetTriggerThreshold(int16_t t) { trigger_threshold_ = constrain(t, 0, 1023); }
     1d4:	80a9      	strh	r1, [r5, #4]
  for (size_t i = 0; i < kNumSensors; ++i) {
     1d6:	42a3      	cmp	r3, r4
  void SetGain(uint16_t gain_x100)    { gain_x100_ = constrain(gain_x100, (uint16_t)10, (uint16_t)500); }
     1d8:	f8a5 c008 	strh.w	ip, [r5, #8]
  void SetReleaseDebounceMs(uint16_t ms) { release_debounce_ms_ = constrain(ms, (uint16_t)0, (uint16_t)100); }
     1dc:	8168      	strh	r0, [r5, #10]
    pin_value_    = pin_value;
     1de:	706a      	strb	r2, [r5, #1]
  for (size_t i = 0; i < kNumSensors; ++i) {
     1e0:	f505 75be 	add.w	r5, r5, #380	@ 0x17c
     1e4:	f47f af7d 	bne.w	e2 <LoadSensorConfigFromEeprom() [clone .part.0]+0x3e>
    kSensors[i].SetReleaseThreshold(rel);
    kSensors[i].SetGain(gain);
    kSensors[i].SetButtonGroup(group);
    kSensors[i].SetReleaseDebounceMs(debounce);
  }
  return true;
     1e8:	2001      	movs	r0, #1
}
     1ea:	b007      	add	sp, #28
     1ec:	e8bd 8ff0 	ldmia.w	sp!, {r4, r5, r6, r7, r8, r9, sl, fp, pc}
  if (EEPROM.read(0) != kEepromMarker) return false;
     1f0:	2000      	movs	r0, #0
}
     1f2:	b007      	add	sp, #28
     1f4:	e8bd 8ff0 	ldmia.w	sp!, {r4, r5, r6, r7, r8, r9, sl, fp, pc}
     1f8:	20000d00 	.word	0x20000d00
     1fc:	20001738 	.word	0x20001738
     200:	20000ddb 	.word	0x20000ddb
     204:	20000417 	.word	0x20000417

00000208 <SerialProcessor::PrintSensorTuningFor(int) [clone .isra.0]>:
  }

  // Format: "p <sensor> <trigger> <release> <gain_x100> <button_group> <release_debounce_ms> <live_value>"
  // Used both as a direct response to 'p' and as confirmation after
  // y/r/g/m/d commands so the dashboard can update its UI immediately.
  void PrintSensorTuningFor(int sensor) {
     208:	b538      	push	{r3, r4, r5, lr}
     20a:	4605      	mov	r5, r0
	// Discard all received data which has not been read.
        virtual void clear(void) { usb_serial_flush_input(); }
	// Transmit a single byte to your PC
        virtual size_t write(uint8_t c) { return usb_serial_putchar(c); }
	// Transmit a buffer containing any number of bytes to your PC
        virtual size_t write(const uint8_t *buffer, size_t size) { return usb_serial_write(buffer, size); }
     20c:	2102      	movs	r1, #2
     20e:	4823      	ldr	r0, [pc, #140]	@ (29c <SerialProcessor::PrintSensorTuningFor(int) [clone .isra.0]+0x94>)
     210:	f004 fab4 	bl	477c <usb_serial_write>
	// Print a string
	size_t print(const __FlashStringHelper *f)	{ return write((const char *)f); }
	// Print an unsigned number
	size_t print(uint8_t b)				{ return printNumber(b, 10, 0); }
	// Print a signed number
	size_t print(int n)				{ return print((long)n); }
     214:	4629      	mov	r1, r5
     216:	4822      	ldr	r0, [pc, #136]	@ (2a0 <SerialProcessor::PrintSensorTuningFor(int) [clone .isra.0]+0x98>)
     218:	f002 faca 	bl	27b0 <Print::print(long)>
     21c:	2101      	movs	r1, #1
     21e:	4821      	ldr	r0, [pc, #132]	@ (2a4 <SerialProcessor::PrintSensorTuningFor(int) [clone .isra.0]+0x9c>)
     220:	f004 faac 	bl	477c <usb_serial_write>
  int16_t GetTriggerThreshold()    { return trigger_threshold_; }
     224:	4c20      	ldr	r4, [pc, #128]	@ (2a8 <SerialProcessor::PrintSensorTuningFor(int) [clone .isra.0]+0xa0>)
     226:	f44f 73be 	mov.w	r3, #380	@ 0x17c
     22a:	481d      	ldr	r0, [pc, #116]	@ (2a0 <SerialProcessor::PrintSensorTuningFor(int) [clone .isra.0]+0x98>)
     22c:	fb03 4405 	mla	r4, r3, r5, r4
     230:	f9b4 1004 	ldrsh.w	r1, [r4, #4]
     234:	f002 fabc 	bl	27b0 <Print::print(long)>
     238:	2101      	movs	r1, #1
     23a:	481a      	ldr	r0, [pc, #104]	@ (2a4 <SerialProcessor::PrintSensorTuningFor(int) [clone .isra.0]+0x9c>)
     23c:	f004 fa9e 	bl	477c <usb_serial_write>
     240:	f9b4 1006 	ldrsh.w	r1, [r4, #6]
     244:	4816      	ldr	r0, [pc, #88]	@ (2a0 <SerialProcessor::PrintSensorTuningFor(int) [clone .isra.0]+0x98>)
     246:	f002 fab3 	bl	27b0 <Print::print(long)>
     24a:	2101      	movs	r1, #1
     24c:	4815      	ldr	r0, [pc, #84]	@ (2a4 <SerialProcessor::PrintSensorTuningFor(int) [clone .isra.0]+0x9c>)
     24e:	f004 fa95 	bl	477c <usb_serial_write>
     252:	8921      	ldrh	r1, [r4, #8]
     254:	4812      	ldr	r0, [pc, #72]	@ (2a0 <SerialProcessor::PrintSensorTuningFor(int) [clone .isra.0]+0x98>)
     256:	f002 faab 	bl	27b0 <Print::print(long)>
     25a:	2101      	movs	r1, #1
     25c:	4811      	ldr	r0, [pc, #68]	@ (2a4 <SerialProcessor::PrintSensorTuningFor(int) [clone .isra.0]+0x9c>)
     25e:	f004 fa8d 	bl	477c <usb_serial_write>
	size_t print(uint8_t b)				{ return printNumber(b, 10, 0); }
     262:	2300      	movs	r3, #0
     264:	220a      	movs	r2, #10
     266:	78a1      	ldrb	r1, [r4, #2]
     268:	480d      	ldr	r0, [pc, #52]	@ (2a0 <SerialProcessor::PrintSensorTuningFor(int) [clone .isra.0]+0x98>)
     26a:	f002 faad 	bl	27c8 <Print::printNumber(unsigned long, unsigned char, unsigned char)>
     26e:	2101      	movs	r1, #1
     270:	480c      	ldr	r0, [pc, #48]	@ (2a4 <SerialProcessor::PrintSensorTuningFor(int) [clone .isra.0]+0x9c>)
     272:	f004 fa83 	bl	477c <usb_serial_write>
	size_t print(int n)				{ return print((long)n); }
     276:	8961      	ldrh	r1, [r4, #10]
     278:	4809      	ldr	r0, [pc, #36]	@ (2a0 <SerialProcessor::PrintSensorTuningFor(int) [clone .isra.0]+0x98>)
     27a:	f002 fa99 	bl	27b0 <Print::print(long)>
     27e:	2101      	movs	r1, #1
     280:	4808      	ldr	r0, [pc, #32]	@ (2a4 <SerialProcessor::PrintSensorTuningFor(int) [clone .isra.0]+0x9c>)
     282:	f004 fa7b 	bl	477c <usb_serial_write>
     286:	f9b4 1170 	ldrsh.w	r1, [r4, #368]	@ 0x170
     28a:	4805      	ldr	r0, [pc, #20]	@ (2a0 <SerialProcessor::PrintSensorTuningFor(int) [clone .isra.0]+0x98>)
     28c:	f002 fa90 	bl	27b0 <Print::print(long)>
     290:	2101      	movs	r1, #1
     292:	4806      	ldr	r0, [pc, #24]	@ (2ac <SerialProcessor::PrintSensorTuningFor(int) [clone .isra.0]+0xa4>)
    Serial.print(kSensors[sensor].GetGain()); Serial.print(" ");
    Serial.print(kSensors[sensor].GetButtonGroup()); Serial.print(" ");
    Serial.print(kSensors[sensor].GetReleaseDebounceMs()); Serial.print(" ");
    Serial.print(kSensors[sensor].GetCurValue());
    Serial.print("\n");
  }
     294:	e8bd 4038 	ldmia.w	sp!, {r3, r4, r5, lr}
     298:	f004 ba70 	b.w	477c <usb_serial_write>
     29c:	20000420 	.word	0x20000420
     2a0:	20000c80 	.word	0x20000c80
     2a4:	20000428 	.word	0x20000428
     2a8:	20001738 	.word	0x20001738
     2ac:	20000590 	.word	0x20000590

000002b0 <ResolveButtonGroups()>:
  for (size_t i = 0; i < kNumSensors; ++i) {
     2b0:	4a44      	ldr	r2, [pc, #272]	@ (3c4 <ResolveButtonGroups()+0x114>)
  bool group_should_be_on[MAX_SENSORS] = { false };
     2b2:	2300      	movs	r3, #0
void ResolveButtonGroups() {
     2b4:	b5f0      	push	{r4, r5, r6, r7, lr}
  for (size_t i = 0; i < kNumSensors; ++i) {
     2b6:	6811      	ldr	r1, [r2, #0]
void ResolveButtonGroups() {
     2b8:	b087      	sub	sp, #28
  bool group_should_be_on[MAX_SENSORS] = { false };
     2ba:	e9cd 3302 	strd	r3, r3, [sp, #8]
  bool group_in_use[MAX_SENSORS] = { false };
     2be:	e9cd 3304 	strd	r3, r3, [sp, #16]
  for (size_t i = 0; i < kNumSensors; ++i) {
     2c2:	b1b1      	cbz	r1, 2f2 <ResolveButtonGroups()+0x42>
     2c4:	4a40      	ldr	r2, [pc, #256]	@ (3c8 <ResolveButtonGroups()+0x118>)
     2c6:	f44f 73be 	mov.w	r3, #380	@ 0x17c
    group_in_use[group] = true;
     2ca:	2401      	movs	r4, #1
     2cc:	fb03 2101 	mla	r1, r3, r1, r2
  uint8_t GetButtonGroup()         { return button_group_; }
     2d0:	7893      	ldrb	r3, [r2, #2]
    if (group >= MAX_SENSORS) continue;  // safety clamp, shouldn't happen
     2d2:	2b07      	cmp	r3, #7
    group_in_use[group] = true;
     2d4:	f103 0318 	add.w	r3, r3, #24
     2d8:	446b      	add	r3, sp
    if (group >= MAX_SENSORS) continue;  // safety clamp, shouldn't happen
     2da:	d806      	bhi.n	2ea <ResolveButtonGroups()+0x3a>
    if (kSensors[i].IsActive()) group_should_be_on[group] = true;
     2dc:	f892 0179 	ldrb.w	r0, [r2, #377]	@ 0x179
    group_in_use[group] = true;
     2e0:	f803 4c08 	strb.w	r4, [r3, #-8]
    if (kSensors[i].IsActive()) group_should_be_on[group] = true;
     2e4:	b108      	cbz	r0, 2ea <ResolveButtonGroups()+0x3a>
     2e6:	f803 4c10 	strb.w	r4, [r3, #-16]
  for (size_t i = 0; i < kNumSensors; ++i) {
     2ea:	f502 72be 	add.w	r2, r2, #380	@ 0x17c
     2ee:	428a      	cmp	r2, r1
     2f0:	d1ee      	bne.n	2d0 <ResolveButtonGroups()+0x20>
  for (size_t g = 0; g < MAX_SENSORS; ++g) {
     2f2:	f10d 010f 	add.w	r1, sp, #15
     2f6:	4c35      	ldr	r4, [pc, #212]	@ (3cc <ResolveButtonGroups()+0x11c>)
     2f8:	ad02      	add	r5, sp, #8
     2fa:	4a35      	ldr	r2, [pc, #212]	@ (3d0 <ResolveButtonGroups()+0x120>)
     2fc:	f10d 0617 	add.w	r6, sp, #23
      kButtonGroupJoystickNum[g] = curButtonNum++;
     300:	4f34      	ldr	r7, [pc, #208]	@ (3d4 <ResolveButtonGroups()+0x124>)
     302:	e00a      	b.n	31a <ResolveButtonGroups()+0x6a>
    } else if (kButtonGroupPressed[g] && !group_should_be_on[g]) {
     304:	f1bc 0f00 	cmp.w	ip, #0
     308:	d035      	beq.n	376 <ResolveButtonGroups()+0xc6>
  for (size_t g = 0; g < MAX_SENSORS; ++g) {
     30a:	42b1      	cmp	r1, r6
     30c:	f104 0401 	add.w	r4, r4, #1
     310:	f105 0501 	add.w	r5, r5, #1
     314:	f102 0201 	add.w	r2, r2, #1
     318:	d02b      	beq.n	372 <ResolveButtonGroups()+0xc2>
    if (!group_in_use[g]) continue;
     31a:	f811 3f01 	ldrb.w	r3, [r1, #1]!
     31e:	2b00      	cmp	r3, #0
     320:	d0f3      	beq.n	30a <ResolveButtonGroups()+0x5a>
    if (kButtonGroupJoystickNum[g] == 0) {
     322:	7813      	ldrb	r3, [r2, #0]
     324:	b91b      	cbnz	r3, 32e <ResolveButtonGroups()+0x7e>
      kButtonGroupJoystickNum[g] = curButtonNum++;
     326:	783b      	ldrb	r3, [r7, #0]
     328:	1c58      	adds	r0, r3, #1
     32a:	7013      	strb	r3, [r2, #0]
     32c:	7038      	strb	r0, [r7, #0]
    if (!kButtonGroupPressed[g] && group_should_be_on[g]) {
     32e:	7820      	ldrb	r0, [r4, #0]
     330:	f895 c000 	ldrb.w	ip, [r5]
     334:	2800      	cmp	r0, #0
     336:	d1e5      	bne.n	304 <ResolveButtonGroups()+0x54>
     338:	f1bc 0f00 	cmp.w	ip, #0
     33c:	d0e5      	beq.n	30a <ResolveButtonGroups()+0x5a>
        public:
        void begin(void) { }
        void end(void) { }
#if JOYSTICK_SIZE == 12
	void button(uint8_t button, bool val) {
		if (--button >= 32) return;
     33e:	3b01      	subs	r3, #1
     340:	b2db      	uxtb	r3, r3
     342:	2b1f      	cmp	r3, #31
     344:	d80b      	bhi.n	35e <ResolveButtonGroups()+0xae>
		if (val) usb_joystick_data[0] |= (1 << button);
     346:	f8df c094 	ldr.w	ip, [pc, #148]	@ 3dc <ResolveButtonGroups()+0x12c>
     34a:	2001      	movs	r0, #1
     34c:	4098      	lsls	r0, r3
     34e:	f8dc 3000 	ldr.w	r3, [ip]
     352:	4303      	orrs	r3, r0
     354:	f8cc 3000 	str.w	r3, [ip]
		else usb_joystick_data[0] &= ~(1 << button);
		if (!manual_mode) usb_joystick_send();
     358:	4b1f      	ldr	r3, [pc, #124]	@ (3d8 <ResolveButtonGroups()+0x128>)
     35a:	781b      	ldrb	r3, [r3, #0]
     35c:	b1fb      	cbz	r3, 39e <ResolveButtonGroups()+0xee>
      kButtonGroupPressed[g] = true;
     35e:	2301      	movs	r3, #1
     360:	7023      	strb	r3, [r4, #0]
  for (size_t g = 0; g < MAX_SENSORS; ++g) {
     362:	42b1      	cmp	r1, r6
     364:	f104 0401 	add.w	r4, r4, #1
     368:	f105 0501 	add.w	r5, r5, #1
     36c:	f102 0201 	add.w	r2, r2, #1
     370:	d1d3      	bne.n	31a <ResolveButtonGroups()+0x6a>
}
     372:	b007      	add	sp, #28
     374:	bdf0      	pop	{r4, r5, r6, r7, pc}
		if (--button >= 32) return;
     376:	3b01      	subs	r3, #1
     378:	b2db      	uxtb	r3, r3
     37a:	2b1f      	cmp	r3, #31
     37c:	d80c      	bhi.n	398 <ResolveButtonGroups()+0xe8>
		else usb_joystick_data[0] &= ~(1 << button);
     37e:	f8df c05c 	ldr.w	ip, [pc, #92]	@ 3dc <ResolveButtonGroups()+0x12c>
     382:	2001      	movs	r0, #1
     384:	4098      	lsls	r0, r3
     386:	f8dc 3000 	ldr.w	r3, [ip]
     38a:	ea23 0300 	bic.w	r3, r3, r0
     38e:	f8cc 3000 	str.w	r3, [ip]
		if (!manual_mode) usb_joystick_send();
     392:	4b11      	ldr	r3, [pc, #68]	@ (3d8 <ResolveButtonGroups()+0x128>)
     394:	781b      	ldrb	r3, [r3, #0]
     396:	b15b      	cbz	r3, 3b0 <ResolveButtonGroups()+0x100>
      kButtonGroupPressed[g] = false;
     398:	2300      	movs	r3, #0
     39a:	7023      	strb	r3, [r4, #0]
     39c:	e7b5      	b.n	30a <ResolveButtonGroups()+0x5a>
     39e:	e9cd 1200 	strd	r1, r2, [sp]
     3a2:	f003 fe09 	bl	3fb8 <usb_joystick_send>
      kButtonGroupPressed[g] = true;
     3a6:	2301      	movs	r3, #1
     3a8:	e9dd 1200 	ldrd	r1, r2, [sp]
     3ac:	7023      	strb	r3, [r4, #0]
     3ae:	e7d8      	b.n	362 <ResolveButtonGroups()+0xb2>
     3b0:	e9cd 1200 	strd	r1, r2, [sp]
     3b4:	f003 fe00 	bl	3fb8 <usb_joystick_send>
      kButtonGroupPressed[g] = false;
     3b8:	2300      	movs	r3, #0
     3ba:	e9dd 1200 	ldrd	r1, r2, [sp]
     3be:	7023      	strb	r3, [r4, #0]
     3c0:	e7a3      	b.n	30a <ResolveButtonGroups()+0x5a>
     3c2:	bf00      	nop
     3c4:	20000d00 	.word	0x20000d00
     3c8:	20001738 	.word	0x20001738
     3cc:	200024c4 	.word	0x200024c4
     3d0:	200024bc 	.word	0x200024bc
     3d4:	20000dda 	.word	0x20000dda
     3d8:	2000268f 	.word	0x2000268f
     3dc:	20002674 	.word	0x20002674

000003e0 <SaveSensorConfigToEeprom()>:
void SaveSensorConfigToEeprom() {
     3e0:	e92d 4ff0 	stmdb	sp!, {r4, r5, r6, r7, r8, r9, sl, fp, lr}
    operator const uint8_t() const       { return **this; }

    //Assignment/write members.
    EERef &operator=( const EERef &ref ) { return *this = *ref; }
    EERef &operator=( uint8_t in )       { return eeprom_write_byte( (uint8_t*) index, in ), *this;  }
     3e4:	21a8      	movs	r1, #168	@ 0xa8
     3e6:	b089      	sub	sp, #36	@ 0x24
     3e8:	2000      	movs	r0, #0
     3ea:	2703      	movs	r7, #3
     3ec:	f002 fe4e 	bl	308c <eeprom_write_byte>
     3f0:	4b47      	ldr	r3, [pc, #284]	@ (510 <SaveSensorConfigToEeprom()+0x130>)
     3f2:	2001      	movs	r0, #1
  for (size_t i = 0; i < MAX_SENSORS; ++i) {
     3f4:	f04f 0b00 	mov.w	fp, #0
     3f8:	7819      	ldrb	r1, [r3, #0]
     3fa:	f002 fe47 	bl	308c <eeprom_write_byte>
  EEPROM.write(2, currentBrightness);
     3fe:	4b45      	ldr	r3, [pc, #276]	@ (514 <SaveSensorConfigToEeprom()+0x134>)
     400:	2002      	movs	r0, #2
  for (size_t i = 0; i < MAX_SENSORS; ++i) {
     402:	4d45      	ldr	r5, [pc, #276]	@ (518 <SaveSensorConfigToEeprom()+0x138>)
     404:	7819      	ldrb	r1, [r3, #0]
     406:	f002 fe41 	bl	308c <eeprom_write_byte>
     40a:	e063      	b.n	4d4 <SaveSensorConfigToEeprom()+0xf4>
  int16_t GetTriggerThreshold()    { return trigger_threshold_; }
     40c:	f9b5 0004 	ldrsh.w	r0, [r5, #4]
  CRGB    GetColor()               { return color_; }
     410:	f895 4178 	ldrb.w	r4, [r5, #376]	@ 0x178
  int16_t GetReleaseThreshold()    { return release_threshold_; }
     414:	f9b5 6006 	ldrsh.w	r6, [r5, #6]
  CRGB    GetColor()               { return color_; }
     418:	9405      	str	r4, [sp, #20]
    EEPROM.write(base + 5, trig & 0xFF);
     41a:	b2c4      	uxtb	r4, r0
    EEPROM.write(base + 6, trig >> 8);
     41c:	f3c0 2007 	ubfx	r0, r0, #8, #8
  uint16_t GetGain()               { return gain_x100_; }
     420:	f8b5 c008 	ldrh.w	ip, [r5, #8]
    EEPROM.write(base + 5, trig & 0xFF);
     424:	9403      	str	r4, [sp, #12]
    EEPROM.write(base + 6, trig >> 8);
     426:	9002      	str	r0, [sp, #8]
    EEPROM.write(base + 7, rel & 0xFF);
     428:	b2f0      	uxtb	r0, r6
  uint8_t GetLedOffset()           { return led_offset_; }
     42a:	f895 1174 	ldrb.w	r1, [r5, #372]	@ 0x174
    EEPROM.write(base + 8, rel >> 8);
     42e:	f3c6 2607 	ubfx	r6, r6, #8, #8
    EEPROM.write(base + 7, rel & 0xFF);
     432:	9001      	str	r0, [sp, #4]
    EEPROM.write(base + 9, gain & 0xFF);
     434:	fa5f fa8c 	uxtb.w	sl, ip
    uint8_t  debounce= (i < kNumSensors) ? (uint8_t)kSensors[i].GetReleaseDebounceMs() : 15;
     438:	7aa8      	ldrb	r0, [r5, #10]
    EEPROM.write(base + 10, gain >> 8);
     43a:	ea4f 241c 	mov.w	r4, ip, lsr #8
  uint8_t GetLedCount()            { return led_count_; }
     43e:	f895 2175 	ldrb.w	r2, [r5, #373]	@ 0x175
  CRGB    GetColor()               { return color_; }
     442:	f895 3176 	ldrb.w	r3, [r5, #374]	@ 0x176
     446:	f895 9177 	ldrb.w	r9, [r5, #375]	@ 0x177
  uint8_t GetButtonGroup()         { return button_group_; }
     44a:	f895 8002 	ldrb.w	r8, [r5, #2]
    uint8_t  debounce= (i < kNumSensors) ? (uint8_t)kSensors[i].GetReleaseDebounceMs() : 15;
     44e:	9004      	str	r0, [sp, #16]
     450:	4638      	mov	r0, r7
  for (size_t i = 0; i < MAX_SENSORS; ++i) {
     452:	f10b 0b01 	add.w	fp, fp, #1
     456:	f505 75be 	add.w	r5, r5, #380	@ 0x17c
     45a:	e9cd 3206 	strd	r3, r2, [sp, #24]
     45e:	f002 fe15 	bl	308c <eeprom_write_byte>
     462:	1c78      	adds	r0, r7, #1
     464:	9907      	ldr	r1, [sp, #28]
     466:	f002 fe11 	bl	308c <eeprom_write_byte>
     46a:	1cb8      	adds	r0, r7, #2
     46c:	9906      	ldr	r1, [sp, #24]
     46e:	f002 fe0d 	bl	308c <eeprom_write_byte>
     472:	1cf8      	adds	r0, r7, #3
     474:	4649      	mov	r1, r9
     476:	f002 fe09 	bl	308c <eeprom_write_byte>
     47a:	1d38      	adds	r0, r7, #4
     47c:	9905      	ldr	r1, [sp, #20]
     47e:	f002 fe05 	bl	308c <eeprom_write_byte>
     482:	1d78      	adds	r0, r7, #5
     484:	9903      	ldr	r1, [sp, #12]
     486:	f002 fe01 	bl	308c <eeprom_write_byte>
     48a:	1db8      	adds	r0, r7, #6
     48c:	9902      	ldr	r1, [sp, #8]
     48e:	f002 fdfd 	bl	308c <eeprom_write_byte>
     492:	1df8      	adds	r0, r7, #7
     494:	9901      	ldr	r1, [sp, #4]
     496:	f002 fdf9 	bl	308c <eeprom_write_byte>
     49a:	f107 0008 	add.w	r0, r7, #8
     49e:	4631      	mov	r1, r6
     4a0:	f002 fdf4 	bl	308c <eeprom_write_byte>
     4a4:	f107 0009 	add.w	r0, r7, #9
     4a8:	4651      	mov	r1, sl
     4aa:	f002 fdef 	bl	308c <eeprom_write_byte>
     4ae:	f107 000a 	add.w	r0, r7, #10
     4b2:	4621      	mov	r1, r4
     4b4:	f002 fdea 	bl	308c <eeprom_write_byte>
     4b8:	f107 000b 	add.w	r0, r7, #11
     4bc:	4641      	mov	r1, r8
     4be:	f002 fde5 	bl	308c <eeprom_write_byte>
     4c2:	f107 000c 	add.w	r0, r7, #12
     4c6:	9904      	ldr	r1, [sp, #16]
     4c8:	370d      	adds	r7, #13
     4ca:	f002 fddf 	bl	308c <eeprom_write_byte>
     4ce:	f1bb 0f08 	cmp.w	fp, #8
     4d2:	d019      	beq.n	508 <SaveSensorConfigToEeprom()+0x128>
    uint8_t offset   = (i < kNumSensors) ? kSensors[i].GetLedOffset()         : 0;
     4d4:	4b0e      	ldr	r3, [pc, #56]	@ (510 <SaveSensorConfigToEeprom()+0x130>)
     4d6:	2603      	movs	r6, #3
     4d8:	2400      	movs	r4, #0
     4da:	fa5f f88b 	uxtb.w	r8, fp
     4de:	681b      	ldr	r3, [r3, #0]
     4e0:	f04f 0a64 	mov.w	sl, #100	@ 0x64
     4e4:	4621      	mov	r1, r4
     4e6:	4622      	mov	r2, r4
     4e8:	455b      	cmp	r3, fp
     4ea:	f04f 03d4 	mov.w	r3, #212	@ 0xd4
     4ee:	46a1      	mov	r9, r4
     4f0:	e9cd 3601 	strd	r3, r6, [sp, #4]
     4f4:	f04f 03e8 	mov.w	r3, #232	@ 0xe8
     4f8:	9303      	str	r3, [sp, #12]
     4fa:	f04f 03ff 	mov.w	r3, #255	@ 0xff
     4fe:	d885      	bhi.n	40c <SaveSensorConfigToEeprom()+0x2c>
    uint8_t  debounce= (i < kNumSensors) ? (uint8_t)kSensors[i].GetReleaseDebounceMs() : 15;
     500:	200f      	movs	r0, #15
    uint8_t offset   = (i < kNumSensors) ? kSensors[i].GetLedOffset()         : 0;
     502:	9405      	str	r4, [sp, #20]
    uint8_t  debounce= (i < kNumSensors) ? (uint8_t)kSensors[i].GetReleaseDebounceMs() : 15;
     504:	9004      	str	r0, [sp, #16]
     506:	e7a3      	b.n	450 <SaveSensorConfigToEeprom()+0x70>
}
     508:	b009      	add	sp, #36	@ 0x24
     50a:	e8bd 8ff0 	ldmia.w	sp!, {r4, r5, r6, r7, r8, r9, sl, fp, pc}
     50e:	bf00      	nop
     510:	20000d00 	.word	0x20000d00
     514:	20000ddb 	.word	0x20000ddb
     518:	20001738 	.word	0x20001738

0000051c <ApplyDefaultSensorConfig(unsigned int)>:
  kNumSensors = constrain(count, (size_t)1, (size_t)MAX_SENSORS);
     51c:	2808      	cmp	r0, #8
     51e:	4b25      	ldr	r3, [pc, #148]	@ (5b4 <ApplyDefaultSensorConfig(unsigned int)+0x98>)
     520:	f8df c09c 	ldr.w	ip, [pc, #156]	@ 5c0 <ApplyDefaultSensorConfig(unsigned int)+0xa4>
     524:	bf28      	it	cs
     526:	2008      	movcs	r0, #8
     528:	2801      	cmp	r0, #1
void ApplyDefaultSensorConfig(size_t count) {
     52a:	e92d 4ff0 	stmdb	sp!, {r4, r5, r6, r7, r8, r9, sl, fp, lr}
  kNumSensors = constrain(count, (size_t)1, (size_t)MAX_SENSORS);
     52e:	4606      	mov	r6, r0
void ApplyDefaultSensorConfig(size_t count) {
     530:	b089      	sub	sp, #36	@ 0x24
  const CRGB defaultColors[8] = {
     532:	f8df b090 	ldr.w	fp, [pc, #144]	@ 5c4 <ApplyDefaultSensorConfig(unsigned int)+0xa8>
     536:	bf38      	it	cc
     538:	2601      	movcc	r6, #1
     53a:	f10d 0a08 	add.w	sl, sp, #8
     53e:	4d1e      	ldr	r5, [pc, #120]	@ (5b8 <ApplyDefaultSensorConfig(unsigned int)+0x9c>)
  kNumSensors = constrain(count, (size_t)1, (size_t)MAX_SENSORS);
     540:	601e      	str	r6, [r3, #0]
  for (size_t i = 0; i < kNumSensors; ++i) {
     542:	f04f 0e00 	mov.w	lr, #0
     546:	4654      	mov	r4, sl
    led_count_    = led_count;
     548:	f04f 0904 	mov.w	r9, #4
    initialized_  = true;
     54c:	f04f 0801 	mov.w	r8, #1
    trigger_threshold_ = t;
     550:	4f1a      	ldr	r7, [pc, #104]	@ (5bc <ApplyDefaultSensorConfig(unsigned int)+0xa0>)
  const CRGB defaultColors[8] = {
     552:	e8bb 000f 	ldmia.w	fp!, {r0, r1, r2, r3}
     556:	e8aa 000f 	stmia.w	sl!, {r0, r1, r2, r3}
     55a:	e89b 0003 	ldmia.w	fp, {r0, r1}
     55e:	e88a 0003 	stmia.w	sl, {r0, r1}
    kSensors[i].Init(kAnalogPins[i], i * 4, 4, defaultColors[i % 8], i);
     562:	8822      	ldrh	r2, [r4, #0]
    led_offset_   = led_offset;
     564:	ea4f 018e 	mov.w	r1, lr, lsl #2
    button_group_ = sensor_index;  // default: each sensor is its own group
     568:	f88c e002 	strb.w	lr, [ip, #2]
  for (size_t i = 0; i < kNumSensors; ++i) {
     56c:	f10e 0e01 	add.w	lr, lr, #1
     570:	78a3      	ldrb	r3, [r4, #2]
     572:	3403      	adds	r4, #3
    kSensors[i].Init(kAnalogPins[i], i * 4, 4, defaultColors[i % 8], i);
     574:	f815 0f01 	ldrb.w	r0, [r5, #1]!
  for (size_t i = 0; i < kNumSensors; ++i) {
     578:	4576      	cmp	r6, lr
     57a:	f8ad 2004 	strh.w	r2, [sp, #4]
    color_        = color;
     57e:	f8bd 2004 	ldrh.w	r2, [sp, #4]
    pin_value_    = pin_value;
     582:	f88c 0001 	strb.w	r0, [ip, #1]
    led_offset_   = led_offset;
     586:	f88c 1174 	strb.w	r1, [ip, #372]	@ 0x174
    led_count_    = led_count;
     58a:	f88c 9175 	strb.w	r9, [ip, #373]	@ 0x175
    color_        = color;
     58e:	f8ac 2176 	strh.w	r2, [ip, #374]	@ 0x176
     592:	f88c 3178 	strb.w	r3, [ip, #376]	@ 0x178
    initialized_  = true;
     596:	f88c 8000 	strb.w	r8, [ip]
    trigger_threshold_ = t;
     59a:	f8cc 7004 	str.w	r7, [ip, #4]
  for (size_t i = 0; i < kNumSensors; ++i) {
     59e:	f50c 7cbe 	add.w	ip, ip, #380	@ 0x17c
     5a2:	f88d 3006 	strb.w	r3, [sp, #6]
     5a6:	d1dc      	bne.n	562 <ApplyDefaultSensorConfig(unsigned int)+0x46>
}
     5a8:	b009      	add	sp, #36	@ 0x24
     5aa:	e8bd 4ff0 	ldmia.w	sp!, {r4, r5, r6, r7, r8, r9, sl, fp, lr}
  SaveSensorConfigToEeprom();
     5ae:	f7ff bf17 	b.w	3e0 <SaveSensorConfigToEeprom()>
     5b2:	bf00      	nop
     5b4:	20000d00 	.word	0x20000d00
     5b8:	20000417 	.word	0x20000417
     5bc:	03d403e8 	.word	0x03d403e8
     5c0:	20001738 	.word	0x20001738
     5c4:	20000400 	.word	0x20000400

000005c8 <PrintLedConfig()>:
void PrintLedConfig() {
     5c8:	e92d 43f8 	stmdb	sp!, {r3, r4, r5, r6, r7, r8, r9, lr}
  for (size_t i = 0; i < kNumSensors; ++i) {
     5cc:	f8df 90d0 	ldr.w	r9, [pc, #208]	@ 6a0 <PrintLedConfig()+0xd8>
     5d0:	2101      	movs	r1, #1
     5d2:	482d      	ldr	r0, [pc, #180]	@ (688 <PrintLedConfig()+0xc0>)
     5d4:	f004 f8d2 	bl	477c <usb_serial_write>
     5d8:	f8d9 3000 	ldr.w	r3, [r9]
     5dc:	2b00      	cmp	r3, #0
     5de:	d042      	beq.n	666 <PrintLedConfig()+0x9e>
     5e0:	4c2a      	ldr	r4, [pc, #168]	@ (68c <PrintLedConfig()+0xc4>)
     5e2:	2500      	movs	r5, #0
  CRGB    GetColor()               { return color_; }
     5e4:	f894 8176 	ldrb.w	r8, [r4, #374]	@ 0x176
     5e8:	2101      	movs	r1, #1
     5ea:	4829      	ldr	r0, [pc, #164]	@ (690 <PrintLedConfig()+0xc8>)
  for (size_t i = 0; i < kNumSensors; ++i) {
     5ec:	3501      	adds	r5, #1
  CRGB    GetColor()               { return color_; }
     5ee:	f894 7177 	ldrb.w	r7, [r4, #375]	@ 0x177
  for (size_t i = 0; i < kNumSensors; ++i) {
     5f2:	f504 74be 	add.w	r4, r4, #380	@ 0x17c
  CRGB    GetColor()               { return color_; }
     5f6:	f814 6c04 	ldrb.w	r6, [r4, #-4]
     5fa:	f004 f8bf 	bl	477c <usb_serial_write>
	size_t print(uint8_t b)				{ return printNumber(b, 10, 0); }
     5fe:	2300      	movs	r3, #0
     600:	220a      	movs	r2, #10
     602:	4641      	mov	r1, r8
     604:	4823      	ldr	r0, [pc, #140]	@ (694 <PrintLedConfig()+0xcc>)
     606:	f002 f8df 	bl	27c8 <Print::printNumber(unsigned long, unsigned char, unsigned char)>
     60a:	2101      	movs	r1, #1
     60c:	4820      	ldr	r0, [pc, #128]	@ (690 <PrintLedConfig()+0xc8>)
     60e:	f004 f8b5 	bl	477c <usb_serial_write>
     612:	2300      	movs	r3, #0
     614:	220a      	movs	r2, #10
     616:	4639      	mov	r1, r7
     618:	481e      	ldr	r0, [pc, #120]	@ (694 <PrintLedConfig()+0xcc>)
     61a:	f002 f8d5 	bl	27c8 <Print::printNumber(unsigned long, unsigned char, unsigned char)>
     61e:	2101      	movs	r1, #1
     620:	481b      	ldr	r0, [pc, #108]	@ (690 <PrintLedConfig()+0xc8>)
     622:	f004 f8ab 	bl	477c <usb_serial_write>
     626:	2300      	movs	r3, #0
     628:	220a      	movs	r2, #10
     62a:	4631      	mov	r1, r6
     62c:	4819      	ldr	r0, [pc, #100]	@ (694 <PrintLedConfig()+0xcc>)
     62e:	f002 f8cb 	bl	27c8 <Print::printNumber(unsigned long, unsigned char, unsigned char)>
     632:	2101      	movs	r1, #1
     634:	4816      	ldr	r0, [pc, #88]	@ (690 <PrintLedConfig()+0xc8>)
     636:	f004 f8a1 	bl	477c <usb_serial_write>
     63a:	2300      	movs	r3, #0
     63c:	220a      	movs	r2, #10
     63e:	f814 1c08 	ldrb.w	r1, [r4, #-8]
     642:	4814      	ldr	r0, [pc, #80]	@ (694 <PrintLedConfig()+0xcc>)
     644:	f002 f8c0 	bl	27c8 <Print::printNumber(unsigned long, unsigned char, unsigned char)>
     648:	2101      	movs	r1, #1
     64a:	4811      	ldr	r0, [pc, #68]	@ (690 <PrintLedConfig()+0xc8>)
     64c:	f004 f896 	bl	477c <usb_serial_write>
     650:	2300      	movs	r3, #0
     652:	f814 1c07 	ldrb.w	r1, [r4, #-7]
     656:	220a      	movs	r2, #10
     658:	480e      	ldr	r0, [pc, #56]	@ (694 <PrintLedConfig()+0xcc>)
     65a:	f002 f8b5 	bl	27c8 <Print::printNumber(unsigned long, unsigned char, unsigned char)>
  for (size_t i = 0; i < kNumSensors; ++i) {
     65e:	f8d9 3000 	ldr.w	r3, [r9]
     662:	42ab      	cmp	r3, r5
     664:	d8be      	bhi.n	5e4 <PrintLedConfig()+0x1c>
     666:	2101      	movs	r1, #1
     668:	4809      	ldr	r0, [pc, #36]	@ (690 <PrintLedConfig()+0xc8>)
     66a:	f004 f887 	bl	477c <usb_serial_write>
  Serial.print(" "); Serial.print(currentBrightness);
     66e:	490a      	ldr	r1, [pc, #40]	@ (698 <PrintLedConfig()+0xd0>)
     670:	2300      	movs	r3, #0
     672:	220a      	movs	r2, #10
     674:	7809      	ldrb	r1, [r1, #0]
     676:	4807      	ldr	r0, [pc, #28]	@ (694 <PrintLedConfig()+0xcc>)
     678:	f002 f8a6 	bl	27c8 <Print::printNumber(unsigned long, unsigned char, unsigned char)>
     67c:	2101      	movs	r1, #1
     67e:	4807      	ldr	r0, [pc, #28]	@ (69c <PrintLedConfig()+0xd4>)
}
     680:	e8bd 43f8 	ldmia.w	sp!, {r3, r4, r5, r6, r7, r8, r9, lr}
     684:	f004 b87a 	b.w	477c <usb_serial_write>
     688:	2000042c 	.word	0x2000042c
     68c:	20001738 	.word	0x20001738
     690:	20000428 	.word	0x20000428
     694:	20000c80 	.word	0x20000c80
     698:	20000ddb 	.word	0x20000ddb
     69c:	20000590 	.word	0x20000590
     6a0:	20000d00 	.word	0x20000d00

000006a4 <PrintIdentify()>:
void PrintIdentify() {
     6a4:	b508      	push	{r3, lr}
     6a6:	2102      	movs	r1, #2
     6a8:	4810      	ldr	r0, [pc, #64]	@ (6ec <PrintIdentify()+0x48>)
     6aa:	f004 f867 	bl	477c <usb_serial_write>
     6ae:	2105      	movs	r1, #5
     6b0:	480f      	ldr	r0, [pc, #60]	@ (6f0 <PrintIdentify()+0x4c>)
     6b2:	f004 f863 	bl	477c <usb_serial_write>
     6b6:	2101      	movs	r1, #1
     6b8:	480e      	ldr	r0, [pc, #56]	@ (6f4 <PrintIdentify()+0x50>)
     6ba:	f004 f85f 	bl	477c <usb_serial_write>
	size_t print(int64_t n);
	// Print an unsigned number
	size_t print(uint64_t n)			{ return printNumber64(n, 10, 0); }

	// Print a number in any number base (eg, BIN, HEX, OCT)
	size_t print(unsigned char n, int base)		{ return printNumber(n, base, 0); }
     6be:	2300      	movs	r3, #0
     6c0:	2210      	movs	r2, #16
     6c2:	21a8      	movs	r1, #168	@ 0xa8
     6c4:	480c      	ldr	r0, [pc, #48]	@ (6f8 <PrintIdentify()+0x54>)
     6c6:	f002 f87f 	bl	27c8 <Print::printNumber(unsigned long, unsigned char, unsigned char)>
     6ca:	2101      	movs	r1, #1
     6cc:	4809      	ldr	r0, [pc, #36]	@ (6f4 <PrintIdentify()+0x50>)
     6ce:	f004 f855 	bl	477c <usb_serial_write>
  Serial.print(kNumSensors);
     6d2:	490a      	ldr	r1, [pc, #40]	@ (6fc <PrintIdentify()+0x58>)
	size_t print(unsigned int n)			{ return printNumber(n, 10, 0); }
     6d4:	2300      	movs	r3, #0
     6d6:	220a      	movs	r2, #10
     6d8:	6809      	ldr	r1, [r1, #0]
     6da:	4807      	ldr	r0, [pc, #28]	@ (6f8 <PrintIdentify()+0x54>)
     6dc:	f002 f874 	bl	27c8 <Print::printNumber(unsigned long, unsigned char, unsigned char)>
     6e0:	2101      	movs	r1, #1
     6e2:	4807      	ldr	r0, [pc, #28]	@ (700 <PrintIdentify()+0x5c>)
}
     6e4:	e8bd 4008 	ldmia.w	sp!, {r3, lr}
     6e8:	f004 b848 	b.w	477c <usb_serial_write>
     6ec:	20000430 	.word	0x20000430
     6f0:	20000434 	.word	0x20000434
     6f4:	20000428 	.word	0x20000428
     6f8:	20000c80 	.word	0x20000c80
     6fc:	20000d00 	.word	0x20000d00
     700:	20000590 	.word	0x20000590

00000704 <SerialProcessor::UpdateSensorCount()>:

  // "n <count>" -- change how many FSR sensors are active.
  // New sensors get sequential default LED zones appended after the
  // current highest zone in use. Existing sensors keep their config.

  void UpdateSensorCount() {
     704:	e92d 4ff0 	stmdb	sp!, {r4, r5, r6, r7, r8, r9, sl, fp, lr}
    char* p = buffer_ + 1;
    int newCount = (int)strtol(p, nullptr, 10);
     708:	220a      	movs	r2, #10
  void UpdateSensorCount() {
     70a:	b08b      	sub	sp, #44	@ 0x2c
    int newCount = (int)strtol(p, nullptr, 10);
     70c:	2100      	movs	r1, #0
     70e:	3001      	adds	r0, #1
     710:	f004 fa84 	bl	4c1c <strtol>
    if (newCount < 1 || newCount > (int)MAX_SENSORS) {
     714:	1e43      	subs	r3, r0, #1
     716:	2b07      	cmp	r3, #7
     718:	f200 80e2 	bhi.w	8e0 <SerialProcessor::UpdateSensorCount()+0x1dc>
      Serial.print("n_err: bad count\n");
      return;
    }

    const CRGB defaultColors[8] = {
     71c:	4d75      	ldr	r5, [pc, #468]	@ (8f4 <SerialProcessor::UpdateSensorCount()+0x1f0>)
     71e:	4682      	mov	sl, r0
      CRGB(255,0,0), CRGB(0,0,255), CRGB(255,165,0), CRGB(0,255,0),
      CRGB(204,68,255), CRGB(0,221,204), CRGB(255,221,0), CRGB(255,102,136),
    };

    size_t oldCount = kNumSensors;
     720:	f8df b1f4 	ldr.w	fp, [pc, #500]	@ 918 <SerialProcessor::UpdateSensorCount()+0x214>
    const CRGB defaultColors[8] = {
     724:	ac04      	add	r4, sp, #16
     726:	cd0f      	ldmia	r5!, {r0, r1, r2, r3}
    size_t oldCount = kNumSensors;
     728:	f8db 9000 	ldr.w	r9, [fp]
    const CRGB defaultColors[8] = {
     72c:	c40f      	stmia	r4!, {r0, r1, r2, r3}

    if ((size_t)newCount > oldCount) {
     72e:	45ca      	cmp	sl, r9
    const CRGB defaultColors[8] = {
     730:	e895 0003 	ldmia.w	r5, {r0, r1}
     734:	e884 0003 	stmia.w	r4, {r0, r1}
    if ((size_t)newCount > oldCount) {
     738:	d95b      	bls.n	7f2 <SerialProcessor::UpdateSensorCount()+0xee>
      // Find next free LED offset after existing zones.
      uint8_t nextOffset = 0;
      for (size_t i = 0; i < oldCount; ++i) {
     73a:	f1b9 0f00 	cmp.w	r9, #0
     73e:	f000 80d6 	beq.w	8ee <SerialProcessor::UpdateSensorCount()+0x1ea>
     742:	4a6d      	ldr	r2, [pc, #436]	@ (8f8 <SerialProcessor::UpdateSensorCount()+0x1f4>)
     744:	f44f 75be 	mov.w	r5, #380	@ 0x17c
      uint8_t nextOffset = 0;
     748:	2300      	movs	r3, #0
     74a:	4610      	mov	r0, r2
     74c:	fb05 2509 	mla	r5, r5, r9, r2
        uint8_t end = kSensors[i].GetLedOffset() + kSensors[i].GetLedCount();
     750:	f890 1174 	ldrb.w	r1, [r0, #372]	@ 0x174
      for (size_t i = 0; i < oldCount; ++i) {
     754:	f500 70be 	add.w	r0, r0, #380	@ 0x17c
        uint8_t end = kSensors[i].GetLedOffset() + kSensors[i].GetLedCount();
     758:	f810 4c07 	ldrb.w	r4, [r0, #-7]
     75c:	4421      	add	r1, r4
        if (end > nextOffset) nextOffset = end;
     75e:	b2c9      	uxtb	r1, r1
     760:	428b      	cmp	r3, r1
     762:	bf38      	it	cc
     764:	460b      	movcc	r3, r1
      for (size_t i = 0; i < oldCount; ++i) {
     766:	4285      	cmp	r5, r0
        if (end > nextOffset) nextOffset = end;
     768:	b2db      	uxtb	r3, r3
      for (size_t i = 0; i < oldCount; ++i) {
     76a:	d1f1      	bne.n	750 <SerialProcessor::UpdateSensorCount()+0x4c>
     76c:	4d63      	ldr	r5, [pc, #396]	@ (8fc <SerialProcessor::UpdateSensorCount()+0x1f8>)
     76e:	f44f 71be 	mov.w	r1, #380	@ 0x17c
      }
      for (size_t i = oldCount; i < (size_t)newCount; ++i) {
     772:	4648      	mov	r0, r9
        uint8_t offset = nextOffset;
        uint8_t count  = 4;
        if (offset + count > NUM_LEDS) count = (NUM_LEDS > offset) ? (NUM_LEDS - offset) : 1;
     774:	2701      	movs	r7, #1
     776:	444d      	add	r5, r9
     778:	fb01 2209 	mla	r2, r1, r9, r2
    trigger_threshold_ = t;
     77c:	4e60      	ldr	r6, [pc, #384]	@ (900 <SerialProcessor::UpdateSensorCount()+0x1fc>)
     77e:	e026      	b.n	7ce <SerialProcessor::UpdateSensorCount()+0xca>
        kSensors[i].Init(kAnalogPins[i], offset, count, defaultColors[i % 8], i);
        kSensors[i].UpdateThreshold(kDefaultThreshold);
        nextOffset += count;
     780:	b2e4      	uxtb	r4, r4
    led_count_    = led_count;
     782:	f882 1175 	strb.w	r1, [r2, #373]	@ 0x175
        kSensors[i].Init(kAnalogPins[i], offset, count, defaultColors[i % 8], i);
     786:	f000 0107 	and.w	r1, r0, #7
    led_offset_   = led_offset;
     78a:	f882 3174 	strb.w	r3, [r2, #372]	@ 0x174
     78e:	eb01 0141 	add.w	r1, r1, r1, lsl #1
        kSensors[i].Init(kAnalogPins[i], offset, count, defaultColors[i % 8], i);
     792:	f815 3b01 	ldrb.w	r3, [r5], #1
    button_group_ = sensor_index;  // default: each sensor is its own group
     796:	7090      	strb	r0, [r2, #2]
      for (size_t i = oldCount; i < (size_t)newCount; ++i) {
     798:	3001      	adds	r0, #1
    pin_value_    = pin_value;
     79a:	7053      	strb	r3, [r2, #1]
     79c:	f101 0328 	add.w	r3, r1, #40	@ 0x28
    initialized_  = true;
     7a0:	7017      	strb	r7, [r2, #0]
      for (size_t i = oldCount; i < (size_t)newCount; ++i) {
     7a2:	4582      	cmp	sl, r0
     7a4:	eb0d 0103 	add.w	r1, sp, r3
     7a8:	4623      	mov	r3, r4
    trigger_threshold_ = t;
     7aa:	6056      	str	r6, [r2, #4]
      for (size_t i = oldCount; i < (size_t)newCount; ++i) {
     7ac:	f502 72be 	add.w	r2, r2, #380	@ 0x17c
     7b0:	f831 4c18 	ldrh.w	r4, [r1, #-24]
     7b4:	f811 1c16 	ldrb.w	r1, [r1, #-22]
     7b8:	f8ad 400c 	strh.w	r4, [sp, #12]
    color_        = color;
     7bc:	f8bd 400c 	ldrh.w	r4, [sp, #12]
     7c0:	f802 1c04 	strb.w	r1, [r2, #-4]
     7c4:	f88d 100e 	strb.w	r1, [sp, #14]
     7c8:	f822 4c06 	strh.w	r4, [r2, #-6]
      for (size_t i = oldCount; i < (size_t)newCount; ++i) {
     7cc:	d011      	beq.n	7f2 <SerialProcessor::UpdateSensorCount()+0xee>
        if (offset + count > NUM_LEDS) count = (NUM_LEDS > offset) ? (NUM_LEDS - offset) : 1;
     7ce:	2b3c      	cmp	r3, #60	@ 0x3c
        nextOffset += count;
     7d0:	f103 0404 	add.w	r4, r3, #4
        uint8_t count  = 4;
     7d4:	f04f 0104 	mov.w	r1, #4
        if (offset + count > NUM_LEDS) count = (NUM_LEDS > offset) ? (NUM_LEDS - offset) : 1;
     7d8:	d9d2      	bls.n	780 <SerialProcessor::UpdateSensorCount()+0x7c>
     7da:	2b3f      	cmp	r3, #63	@ 0x3f
        nextOffset += count;
     7dc:	f103 0c01 	add.w	ip, r3, #1
        if (offset + count > NUM_LEDS) count = (NUM_LEDS > offset) ? (NUM_LEDS - offset) : 1;
     7e0:	f1c3 0140 	rsb	r1, r3, #64	@ 0x40
     7e4:	f04f 0440 	mov.w	r4, #64	@ 0x40
     7e8:	d9cb      	bls.n	782 <SerialProcessor::UpdateSensorCount()+0x7e>
        nextOffset += count;
     7ea:	fa5f f48c 	uxtb.w	r4, ip
        if (offset + count > NUM_LEDS) count = (NUM_LEDS > offset) ? (NUM_LEDS - offset) : 1;
     7ee:	2101      	movs	r1, #1
     7f0:	e7c7      	b.n	782 <SerialProcessor::UpdateSensorCount()+0x7e>
      }
    }
    // If shrinking, turn off LEDs for sensors that are being deactivated.
    if ((size_t)newCount < oldCount) {
     7f2:	45ca      	cmp	sl, r9
     7f4:	d25a      	bcs.n	8ac <SerialProcessor::UpdateSensorCount()+0x1a8>
     7f6:	f44f 73be 	mov.w	r3, #380	@ 0x17c
     7fa:	4d3f      	ldr	r5, [pc, #252]	@ (8f8 <SerialProcessor::UpdateSensorCount()+0x1f4>)
      for (size_t i = newCount; i < oldCount; ++i) {
     7fc:	4656      	mov	r6, sl
     7fe:	f8df 811c 	ldr.w	r8, [pc, #284]	@ 91c <SerialProcessor::UpdateSensorCount()+0x218>
     802:	fb03 550a 	mla	r5, r3, sl, r5
        r = (colorcode >> 16) & 0xFF;
     806:	f04f 0400 	mov.w	r4, #0
     80a:	4f3e      	ldr	r7, [pc, #248]	@ (904 <SerialProcessor::UpdateSensorCount()+0x200>)
     80c:	f8cd a004 	str.w	sl, [sp, #4]
  uint8_t GetLedOffset()           { return led_offset_; }
     810:	f895 1174 	ldrb.w	r1, [r5, #372]	@ 0x174
  uint8_t end = led_offset + led_count;
     814:	f895 c175 	ldrb.w	ip, [r5, #373]	@ 0x175
     818:	448c      	add	ip, r1
  if (end > NUM_LEDS) end = NUM_LEDS;
     81a:	fa5f fc8c 	uxtb.w	ip, ip
     81e:	f1bc 0f40 	cmp.w	ip, #64	@ 0x40
     822:	bf28      	it	cs
     824:	f04f 0c40 	movcs.w	ip, #64	@ 0x40
  for (uint8_t i = led_offset; i < end; ++i) {
     828:	4561      	cmp	r1, ip
     82a:	d233      	bcs.n	894 <SerialProcessor::UpdateSensorCount()+0x190>
     82c:	ebac 0a01 	sub.w	sl, ip, r1
     830:	f10a 33ff 	add.w	r3, sl, #4294967295
     834:	b2db      	uxtb	r3, r3
     836:	2b06      	cmp	r3, #6
     838:	d950      	bls.n	8dc <SerialProcessor::UpdateSensorCount()+0x1d8>
     83a:	f3ca 0ec4 	ubfx	lr, sl, #3, #5
     83e:	eb01 0341 	add.w	r3, r1, r1, lsl #1
     842:	fa5f fa8a 	uxtb.w	sl, sl
     846:	4638      	mov	r0, r7
     848:	443b      	add	r3, r7
     84a:	eb0e 0e4e 	add.w	lr, lr, lr, lsl #1
     84e:	2200      	movs	r2, #0
     850:	eb03 0ece 	add.w	lr, r3, lr, lsl #3
     854:	601a      	str	r2, [r3, #0]
     856:	3318      	adds	r3, #24
     858:	f843 2c14 	str.w	r2, [r3, #-20]
     85c:	f843 2c10 	str.w	r2, [r3, #-16]
     860:	f843 2c0c 	str.w	r2, [r3, #-12]
     864:	f843 2c08 	str.w	r2, [r3, #-8]
     868:	f843 2c04 	str.w	r2, [r3, #-4]
     86c:	4573      	cmp	r3, lr
     86e:	d1f1      	bne.n	854 <SerialProcessor::UpdateSensorCount()+0x150>
     870:	f01a 0f07 	tst.w	sl, #7
     874:	d00e      	beq.n	894 <SerialProcessor::UpdateSensorCount()+0x190>
     876:	f02a 0a07 	bic.w	sl, sl, #7
     87a:	448a      	add	sl, r1
     87c:	fa5f f18a 	uxtb.w	r1, sl
     880:	eb01 0341 	add.w	r3, r1, r1, lsl #1
     884:	4418      	add	r0, r3
     886:	3101      	adds	r1, #1
     888:	8004      	strh	r4, [r0, #0]
        b = (colorcode >>  0) & 0xFF;
     88a:	7084      	strb	r4, [r0, #2]
     88c:	3003      	adds	r0, #3
     88e:	b2c9      	uxtb	r1, r1
     890:	458c      	cmp	ip, r1
     892:	d8f8      	bhi.n	886 <SerialProcessor::UpdateSensorCount()+0x182>
      for (size_t i = newCount; i < oldCount; ++i) {
     894:	3601      	adds	r6, #1
     896:	f898 1000 	ldrb.w	r1, [r8]
     89a:	4640      	mov	r0, r8
     89c:	f505 75be 	add.w	r5, r5, #380	@ 0x17c
     8a0:	f001 fd5e 	bl	2360 <CFastLED::show(unsigned char)>
     8a4:	45b1      	cmp	r9, r6
     8a6:	d8b3      	bhi.n	810 <SerialProcessor::UpdateSensorCount()+0x10c>
     8a8:	f8dd a004 	ldr.w	sl, [sp, #4]
        LedZoneOff(kSensors[i].GetLedOffset(), kSensors[i].GetLedCount());
      }
    }

    kNumSensors = (size_t)newCount;
     8ac:	f8cb a000 	str.w	sl, [fp]
    SaveSensorConfigToEeprom();
     8b0:	f7ff fd96 	bl	3e0 <SaveSensorConfigToEeprom()>
     8b4:	210b      	movs	r1, #11
     8b6:	4814      	ldr	r0, [pc, #80]	@ (908 <SerialProcessor::UpdateSensorCount()+0x204>)
     8b8:	f003 ff60 	bl	477c <usb_serial_write>
     8bc:	2300      	movs	r3, #0
     8be:	220a      	movs	r2, #10
     8c0:	f8db 1000 	ldr.w	r1, [fp]
     8c4:	4811      	ldr	r0, [pc, #68]	@ (90c <SerialProcessor::UpdateSensorCount()+0x208>)
     8c6:	f001 ff7f 	bl	27c8 <Print::printNumber(unsigned long, unsigned char, unsigned char)>
     8ca:	2101      	movs	r1, #1
     8cc:	4810      	ldr	r0, [pc, #64]	@ (910 <SerialProcessor::UpdateSensorCount()+0x20c>)
     8ce:	f003 ff55 	bl	477c <usb_serial_write>
    Serial.print("n_ok count="); Serial.print(kNumSensors); Serial.print("\n");
    PrintLedConfig();
  }
     8d2:	b00b      	add	sp, #44	@ 0x2c
     8d4:	e8bd 4ff0 	ldmia.w	sp!, {r4, r5, r6, r7, r8, r9, sl, fp, lr}
    PrintLedConfig();
     8d8:	f7ff be76 	b.w	5c8 <PrintLedConfig()>
     8dc:	4809      	ldr	r0, [pc, #36]	@ (904 <SerialProcessor::UpdateSensorCount()+0x200>)
     8de:	e7cf      	b.n	880 <SerialProcessor::UpdateSensorCount()+0x17c>
     8e0:	2111      	movs	r1, #17
     8e2:	480c      	ldr	r0, [pc, #48]	@ (914 <SerialProcessor::UpdateSensorCount()+0x210>)
  }
     8e4:	b00b      	add	sp, #44	@ 0x2c
     8e6:	e8bd 4ff0 	ldmia.w	sp!, {r4, r5, r6, r7, r8, r9, sl, fp, lr}
     8ea:	f003 bf47 	b.w	477c <usb_serial_write>
      uint8_t nextOffset = 0;
     8ee:	464b      	mov	r3, r9
     8f0:	4a01      	ldr	r2, [pc, #4]	@ (8f8 <SerialProcessor::UpdateSensorCount()+0x1f4>)
     8f2:	e73b      	b.n	76c <SerialProcessor::UpdateSensorCount()+0x68>
     8f4:	20000400 	.word	0x20000400
     8f8:	20001738 	.word	0x20001738
     8fc:	20000418 	.word	0x20000418
     900:	03d403e8 	.word	0x03d403e8
     904:	200024d0 	.word	0x200024d0
     908:	20000450 	.word	0x20000450
     90c:	20000c80 	.word	0x20000c80
     910:	20000590 	.word	0x20000590
     914:	2000043c 	.word	0x2000043c
     918:	20000d00 	.word	0x20000d00
     91c:	20001720 	.word	0x20001720

00000920 <SerialProcessor::UpdateSensorZone()>:

  // "z <sensor_index> <led_offset> <led_count>"
  void UpdateSensorZone() {
     920:	e92d 41f0 	stmdb	sp!, {r4, r5, r6, r7, r8, lr}
     924:	b082      	sub	sp, #8
    char* p = buffer_ + 1;
    char* end;
    int sensor = (int)strtol(p, &end, 10); p = end;
     926:	220a      	movs	r2, #10
     928:	3001      	adds	r0, #1
     92a:	a901      	add	r1, sp, #4
     92c:	f004 f976 	bl	4c1c <strtol>
    int offset = (int)strtol(p, &end, 10); p = end;
     930:	220a      	movs	r2, #10
    int sensor = (int)strtol(p, &end, 10); p = end;
     932:	4604      	mov	r4, r0
    int offset = (int)strtol(p, &end, 10); p = end;
     934:	a901      	add	r1, sp, #4
     936:	9801      	ldr	r0, [sp, #4]
     938:	f004 f970 	bl	4c1c <strtol>
    int count  = (int)strtol(p, &end, 10);
     93c:	220a      	movs	r2, #10
    int offset = (int)strtol(p, &end, 10); p = end;
     93e:	4605      	mov	r5, r0
    int count  = (int)strtol(p, &end, 10);
     940:	a901      	add	r1, sp, #4
     942:	9801      	ldr	r0, [sp, #4]
     944:	f004 f96a 	bl	4c1c <strtol>

    if (sensor < 0 || sensor >= (int)kNumSensors) {
     948:	2c00      	cmp	r4, #0
     94a:	db13      	blt.n	974 <SerialProcessor::UpdateSensorZone()+0x54>
     94c:	4b63      	ldr	r3, [pc, #396]	@ (adc <SerialProcessor::UpdateSensorZone()+0x1bc>)
     94e:	681b      	ldr	r3, [r3, #0]
     950:	42a3      	cmp	r3, r4
     952:	dd0f      	ble.n	974 <SerialProcessor::UpdateSensorZone()+0x54>
      Serial.print("z_err: bad sensor\n"); return;
    }
    if (offset < 0 || offset >= NUM_LEDS) {
     954:	2d3f      	cmp	r5, #63	@ 0x3f
     956:	f200 808e 	bhi.w	a76 <SerialProcessor::UpdateSensorZone()+0x156>
      Serial.print("z_err: bad offset\n"); return;
    }
    if (count < 1 || offset + count > NUM_LEDS) {
     95a:	2800      	cmp	r0, #0
     95c:	4606      	mov	r6, r0
     95e:	dd02      	ble.n	966 <SerialProcessor::UpdateSensorZone()+0x46>
     960:	182b      	adds	r3, r5, r0
     962:	2b40      	cmp	r3, #64	@ 0x40
     964:	dd0d      	ble.n	982 <SerialProcessor::UpdateSensorZone()+0x62>
     966:	2111      	movs	r1, #17
     968:	485d      	ldr	r0, [pc, #372]	@ (ae0 <SerialProcessor::UpdateSensorZone()+0x1c0>)
     96a:	f003 ff07 	bl	477c <usb_serial_write>
    Serial.print("z_ok sensor="); Serial.print(sensor);
    Serial.print(" offset=");     Serial.print(offset);
    Serial.print(" count=");      Serial.print(count);
    Serial.print("\n");
    PrintLedConfig();
  }
     96e:	b002      	add	sp, #8
     970:	e8bd 81f0 	ldmia.w	sp!, {r4, r5, r6, r7, r8, pc}
     974:	2112      	movs	r1, #18
     976:	485b      	ldr	r0, [pc, #364]	@ (ae4 <SerialProcessor::UpdateSensorZone()+0x1c4>)
     978:	f003 ff00 	bl	477c <usb_serial_write>
     97c:	b002      	add	sp, #8
     97e:	e8bd 81f0 	ldmia.w	sp!, {r4, r5, r6, r7, r8, pc}
    LedZoneOff(led_offset_, led_count_);
     982:	f44f 73be 	mov.w	r3, #380	@ 0x17c
     986:	4a58      	ldr	r2, [pc, #352]	@ (ae8 <SerialProcessor::UpdateSensorZone()+0x1c8>)
    kSensors[sensor].SetLedZone((uint8_t)offset, (uint8_t)count);
     988:	b2ef      	uxtb	r7, r5
    LedZoneOff(led_offset_, led_count_);
     98a:	fb03 2304 	mla	r3, r3, r4, r2
     98e:	f893 1174 	ldrb.w	r1, [r3, #372]	@ 0x174
  uint8_t end = led_offset + led_count;
     992:	f893 0175 	ldrb.w	r0, [r3, #373]	@ 0x175
     996:	4408      	add	r0, r1
  if (end > NUM_LEDS) end = NUM_LEDS;
     998:	b2c0      	uxtb	r0, r0
     99a:	2840      	cmp	r0, #64	@ 0x40
     99c:	bf28      	it	cs
     99e:	2040      	movcs	r0, #64	@ 0x40
  for (uint8_t i = led_offset; i < end; ++i) {
     9a0:	4281      	cmp	r1, r0
     9a2:	d234      	bcs.n	a0e <SerialProcessor::UpdateSensorZone()+0xee>
     9a4:	1a42      	subs	r2, r0, r1
     9a6:	1e53      	subs	r3, r2, #1
     9a8:	b2db      	uxtb	r3, r3
     9aa:	2b06      	cmp	r3, #6
     9ac:	f240 8093 	bls.w	ad6 <SerialProcessor::UpdateSensorZone()+0x1b6>
     9b0:	f3c2 0ec4 	ubfx	lr, r2, #3, #5
     9b4:	eb01 0341 	add.w	r3, r1, r1, lsl #1
     9b8:	f8df c14c 	ldr.w	ip, [pc, #332]	@ b08 <SerialProcessor::UpdateSensorZone()+0x1e8>
     9bc:	fa5f f882 	uxtb.w	r8, r2
     9c0:	eb0e 0e4e 	add.w	lr, lr, lr, lsl #1
        r = (colorcode >> 16) & 0xFF;
     9c4:	2200      	movs	r2, #0
     9c6:	4463      	add	r3, ip
     9c8:	eb03 0ece 	add.w	lr, r3, lr, lsl #3
     9cc:	601a      	str	r2, [r3, #0]
     9ce:	3318      	adds	r3, #24
     9d0:	f843 2c14 	str.w	r2, [r3, #-20]
     9d4:	f843 2c10 	str.w	r2, [r3, #-16]
     9d8:	f843 2c0c 	str.w	r2, [r3, #-12]
     9dc:	f843 2c08 	str.w	r2, [r3, #-8]
     9e0:	f843 2c04 	str.w	r2, [r3, #-4]
     9e4:	459e      	cmp	lr, r3
     9e6:	d1f1      	bne.n	9cc <SerialProcessor::UpdateSensorZone()+0xac>
     9e8:	f018 0f07 	tst.w	r8, #7
     9ec:	d00f      	beq.n	a0e <SerialProcessor::UpdateSensorZone()+0xee>
     9ee:	f028 0207 	bic.w	r2, r8, #7
     9f2:	440a      	add	r2, r1
     9f4:	b2d1      	uxtb	r1, r2
     9f6:	eb01 0341 	add.w	r3, r1, r1, lsl #1
     9fa:	f04f 0200 	mov.w	r2, #0
     9fe:	4463      	add	r3, ip
     a00:	3101      	adds	r1, #1
     a02:	801a      	strh	r2, [r3, #0]
        b = (colorcode >>  0) & 0xFF;
     a04:	709a      	strb	r2, [r3, #2]
     a06:	3303      	adds	r3, #3
     a08:	b2c9      	uxtb	r1, r1
     a0a:	4281      	cmp	r1, r0
     a0c:	d3f8      	bcc.n	a00 <SerialProcessor::UpdateSensorZone()+0xe0>
     a0e:	4837      	ldr	r0, [pc, #220]	@ (aec <SerialProcessor::UpdateSensorZone()+0x1cc>)
     a10:	7801      	ldrb	r1, [r0, #0]
     a12:	f001 fca5 	bl	2360 <CFastLED::show(unsigned char)>
    led_offset_ = offset;
     a16:	4a34      	ldr	r2, [pc, #208]	@ (ae8 <SerialProcessor::UpdateSensorZone()+0x1c8>)
     a18:	f44f 73be 	mov.w	r3, #380	@ 0x17c
    if (is_active_) LedZoneOn(led_offset_, led_count_, color_);
     a1c:	4833      	ldr	r0, [pc, #204]	@ (aec <SerialProcessor::UpdateSensorZone()+0x1cc>)
    led_offset_ = offset;
     a1e:	fb03 2304 	mla	r3, r3, r4, r2
    if (is_active_) LedZoneOn(led_offset_, led_count_, color_);
     a22:	f893 2179 	ldrb.w	r2, [r3, #377]	@ 0x179
    led_offset_ = offset;
     a26:	f883 7174 	strb.w	r7, [r3, #372]	@ 0x174
    led_count_  = count;
     a2a:	f883 6175 	strb.w	r6, [r3, #373]	@ 0x175
    if (is_active_) LedZoneOn(led_offset_, led_count_, color_);
     a2e:	bb4a      	cbnz	r2, a84 <SerialProcessor::UpdateSensorZone()+0x164>
    SaveSensorConfigToEeprom();
     a30:	f7ff fcd6 	bl	3e0 <SaveSensorConfigToEeprom()>
     a34:	210c      	movs	r1, #12
     a36:	482e      	ldr	r0, [pc, #184]	@ (af0 <SerialProcessor::UpdateSensorZone()+0x1d0>)
     a38:	f003 fea0 	bl	477c <usb_serial_write>
	size_t print(int n)				{ return print((long)n); }
     a3c:	4621      	mov	r1, r4
     a3e:	482d      	ldr	r0, [pc, #180]	@ (af4 <SerialProcessor::UpdateSensorZone()+0x1d4>)
     a40:	f001 feb6 	bl	27b0 <Print::print(long)>
     a44:	2108      	movs	r1, #8
     a46:	482c      	ldr	r0, [pc, #176]	@ (af8 <SerialProcessor::UpdateSensorZone()+0x1d8>)
     a48:	f003 fe98 	bl	477c <usb_serial_write>
     a4c:	4629      	mov	r1, r5
     a4e:	4829      	ldr	r0, [pc, #164]	@ (af4 <SerialProcessor::UpdateSensorZone()+0x1d4>)
     a50:	f001 feae 	bl	27b0 <Print::print(long)>
     a54:	2107      	movs	r1, #7
     a56:	4829      	ldr	r0, [pc, #164]	@ (afc <SerialProcessor::UpdateSensorZone()+0x1dc>)
     a58:	f003 fe90 	bl	477c <usb_serial_write>
     a5c:	4631      	mov	r1, r6
     a5e:	4825      	ldr	r0, [pc, #148]	@ (af4 <SerialProcessor::UpdateSensorZone()+0x1d4>)
     a60:	f001 fea6 	bl	27b0 <Print::print(long)>
     a64:	2101      	movs	r1, #1
     a66:	4826      	ldr	r0, [pc, #152]	@ (b00 <SerialProcessor::UpdateSensorZone()+0x1e0>)
     a68:	f003 fe88 	bl	477c <usb_serial_write>
    PrintLedConfig();
     a6c:	f7ff fdac 	bl	5c8 <PrintLedConfig()>
  }
     a70:	b002      	add	sp, #8
     a72:	e8bd 81f0 	ldmia.w	sp!, {r4, r5, r6, r7, r8, pc}
     a76:	2112      	movs	r1, #18
     a78:	4822      	ldr	r0, [pc, #136]	@ (b04 <SerialProcessor::UpdateSensorZone()+0x1e4>)
     a7a:	f003 fe7f 	bl	477c <usb_serial_write>
     a7e:	b002      	add	sp, #8
     a80:	e8bd 81f0 	ldmia.w	sp!, {r4, r5, r6, r7, r8, pc}
  uint8_t end = led_offset + led_count;
     a84:	eb07 0e06 	add.w	lr, r7, r6
     a88:	f8b3 2176 	ldrh.w	r2, [r3, #374]	@ 0x176
     a8c:	f893 3178 	ldrb.w	r3, [r3, #376]	@ 0x178
  if (end > NUM_LEDS) end = NUM_LEDS;
     a90:	fa5f fe8e 	uxtb.w	lr, lr
     a94:	f8ad 2000 	strh.w	r2, [sp]
     a98:	f88d 3002 	strb.w	r3, [sp, #2]
     a9c:	f1be 0f40 	cmp.w	lr, #64	@ 0x40
     aa0:	bf28      	it	cs
     aa2:	f04f 0e40 	movcs.w	lr, #64	@ 0x40
  for (uint8_t i = led_offset; i < end; ++i) {
     aa6:	4577      	cmp	r7, lr
     aa8:	d210      	bcs.n	acc <SerialProcessor::UpdateSensorZone()+0x1ac>
     aaa:	462b      	mov	r3, r5
     aac:	f8df c058 	ldr.w	ip, [pc, #88]	@ b08 <SerialProcessor::UpdateSensorZone()+0x1e8>
    leds[i] = color;
     ab0:	eb03 0243 	add.w	r2, r3, r3, lsl #1
     ab4:	f8bd 1000 	ldrh.w	r1, [sp]
  for (uint8_t i = led_offset; i < end; ++i) {
     ab8:	3301      	adds	r3, #1
    leds[i] = color;
     aba:	f82c 1002 	strh.w	r1, [ip, r2]
     abe:	4462      	add	r2, ip
     ac0:	f89d 1002 	ldrb.w	r1, [sp, #2]
     ac4:	7091      	strb	r1, [r2, #2]
  for (uint8_t i = led_offset; i < end; ++i) {
     ac6:	b2da      	uxtb	r2, r3
     ac8:	4596      	cmp	lr, r2
     aca:	d8f1      	bhi.n	ab0 <SerialProcessor::UpdateSensorZone()+0x190>
     acc:	7801      	ldrb	r1, [r0, #0]
     ace:	4807      	ldr	r0, [pc, #28]	@ (aec <SerialProcessor::UpdateSensorZone()+0x1cc>)
     ad0:	f001 fc46 	bl	2360 <CFastLED::show(unsigned char)>
     ad4:	e7ac      	b.n	a30 <SerialProcessor::UpdateSensorZone()+0x110>
     ad6:	f8df c030 	ldr.w	ip, [pc, #48]	@ b08 <SerialProcessor::UpdateSensorZone()+0x1e8>
     ada:	e78c      	b.n	9f6 <SerialProcessor::UpdateSensorZone()+0xd6>
     adc:	20000d00 	.word	0x20000d00
     ae0:	20000484 	.word	0x20000484
     ae4:	2000045c 	.word	0x2000045c
     ae8:	20001738 	.word	0x20001738
     aec:	20001720 	.word	0x20001720
     af0:	20000498 	.word	0x20000498
     af4:	20000c80 	.word	0x20000c80
     af8:	200004a8 	.word	0x200004a8
     afc:	20000454 	.word	0x20000454
     b00:	20000590 	.word	0x20000590
     b04:	20000470 	.word	0x20000470
     b08:	200024d0 	.word	0x200024d0

00000b0c <SerialProcessor::CheckAndMaybeProcessData()>:
  void CheckAndMaybeProcessData() {
     b0c:	e92d 4ff0 	stmdb	sp!, {r4, r5, r6, r7, r8, r9, sl, fp, lr}
     b10:	4604      	mov	r4, r0
     b12:	b083      	sub	sp, #12
    if (sensor < 0 || sensor >= (int)kNumSensors) { Serial.print("p_err: bad sensor\n"); return; }
     b14:	4dc7      	ldr	r5, [pc, #796]	@ (e34 <SerialProcessor::CheckAndMaybeProcessData()+0x328>)
        virtual int available() { return usb_serial_available(); }
     b16:	f003 fdc7 	bl	46a8 <usb_serial_available>
    while (Serial.available() > 0) {
     b1a:	2800      	cmp	r0, #0
     b1c:	f340 80f2 	ble.w	d04 <SerialProcessor::CheckAndMaybeProcessData()+0x1f8>
      size_t bytes_read = Serial.readBytesUntil('\n', buffer_, kBufferSize - 1);
     b20:	233f      	movs	r3, #63	@ 0x3f
     b22:	4622      	mov	r2, r4
     b24:	210a      	movs	r1, #10
     b26:	48c4      	ldr	r0, [pc, #784]	@ (e38 <SerialProcessor::CheckAndMaybeProcessData()+0x32c>)
     b28:	f001 fe5a 	bl	27e0 <Stream::readBytesUntil(char, char*, unsigned int)>
      buffer_[bytes_read] = '\0';
     b2c:	2300      	movs	r3, #0
     b2e:	5423      	strb	r3, [r4, r0]
      if (bytes_read == 0) return;
     b30:	2800      	cmp	r0, #0
     b32:	f000 80e7 	beq.w	d04 <SerialProcessor::CheckAndMaybeProcessData()+0x1f8>
      switch (buffer_[0]) {
     b36:	7823      	ldrb	r3, [r4, #0]
     b38:	3b30      	subs	r3, #48	@ 0x30
     b3a:	2b4a      	cmp	r3, #74	@ 0x4a
     b3c:	d8eb      	bhi.n	b16 <SerialProcessor::CheckAndMaybeProcessData()+0xa>
     b3e:	a201      	add	r2, pc, #4	@ (adr r2, b44 <SerialProcessor::CheckAndMaybeProcessData()+0x38>)
     b40:	f852 f023 	ldr.w	pc, [r2, r3, lsl #2]
     b44:	00000c71 	.word	0x00000c71
     b48:	00000c71 	.word	0x00000c71
     b4c:	00000c71 	.word	0x00000c71
     b50:	00000c71 	.word	0x00000c71
     b54:	00000c71 	.word	0x00000c71
     b58:	00000c71 	.word	0x00000c71
     b5c:	00000c71 	.word	0x00000c71
     b60:	00000c71 	.word	0x00000c71
     b64:	00000c71 	.word	0x00000c71
     b68:	00000c71 	.word	0x00000c71
     b6c:	00000b17 	.word	0x00000b17
     b70:	00000b17 	.word	0x00000b17
     b74:	00000b17 	.word	0x00000b17
     b78:	00000b17 	.word	0x00000b17
     b7c:	00000b17 	.word	0x00000b17
     b80:	00000b17 	.word	0x00000b17
     b84:	00000b17 	.word	0x00000b17
     b88:	00000b17 	.word	0x00000b17
     b8c:	0000103d 	.word	0x0000103d
     b90:	00000b17 	.word	0x00000b17
     b94:	00000fd9 	.word	0x00000fd9
     b98:	00000b17 	.word	0x00000b17
     b9c:	00000b17 	.word	0x00000b17
     ba0:	00000f83 	.word	0x00000f83
     ba4:	00000b17 	.word	0x00000b17
     ba8:	00000f7d 	.word	0x00000f7d
     bac:	00000b17 	.word	0x00000b17
     bb0:	00000b17 	.word	0x00000b17
     bb4:	000010ad 	.word	0x000010ad
     bb8:	00001065 	.word	0x00001065
     bbc:	000011ad 	.word	0x000011ad
     bc0:	00000f59 	.word	0x00000f59
     bc4:	00000d73 	.word	0x00000d73
     bc8:	00000d6d 	.word	0x00000d6d
     bcc:	00000e51 	.word	0x00000e51
     bd0:	00000d91 	.word	0x00000d91
     bd4:	00000ed9 	.word	0x00000ed9
     bd8:	00000b17 	.word	0x00000b17
     bdc:	00000e9d 	.word	0x00000e9d
     be0:	00000b17 	.word	0x00000b17
     be4:	00000b17 	.word	0x00000b17
     be8:	00000f15 	.word	0x00000f15
     bec:	00000e95 	.word	0x00000e95
     bf0:	00000b17 	.word	0x00000b17
     bf4:	00000b17 	.word	0x00000b17
     bf8:	00000b17 	.word	0x00000b17
     bfc:	00000b17 	.word	0x00000b17
     c00:	00000b17 	.word	0x00000b17
     c04:	00000b17 	.word	0x00000b17
     c08:	00000b17 	.word	0x00000b17
     c0c:	0000103d 	.word	0x0000103d
     c10:	00000b17 	.word	0x00000b17
     c14:	00000fd9 	.word	0x00000fd9
     c18:	00000b17 	.word	0x00000b17
     c1c:	00000b17 	.word	0x00000b17
     c20:	00000f83 	.word	0x00000f83
     c24:	00000b17 	.word	0x00000b17
     c28:	00000f7d 	.word	0x00000f7d
     c2c:	00000b17 	.word	0x00000b17
     c30:	00000b17 	.word	0x00000b17
     c34:	000010ad 	.word	0x000010ad
     c38:	00001065 	.word	0x00001065
     c3c:	000011ad 	.word	0x000011ad
     c40:	00000f59 	.word	0x00000f59
     c44:	00000d73 	.word	0x00000d73
     c48:	00000d6d 	.word	0x00000d6d
     c4c:	00000e51 	.word	0x00000e51
     c50:	00000d91 	.word	0x00000d91
     c54:	00000ed9 	.word	0x00000ed9
     c58:	00000b17 	.word	0x00000b17
     c5c:	00000e9d 	.word	0x00000e9d
     c60:	00000b17 	.word	0x00000b17
     c64:	00000b17 	.word	0x00000b17
     c68:	00000f15 	.word	0x00000f15
     c6c:	00000e95 	.word	0x00000e95
    SaveSensorConfigToEeprom();
    PrintLedConfig();
  }

  void UpdateAndPrintThreshold(size_t bytes_read) {
    if (bytes_read < 3 || bytes_read > 7) return;
     c70:	3803      	subs	r0, #3
     c72:	2804      	cmp	r0, #4
     c74:	f63f af4f 	bhi.w	b16 <SerialProcessor::CheckAndMaybeProcessData()+0xa>
    char* next = nullptr;
     c78:	2600      	movs	r6, #0
    size_t idx = strtoul(buffer_, &next, 10);
    if (idx >= kNumSensors) return;
     c7a:	f8df 81b8 	ldr.w	r8, [pc, #440]	@ e34 <SerialProcessor::CheckAndMaybeProcessData()+0x328>
    size_t idx = strtoul(buffer_, &next, 10);
     c7e:	220a      	movs	r2, #10
     c80:	a901      	add	r1, sp, #4
     c82:	4620      	mov	r0, r4
    char* next = nullptr;
     c84:	9601      	str	r6, [sp, #4]
    size_t idx = strtoul(buffer_, &next, 10);
     c86:	f004 f875 	bl	4d74 <strtoul>
    if (idx >= kNumSensors) return;
     c8a:	f8d8 3000 	ldr.w	r3, [r8]
    size_t idx = strtoul(buffer_, &next, 10);
     c8e:	4681      	mov	r9, r0
    if (idx >= kNumSensors) return;
     c90:	4298      	cmp	r0, r3
     c92:	f4bf af40 	bcs.w	b16 <SerialProcessor::CheckAndMaybeProcessData()+0xa>
    int16_t thr = strtol(next, nullptr, 10);
     c96:	220a      	movs	r2, #10
     c98:	4631      	mov	r1, r6
     c9a:	9801      	ldr	r0, [sp, #4]
     c9c:	f003 ffbe 	bl	4c1c <strtol>
    if (thr < 0 || thr > 1023) return;
     ca0:	b283      	uxth	r3, r0
     ca2:	f5b3 6f80 	cmp.w	r3, #1024	@ 0x400
     ca6:	f4bf af36 	bcs.w	b16 <SerialProcessor::CheckAndMaybeProcessData()+0xa>
    int16_t derived_release = t - kDefaultPaddingWidth;
     caa:	3b14      	subs	r3, #20
    trigger_threshold_ = t;
     cac:	f44f 72be 	mov.w	r2, #380	@ 0x17c
     cb0:	4f62      	ldr	r7, [pc, #392]	@ (e3c <SerialProcessor::CheckAndMaybeProcessData()+0x330>)
        virtual size_t write(const uint8_t *buffer, size_t size) { return usb_serial_write(buffer, size); }
     cb2:	2101      	movs	r1, #1
    release_threshold_ = (derived_release < 0) ? 0 : derived_release;
     cb4:	b21b      	sxth	r3, r3
    trigger_threshold_ = t;
     cb6:	fb02 7909 	mla	r9, r2, r9, r7
    release_threshold_ = (derived_release < 0) ? 0 : derived_release;
     cba:	ea23 73e3 	bic.w	r3, r3, r3, asr #31
    int16_t thr = strtol(next, nullptr, 10);
     cbe:	f8a9 0004 	strh.w	r0, [r9, #4]
     cc2:	485f      	ldr	r0, [pc, #380]	@ (e40 <SerialProcessor::CheckAndMaybeProcessData()+0x334>)
    release_threshold_ = (derived_release < 0) ? 0 : derived_release;
     cc4:	f8a9 3006 	strh.w	r3, [r9, #6]
     cc8:	f003 fd58 	bl	477c <usb_serial_write>
    }
    Serial.print("\n");
  }
  void PrintThresholds() {
    Serial.print("t");
    for (size_t i = 0; i < kNumSensors; ++i) {
     ccc:	f8d8 3000 	ldr.w	r3, [r8]
     cd0:	b17b      	cbz	r3, cf2 <SerialProcessor::CheckAndMaybeProcessData()+0x1e6>
     cd2:	2101      	movs	r1, #1
     cd4:	485b      	ldr	r0, [pc, #364]	@ (e44 <SerialProcessor::CheckAndMaybeProcessData()+0x338>)
     cd6:	f003 fd51 	bl	477c <usb_serial_write>
     cda:	f9b7 1004 	ldrsh.w	r1, [r7, #4]
     cde:	4856      	ldr	r0, [pc, #344]	@ (e38 <SerialProcessor::CheckAndMaybeProcessData()+0x32c>)
     ce0:	3601      	adds	r6, #1
     ce2:	f001 fd65 	bl	27b0 <Print::print(long)>
     ce6:	f8d8 3000 	ldr.w	r3, [r8]
     cea:	f507 77be 	add.w	r7, r7, #380	@ 0x17c
     cee:	429e      	cmp	r6, r3
     cf0:	d3ef      	bcc.n	cd2 <SerialProcessor::CheckAndMaybeProcessData()+0x1c6>
     cf2:	2101      	movs	r1, #1
     cf4:	4854      	ldr	r0, [pc, #336]	@ (e48 <SerialProcessor::CheckAndMaybeProcessData()+0x33c>)
     cf6:	f003 fd41 	bl	477c <usb_serial_write>
        virtual int available() { return usb_serial_available(); }
     cfa:	f003 fcd5 	bl	46a8 <usb_serial_available>
    while (Serial.available() > 0) {
     cfe:	2800      	cmp	r0, #0
     d00:	f73f af0e 	bgt.w	b20 <SerialProcessor::CheckAndMaybeProcessData()+0x14>
  }
     d04:	b003      	add	sp, #12
     d06:	e8bd 8ff0 	ldmia.w	sp!, {r4, r5, r6, r7, r8, r9, sl, fp, pc}
      sensor = (int)strtol(p, &end, 10);
     d0a:	220a      	movs	r2, #10
     d0c:	a901      	add	r1, sp, #4
     d0e:	f003 ff85 	bl	4c1c <strtol>
      if (sensor < 0 || sensor >= (int)kNumSensors) return;
     d12:	1e06      	subs	r6, r0, #0
     d14:	f6ff aeff 	blt.w	b16 <SerialProcessor::CheckAndMaybeProcessData()+0xa>
     d18:	4b46      	ldr	r3, [pc, #280]	@ (e34 <SerialProcessor::CheckAndMaybeProcessData()+0x328>)
     d1a:	681b      	ldr	r3, [r3, #0]
     d1c:	429e      	cmp	r6, r3
     d1e:	f6bf aefa 	bge.w	b16 <SerialProcessor::CheckAndMaybeProcessData()+0xa>
    uint8_t r = (uint8_t)strtol(p, &end, 10); p = end;
     d22:	220a      	movs	r2, #10
     d24:	a901      	add	r1, sp, #4
     d26:	9801      	ldr	r0, [sp, #4]
     d28:	f003 ff78 	bl	4c1c <strtol>
    uint8_t g = (uint8_t)strtol(p, &end, 10); p = end;
     d2c:	220a      	movs	r2, #10
    uint8_t r = (uint8_t)strtol(p, &end, 10); p = end;
     d2e:	4680      	mov	r8, r0
    uint8_t g = (uint8_t)strtol(p, &end, 10); p = end;
     d30:	a901      	add	r1, sp, #4
     d32:	9801      	ldr	r0, [sp, #4]
     d34:	f003 ff72 	bl	4c1c <strtol>
    uint8_t b = (uint8_t)strtol(p, &end, 10);
     d38:	a901      	add	r1, sp, #4
    uint8_t g = (uint8_t)strtol(p, &end, 10); p = end;
     d3a:	4607      	mov	r7, r0
    uint8_t b = (uint8_t)strtol(p, &end, 10);
     d3c:	220a      	movs	r2, #10
     d3e:	9801      	ldr	r0, [sp, #4]
     d40:	f003 ff6c 	bl	4c1c <strtol>
    color_ = color;
     d44:	f44f 73be 	mov.w	r3, #380	@ 0x17c
     d48:	493c      	ldr	r1, [pc, #240]	@ (e3c <SerialProcessor::CheckAndMaybeProcessData()+0x330>)
     d4a:	fb06 f303 	mul.w	r3, r6, r3
     d4e:	f503 76bb 	add.w	r6, r3, #374	@ 0x176
    uint8_t r = (uint8_t)strtol(p, &end, 10); p = end;
     d52:	f801 8006 	strb.w	r8, [r1, r6]
    color_ = color;
     d56:	440e      	add	r6, r1
    if (is_active_) LedZoneOn(led_offset_, led_count_, color_);
     d58:	4419      	add	r1, r3
    uint8_t g = (uint8_t)strtol(p, &end, 10); p = end;
     d5a:	7077      	strb	r7, [r6, #1]
    uint8_t b = (uint8_t)strtol(p, &end, 10);
     d5c:	70b0      	strb	r0, [r6, #2]
    if (is_active_) LedZoneOn(led_offset_, led_count_, color_);
     d5e:	f891 3179 	ldrb.w	r3, [r1, #377]	@ 0x179
     d62:	2b00      	cmp	r3, #0
     d64:	f040 82ee 	bne.w	1344 <SerialProcessor::CheckAndMaybeProcessData()+0x838>
    SaveSensorConfigToEeprom();
     d68:	f7ff fb3a 	bl	3e0 <SaveSensorConfigToEeprom()>
    PrintLedConfig();
     d6c:	f7ff fc2c 	bl	5c8 <PrintLedConfig()>
     d70:	e6d1      	b.n	b16 <SerialProcessor::CheckAndMaybeProcessData()+0xa>
    int sensor = (int)strtol(p, nullptr, 10);
     d72:	220a      	movs	r2, #10
     d74:	2100      	movs	r1, #0
     d76:	1c60      	adds	r0, r4, #1
     d78:	f003 ff50 	bl	4c1c <strtol>
    if (sensor < 0 || sensor >= (int)kNumSensors) { Serial.print("p_err: bad sensor\n"); return; }
     d7c:	1e03      	subs	r3, r0, #0
     d7e:	f2c0 8219 	blt.w	11b4 <SerialProcessor::CheckAndMaybeProcessData()+0x6a8>
     d82:	682a      	ldr	r2, [r5, #0]
     d84:	4293      	cmp	r3, r2
     d86:	f280 8215 	bge.w	11b4 <SerialProcessor::CheckAndMaybeProcessData()+0x6a8>
    PrintSensorTuningFor(sensor);
     d8a:	f7ff fa3d 	bl	208 <SerialProcessor::PrintSensorTuningFor(int) [clone .isra.0]>
     d8e:	e6c2      	b.n	b16 <SerialProcessor::CheckAndMaybeProcessData()+0xa>
      if (last_used_save_slot_ == -1) {
     d90:	6c63      	ldr	r3, [r4, #68]	@ 0x44
    for (size_t i = 0; i < kNumSensors; ++i) kSensors[i].UpdateOffset();
     d92:	682a      	ldr	r2, [r5, #0]
      if (last_used_save_slot_ == -1) {
     d94:	1c59      	adds	r1, r3, #1
     d96:	f000 82af 	beq.w	12f8 <SerialProcessor::CheckAndMaybeProcessData()+0x7ec>
      } else if (last_used_save_slot_ == LastSaveSlot()) {
     d9a:	2b35      	cmp	r3, #53	@ 0x35
     d9c:	f000 8278 	beq.w	1290 <SerialProcessor::CheckAndMaybeProcessData()+0x784>
        SaveThresholdsInSlot(last_used_save_slot_++);
     da0:	1c59      	adds	r1, r3, #1
      size_t off = SlotRegionStart() + slot * SaveSlotSizeBytes();
     da2:	eb03 03c3 	add.w	r3, r3, r3, lsl #3
        SaveThresholdsInSlot(last_used_save_slot_++);
     da6:	6461      	str	r1, [r4, #68]	@ 0x44
      size_t off = SlotRegionStart() + slot * SaveSlotSizeBytes();
     da8:	ea4f 0943 	mov.w	r9, r3, lsl #1
      for (size_t i = 0; i < kNumSensors; ++i)
     dac:	b1ba      	cbz	r2, dde <SerialProcessor::CheckAndMaybeProcessData()+0x2d2>
      size_t off = SlotRegionStart() + slot * SaveSlotSizeBytes();
     dae:	f109 066b 	add.w	r6, r9, #107	@ 0x6b
     db2:	f8df 8088 	ldr.w	r8, [pc, #136]	@ e3c <SerialProcessor::CheckAndMaybeProcessData()+0x330>
      for (size_t i = 0; i < kNumSensors; ++i)
     db6:	2700      	movs	r7, #0
  int16_t GetThreshold()           { return trigger_threshold_; }  // legacy alias
     db8:	f9b8 a004 	ldrsh.w	sl, [r8, #4]
     dbc:	4630      	mov	r0, r6
      for (size_t i = 0; i < kNumSensors; ++i)
     dbe:	3701      	adds	r7, #1
     dc0:	f508 78be 	add.w	r8, r8, #380	@ 0x17c
     dc4:	fa5f f18a 	uxtb.w	r1, sl
     dc8:	f002 f960 	bl	308c <eeprom_write_byte>
     dcc:	1c70      	adds	r0, r6, #1
     dce:	f3ca 2107 	ubfx	r1, sl, #8, #8
     dd2:	3602      	adds	r6, #2
     dd4:	f002 f95a 	bl	308c <eeprom_write_byte>
     dd8:	682b      	ldr	r3, [r5, #0]
     dda:	429f      	cmp	r7, r3
     ddc:	d3ec      	bcc.n	db8 <SerialProcessor::CheckAndMaybeProcessData()+0x2ac>
      SaveThreshold(slot, MAX_SENSORS, taken ? SAVE_SLOT_TAKEN_MARKER : 0);
     dde:	f9b4 6040 	ldrsh.w	r6, [r4, #64]	@ 0x40
     de2:	f109 007b 	add.w	r0, r9, #123	@ 0x7b
     de6:	b2f1      	uxtb	r1, r6
     de8:	f002 f950 	bl	308c <eeprom_write_byte>
     dec:	f3c6 2107 	ubfx	r1, r6, #8, #8
     df0:	f109 007c 	add.w	r0, r9, #124	@ 0x7c
     df4:	f002 f94a 	bl	308c <eeprom_write_byte>
        virtual size_t write(const uint8_t *buffer, size_t size) { return usb_serial_write(buffer, size); }
     df8:	2101      	movs	r1, #1
     dfa:	4814      	ldr	r0, [pc, #80]	@ (e4c <SerialProcessor::CheckAndMaybeProcessData()+0x340>)
     dfc:	f003 fcbe 	bl	477c <usb_serial_write>
      for (size_t i = 0; i < kNumSensors; ++i) {
     e00:	682b      	ldr	r3, [r5, #0]
     e02:	2b00      	cmp	r3, #0
     e04:	f43f af75 	beq.w	cf2 <SerialProcessor::CheckAndMaybeProcessData()+0x1e6>
     e08:	4f0c      	ldr	r7, [pc, #48]	@ (e3c <SerialProcessor::CheckAndMaybeProcessData()+0x330>)
     e0a:	2600      	movs	r6, #0
     e0c:	2101      	movs	r1, #1
     e0e:	480d      	ldr	r0, [pc, #52]	@ (e44 <SerialProcessor::CheckAndMaybeProcessData()+0x338>)
     e10:	f003 fcb4 	bl	477c <usb_serial_write>
     e14:	f9b7 1004 	ldrsh.w	r1, [r7, #4]
     e18:	4807      	ldr	r0, [pc, #28]	@ (e38 <SerialProcessor::CheckAndMaybeProcessData()+0x32c>)
     e1a:	3601      	adds	r6, #1
     e1c:	f001 fcc8 	bl	27b0 <Print::print(long)>
     e20:	682b      	ldr	r3, [r5, #0]
     e22:	f507 77be 	add.w	r7, r7, #380	@ 0x17c
     e26:	429e      	cmp	r6, r3
     e28:	d3f0      	bcc.n	e0c <SerialProcessor::CheckAndMaybeProcessData()+0x300>
     e2a:	2101      	movs	r1, #1
     e2c:	4806      	ldr	r0, [pc, #24]	@ (e48 <SerialProcessor::CheckAndMaybeProcessData()+0x33c>)
     e2e:	f003 fca5 	bl	477c <usb_serial_write>
     e32:	e762      	b.n	cfa <SerialProcessor::CheckAndMaybeProcessData()+0x1ee>
     e34:	20000d00 	.word	0x20000d00
     e38:	20000c80 	.word	0x20000c80
     e3c:	20001738 	.word	0x20001738
     e40:	200004b8 	.word	0x200004b8
     e44:	20000428 	.word	0x20000428
     e48:	20000590 	.word	0x20000590
     e4c:	200004bc 	.word	0x200004bc
    int sensor = (int)strtol(p, &end, 10); p = end;
     e50:	220a      	movs	r2, #10
     e52:	a901      	add	r1, sp, #4
     e54:	1c60      	adds	r0, r4, #1
     e56:	f003 fee1 	bl	4c1c <strtol>
     e5a:	4606      	mov	r6, r0
    int val    = (int)strtol(p, &end, 10);
     e5c:	220a      	movs	r2, #10
     e5e:	a901      	add	r1, sp, #4
     e60:	9801      	ldr	r0, [sp, #4]
     e62:	f003 fedb 	bl	4c1c <strtol>
    if (sensor < 0 || sensor >= (int)kNumSensors) { Serial.print("r_err: bad sensor\n"); return; }
     e66:	2e00      	cmp	r6, #0
     e68:	f2c0 81b3 	blt.w	11d2 <SerialProcessor::CheckAndMaybeProcessData()+0x6c6>
     e6c:	682b      	ldr	r3, [r5, #0]
     e6e:	429e      	cmp	r6, r3
     e70:	f280 81af 	bge.w	11d2 <SerialProcessor::CheckAndMaybeProcessData()+0x6c6>
    if (val < 0 || val > 1023) { Serial.print("r_err: bad value\n"); return; }
     e74:	f5b0 6f80 	cmp.w	r0, #1024	@ 0x400
     e78:	f080 81ba 	bcs.w	11f0 <SerialProcessor::CheckAndMaybeProcessData()+0x6e4>
  void SetReleaseThreshold(int16_t t) { release_threshold_ = constrain(t, 0, 1023); }
     e7c:	f44f 72be 	mov.w	r2, #380	@ 0x17c
     e80:	4b9f      	ldr	r3, [pc, #636]	@ (1100 <SerialProcessor::CheckAndMaybeProcessData()+0x5f4>)
     e82:	fb02 3306 	mla	r3, r2, r6, r3
     e86:	80d8      	strh	r0, [r3, #6]
    SaveSensorConfigToEeprom();
     e88:	f7ff faaa 	bl	3e0 <SaveSensorConfigToEeprom()>
    PrintSensorTuningFor(sensor);
     e8c:	4630      	mov	r0, r6
     e8e:	f7ff f9bb 	bl	208 <SerialProcessor::PrintSensorTuningFor(int) [clone .isra.0]>
     e92:	e640      	b.n	b16 <SerialProcessor::CheckAndMaybeProcessData()+0xa>
        case 'z': case 'Z': UpdateSensorZone();                 break;
     e94:	4620      	mov	r0, r4
     e96:	f7ff fd43 	bl	920 <SerialProcessor::UpdateSensorZone()>
     e9a:	e63c      	b.n	b16 <SerialProcessor::CheckAndMaybeProcessData()+0xa>
     e9c:	2101      	movs	r1, #1
     e9e:	4899      	ldr	r0, [pc, #612]	@ (1104 <SerialProcessor::CheckAndMaybeProcessData()+0x5f8>)
     ea0:	f003 fc6c 	bl	477c <usb_serial_write>
    for (size_t i = 0; i < kNumSensors; ++i) {
     ea4:	682b      	ldr	r3, [r5, #0]
     ea6:	2b00      	cmp	r3, #0
     ea8:	f43f af23 	beq.w	cf2 <SerialProcessor::CheckAndMaybeProcessData()+0x1e6>
     eac:	4f94      	ldr	r7, [pc, #592]	@ (1100 <SerialProcessor::CheckAndMaybeProcessData()+0x5f4>)
     eae:	2600      	movs	r6, #0
     eb0:	2101      	movs	r1, #1
     eb2:	4895      	ldr	r0, [pc, #596]	@ (1108 <SerialProcessor::CheckAndMaybeProcessData()+0x5fc>)
     eb4:	f003 fc62 	bl	477c <usb_serial_write>
     eb8:	f9b7 1170 	ldrsh.w	r1, [r7, #368]	@ 0x170
     ebc:	4893      	ldr	r0, [pc, #588]	@ (110c <SerialProcessor::CheckAndMaybeProcessData()+0x600>)
     ebe:	3601      	adds	r6, #1
     ec0:	f001 fc76 	bl	27b0 <Print::print(long)>
     ec4:	682b      	ldr	r3, [r5, #0]
     ec6:	f507 77be 	add.w	r7, r7, #380	@ 0x17c
     eca:	429e      	cmp	r6, r3
     ecc:	d3f0      	bcc.n	eb0 <SerialProcessor::CheckAndMaybeProcessData()+0x3a4>
     ece:	2101      	movs	r1, #1
     ed0:	488f      	ldr	r0, [pc, #572]	@ (1110 <SerialProcessor::CheckAndMaybeProcessData()+0x604>)
     ed2:	f003 fc53 	bl	477c <usb_serial_write>
     ed6:	e710      	b.n	cfa <SerialProcessor::CheckAndMaybeProcessData()+0x1ee>
     ed8:	2101      	movs	r1, #1
     eda:	488e      	ldr	r0, [pc, #568]	@ (1114 <SerialProcessor::CheckAndMaybeProcessData()+0x608>)
     edc:	f003 fc4e 	bl	477c <usb_serial_write>
    for (size_t i = 0; i < kNumSensors; ++i) {
     ee0:	682b      	ldr	r3, [r5, #0]
     ee2:	2b00      	cmp	r3, #0
     ee4:	f43f af05 	beq.w	cf2 <SerialProcessor::CheckAndMaybeProcessData()+0x1e6>
     ee8:	4f85      	ldr	r7, [pc, #532]	@ (1100 <SerialProcessor::CheckAndMaybeProcessData()+0x5f4>)
     eea:	2600      	movs	r6, #0
     eec:	2101      	movs	r1, #1
     eee:	4886      	ldr	r0, [pc, #536]	@ (1108 <SerialProcessor::CheckAndMaybeProcessData()+0x5fc>)
     ef0:	f003 fc44 	bl	477c <usb_serial_write>
     ef4:	f9b7 1004 	ldrsh.w	r1, [r7, #4]
     ef8:	4884      	ldr	r0, [pc, #528]	@ (110c <SerialProcessor::CheckAndMaybeProcessData()+0x600>)
     efa:	3601      	adds	r6, #1
     efc:	f001 fc58 	bl	27b0 <Print::print(long)>
     f00:	682b      	ldr	r3, [r5, #0]
     f02:	f507 77be 	add.w	r7, r7, #380	@ 0x17c
     f06:	429e      	cmp	r6, r3
     f08:	d3f0      	bcc.n	eec <SerialProcessor::CheckAndMaybeProcessData()+0x3e0>
     f0a:	2101      	movs	r1, #1
     f0c:	4880      	ldr	r0, [pc, #512]	@ (1110 <SerialProcessor::CheckAndMaybeProcessData()+0x604>)
     f0e:	f003 fc35 	bl	477c <usb_serial_write>
     f12:	e6f2      	b.n	cfa <SerialProcessor::CheckAndMaybeProcessData()+0x1ee>
    int sensor = (int)strtol(p, &end, 10); p = end;
     f14:	220a      	movs	r2, #10
     f16:	a901      	add	r1, sp, #4
     f18:	1c60      	adds	r0, r4, #1
     f1a:	f003 fe7f 	bl	4c1c <strtol>
     f1e:	4606      	mov	r6, r0
    int val    = (int)strtol(p, &end, 10);
     f20:	220a      	movs	r2, #10
     f22:	a901      	add	r1, sp, #4
     f24:	9801      	ldr	r0, [sp, #4]
     f26:	f003 fe79 	bl	4c1c <strtol>
    if (sensor < 0 || sensor >= (int)kNumSensors) { Serial.print("y_err: bad sensor\n"); return; }
     f2a:	2e00      	cmp	r6, #0
     f2c:	f2c0 8147 	blt.w	11be <SerialProcessor::CheckAndMaybeProcessData()+0x6b2>
     f30:	682b      	ldr	r3, [r5, #0]
     f32:	429e      	cmp	r6, r3
     f34:	f280 8143 	bge.w	11be <SerialProcessor::CheckAndMaybeProcessData()+0x6b2>
    if (val < 0 || val > 1023) { Serial.print("y_err: bad value\n"); return; }
     f38:	f5b0 6f80 	cmp.w	r0, #1024	@ 0x400
     f3c:	f080 8153 	bcs.w	11e6 <SerialProcessor::CheckAndMaybeProcessData()+0x6da>
  void SetTriggerThreshold(int16_t t) { trigger_threshold_ = constrain(t, 0, 1023); }
     f40:	f44f 72be 	mov.w	r2, #380	@ 0x17c
     f44:	4b6e      	ldr	r3, [pc, #440]	@ (1100 <SerialProcessor::CheckAndMaybeProcessData()+0x5f4>)
     f46:	fb02 3306 	mla	r3, r2, r6, r3
     f4a:	8098      	strh	r0, [r3, #4]
    SaveSensorConfigToEeprom();
     f4c:	f7ff fa48 	bl	3e0 <SaveSensorConfigToEeprom()>
    PrintSensorTuningFor(sensor);
     f50:	4630      	mov	r0, r6
     f52:	f7ff f959 	bl	208 <SerialProcessor::PrintSensorTuningFor(int) [clone .isra.0]>
     f56:	e5de      	b.n	b16 <SerialProcessor::CheckAndMaybeProcessData()+0xa>
    for (size_t i = 0; i < kNumSensors; ++i) kSensors[i].UpdateOffset();
     f58:	6829      	ldr	r1, [r5, #0]
     f5a:	2900      	cmp	r1, #0
     f5c:	f43f addb 	beq.w	b16 <SerialProcessor::CheckAndMaybeProcessData()+0xa>
     f60:	4b67      	ldr	r3, [pc, #412]	@ (1100 <SerialProcessor::CheckAndMaybeProcessData()+0x5f4>)
     f62:	f44f 72be 	mov.w	r2, #380	@ 0x17c
     f66:	fb02 3101 	mla	r1, r2, r1, r3
  int16_t UpdateOffset()           { offset_ = cur_value_; return offset_; }
     f6a:	f8b3 2170 	ldrh.w	r2, [r3, #368]	@ 0x170
    for (size_t i = 0; i < kNumSensors; ++i) kSensors[i].UpdateOffset();
     f6e:	f503 73be 	add.w	r3, r3, #380	@ 0x17c
     f72:	4299      	cmp	r1, r3
  int16_t UpdateOffset()           { offset_ = cur_value_; return offset_; }
     f74:	f823 2c0a 	strh.w	r2, [r3, #-10]
    for (size_t i = 0; i < kNumSensors; ++i) kSensors[i].UpdateOffset();
     f78:	d1f7      	bne.n	f6a <SerialProcessor::CheckAndMaybeProcessData()+0x45e>
     f7a:	e5cc      	b.n	b16 <SerialProcessor::CheckAndMaybeProcessData()+0xa>
        case 'i': case 'I': PrintIdentify();                    break;
     f7c:	f7ff fb92 	bl	6a4 <PrintIdentify()>
     f80:	e5c9      	b.n	b16 <SerialProcessor::CheckAndMaybeProcessData()+0xa>
    while (*p == ' ') p++;
     f82:	7863      	ldrb	r3, [r4, #1]
    char* p = buffer_ + 1;
     f84:	1c60      	adds	r0, r4, #1
    while (*p == ' ') p++;
     f86:	2b20      	cmp	r3, #32
     f88:	d103      	bne.n	f92 <SerialProcessor::CheckAndMaybeProcessData()+0x486>
     f8a:	f810 3f01 	ldrb.w	r3, [r0, #1]!
     f8e:	2b20      	cmp	r3, #32
     f90:	d0fb      	beq.n	f8a <SerialProcessor::CheckAndMaybeProcessData()+0x47e>
    if (!all) {
     f92:	f003 03df 	and.w	r3, r3, #223	@ 0xdf
     f96:	2b41      	cmp	r3, #65	@ 0x41
     f98:	f040 8158 	bne.w	124c <SerialProcessor::CheckAndMaybeProcessData()+0x740>
    int gain = (int)strtol(p, nullptr, 10);
     f9c:	3001      	adds	r0, #1
     f9e:	220a      	movs	r2, #10
     fa0:	2100      	movs	r1, #0
     fa2:	f003 fe3b 	bl	4c1c <strtol>
    if (gain < 10 || gain > 500) { Serial.print("g_err: bad gain\n"); return; }
     fa6:	f1a0 030a 	sub.w	r3, r0, #10
    int gain = (int)strtol(p, nullptr, 10);
     faa:	4606      	mov	r6, r0
    if (gain < 10 || gain > 500) { Serial.print("g_err: bad gain\n"); return; }
     fac:	f5b3 7ff5 	cmp.w	r3, #490	@ 0x1ea
     fb0:	f200 8114 	bhi.w	11dc <SerialProcessor::CheckAndMaybeProcessData()+0x6d0>
      for (size_t i = 0; i < kNumSensors; ++i) kSensors[i].SetGain((uint16_t)gain);
     fb4:	4b58      	ldr	r3, [pc, #352]	@ (1118 <SerialProcessor::CheckAndMaybeProcessData()+0x60c>)
     fb6:	681a      	ldr	r2, [r3, #0]
     fb8:	b14a      	cbz	r2, fce <SerialProcessor::CheckAndMaybeProcessData()+0x4c2>
     fba:	4b51      	ldr	r3, [pc, #324]	@ (1100 <SerialProcessor::CheckAndMaybeProcessData()+0x5f4>)
     fbc:	f44f 71be 	mov.w	r1, #380	@ 0x17c
     fc0:	fb01 3202 	mla	r2, r1, r2, r3
  void SetGain(uint16_t gain_x100)    { gain_x100_ = constrain(gain_x100, (uint16_t)10, (uint16_t)500); }
     fc4:	811e      	strh	r6, [r3, #8]
      for (size_t i = 0; i < kNumSensors; ++i) kSensors[i].SetGain((uint16_t)gain);
     fc6:	f503 73be 	add.w	r3, r3, #380	@ 0x17c
     fca:	4293      	cmp	r3, r2
     fcc:	d1fa      	bne.n	fc4 <SerialProcessor::CheckAndMaybeProcessData()+0x4b8>
    SaveSensorConfigToEeprom();
     fce:	f7ff fa07 	bl	3e0 <SaveSensorConfigToEeprom()>
     fd2:	2109      	movs	r1, #9
     fd4:	4851      	ldr	r0, [pc, #324]	@ (111c <SerialProcessor::CheckAndMaybeProcessData()+0x610>)
     fd6:	e026      	b.n	1026 <SerialProcessor::CheckAndMaybeProcessData()+0x51a>
    while (*p == ' ') p++;
     fd8:	7863      	ldrb	r3, [r4, #1]
    char* p = buffer_ + 1;
     fda:	1c60      	adds	r0, r4, #1
    while (*p == ' ') p++;
     fdc:	2b20      	cmp	r3, #32
     fde:	d103      	bne.n	fe8 <SerialProcessor::CheckAndMaybeProcessData()+0x4dc>
     fe0:	f810 3f01 	ldrb.w	r3, [r0, #1]!
     fe4:	2b20      	cmp	r3, #32
     fe6:	d0fb      	beq.n	fe0 <SerialProcessor::CheckAndMaybeProcessData()+0x4d4>
    if (!all) {
     fe8:	f003 03df 	and.w	r3, r3, #223	@ 0xdf
     fec:	2b41      	cmp	r3, #65	@ 0x41
     fee:	f040 8109 	bne.w	1204 <SerialProcessor::CheckAndMaybeProcessData()+0x6f8>
    int ms = (int)strtol(p, nullptr, 10);
     ff2:	3001      	adds	r0, #1
     ff4:	220a      	movs	r2, #10
     ff6:	2100      	movs	r1, #0
     ff8:	f003 fe10 	bl	4c1c <strtol>
    if (ms < 0 || ms > 100) { Serial.print("d_err: bad value\n"); return; }
     ffc:	2864      	cmp	r0, #100	@ 0x64
    int ms = (int)strtol(p, nullptr, 10);
     ffe:	4606      	mov	r6, r0
    if (ms < 0 || ms > 100) { Serial.print("d_err: bad value\n"); return; }
    1000:	f200 811f 	bhi.w	1242 <SerialProcessor::CheckAndMaybeProcessData()+0x736>
      for (size_t i = 0; i < kNumSensors; ++i) kSensors[i].SetReleaseDebounceMs((uint16_t)ms);
    1004:	4b44      	ldr	r3, [pc, #272]	@ (1118 <SerialProcessor::CheckAndMaybeProcessData()+0x60c>)
    1006:	681a      	ldr	r2, [r3, #0]
    1008:	b14a      	cbz	r2, 101e <SerialProcessor::CheckAndMaybeProcessData()+0x512>
    100a:	4b3d      	ldr	r3, [pc, #244]	@ (1100 <SerialProcessor::CheckAndMaybeProcessData()+0x5f4>)
    100c:	f44f 71be 	mov.w	r1, #380	@ 0x17c
    1010:	fb01 3202 	mla	r2, r1, r2, r3
  void SetReleaseDebounceMs(uint16_t ms) { release_debounce_ms_ = constrain(ms, (uint16_t)0, (uint16_t)100); }
    1014:	815e      	strh	r6, [r3, #10]
      for (size_t i = 0; i < kNumSensors; ++i) kSensors[i].SetReleaseDebounceMs((uint16_t)ms);
    1016:	f503 73be 	add.w	r3, r3, #380	@ 0x17c
    101a:	429a      	cmp	r2, r3
    101c:	d1fa      	bne.n	1014 <SerialProcessor::CheckAndMaybeProcessData()+0x508>
    SaveSensorConfigToEeprom();
    101e:	f7ff f9df 	bl	3e0 <SaveSensorConfigToEeprom()>
    1022:	2109      	movs	r1, #9
    1024:	483e      	ldr	r0, [pc, #248]	@ (1120 <SerialProcessor::CheckAndMaybeProcessData()+0x614>)
    1026:	f003 fba9 	bl	477c <usb_serial_write>
    102a:	4631      	mov	r1, r6
    102c:	4837      	ldr	r0, [pc, #220]	@ (110c <SerialProcessor::CheckAndMaybeProcessData()+0x600>)
    102e:	f001 fbbf 	bl	27b0 <Print::print(long)>
    1032:	2101      	movs	r1, #1
    1034:	4836      	ldr	r0, [pc, #216]	@ (1110 <SerialProcessor::CheckAndMaybeProcessData()+0x604>)
    1036:	f003 fba1 	bl	477c <usb_serial_write>
    103a:	e65e      	b.n	cfa <SerialProcessor::CheckAndMaybeProcessData()+0x1ee>
    int val = strtol(p, nullptr, 10);
    103c:	220a      	movs	r2, #10
    103e:	2100      	movs	r1, #0
    1040:	1c60      	adds	r0, r4, #1
    1042:	f003 fdeb 	bl	4c1c <strtol>
    if (val < 0 || val > 255) return;
    1046:	28ff      	cmp	r0, #255	@ 0xff
    1048:	f63f ad65 	bhi.w	b16 <SerialProcessor::CheckAndMaybeProcessData()+0xa>
    currentBrightness = (uint8_t)val;
    104c:	b2c1      	uxtb	r1, r0
    104e:	4b35      	ldr	r3, [pc, #212]	@ (1124 <SerialProcessor::CheckAndMaybeProcessData()+0x618>)
	void setBrightness(uint8_t scale) { m_Scale = scale; }
    1050:	4835      	ldr	r0, [pc, #212]	@ (1128 <SerialProcessor::CheckAndMaybeProcessData()+0x61c>)
    1052:	7019      	strb	r1, [r3, #0]
    1054:	7001      	strb	r1, [r0, #0]
	void show() { show(m_Scale); }
    1056:	f001 f983 	bl	2360 <CFastLED::show(unsigned char)>
    SaveSensorConfigToEeprom();
    105a:	f7ff f9c1 	bl	3e0 <SaveSensorConfigToEeprom()>
    PrintLedConfig();
    105e:	f7ff fab3 	bl	5c8 <PrintLedConfig()>
    1062:	e558      	b.n	b16 <SerialProcessor::CheckAndMaybeProcessData()+0xa>
    int sensor = (int)strtol(p, &end, 10); p = end;
    1064:	220a      	movs	r2, #10
    1066:	a901      	add	r1, sp, #4
    1068:	1c60      	adds	r0, r4, #1
    106a:	f003 fdd7 	bl	4c1c <strtol>
    106e:	4606      	mov	r6, r0
    int group  = (int)strtol(p, &end, 10);
    1070:	220a      	movs	r2, #10
    1072:	a901      	add	r1, sp, #4
    1074:	9801      	ldr	r0, [sp, #4]
    1076:	f003 fdd1 	bl	4c1c <strtol>
    if (sensor < 0 || sensor >= (int)kNumSensors) { Serial.print("m_err: bad sensor\n"); return; }
    107a:	2e00      	cmp	r6, #0
    107c:	f2c0 80a4 	blt.w	11c8 <SerialProcessor::CheckAndMaybeProcessData()+0x6bc>
    1080:	682b      	ldr	r3, [r5, #0]
    1082:	429e      	cmp	r6, r3
    1084:	f280 80a0 	bge.w	11c8 <SerialProcessor::CheckAndMaybeProcessData()+0x6bc>
    if (group  < 0 || group  >= (int)kNumSensors) { Serial.print("m_err: bad group\n"); return; }
    1088:	2800      	cmp	r0, #0
    108a:	f2c0 80b6 	blt.w	11fa <SerialProcessor::CheckAndMaybeProcessData()+0x6ee>
    108e:	4298      	cmp	r0, r3
    1090:	f280 80b3 	bge.w	11fa <SerialProcessor::CheckAndMaybeProcessData()+0x6ee>
  void SetButtonGroup(uint8_t group)  { button_group_ = group; }
    1094:	f44f 72be 	mov.w	r2, #380	@ 0x17c
    1098:	4b19      	ldr	r3, [pc, #100]	@ (1100 <SerialProcessor::CheckAndMaybeProcessData()+0x5f4>)
    109a:	fb02 3306 	mla	r3, r2, r6, r3
    kSensors[sensor].SetButtonGroup((uint8_t)group);
    109e:	7098      	strb	r0, [r3, #2]
    SaveSensorConfigToEeprom();
    10a0:	f7ff f99e 	bl	3e0 <SaveSensorConfigToEeprom()>
    PrintSensorTuningFor(sensor);
    10a4:	4630      	mov	r0, r6
    10a6:	f7ff f8af 	bl	208 <SerialProcessor::PrintSensorTuningFor(int) [clone .isra.0]>
    10aa:	e534      	b.n	b16 <SerialProcessor::CheckAndMaybeProcessData()+0xa>
    while (*p == ' ') p++;
    10ac:	7863      	ldrb	r3, [r4, #1]
    char* p = buffer_ + 1;
    10ae:	1c60      	adds	r0, r4, #1
    while (*p == ' ') p++;
    10b0:	2b20      	cmp	r3, #32
    10b2:	d103      	bne.n	10bc <SerialProcessor::CheckAndMaybeProcessData()+0x5b0>
    10b4:	f810 3f01 	ldrb.w	r3, [r0, #1]!
    10b8:	2b20      	cmp	r3, #32
    10ba:	d0fb      	beq.n	10b4 <SerialProcessor::CheckAndMaybeProcessData()+0x5a8>
    if (!all) {
    10bc:	f003 03df 	and.w	r3, r3, #223	@ 0xdf
    10c0:	2b41      	cmp	r3, #65	@ 0x41
    10c2:	f47f ae22 	bne.w	d0a <SerialProcessor::CheckAndMaybeProcessData()+0x1fe>
    uint8_t r = (uint8_t)strtol(p, &end, 10); p = end;
    10c6:	220a      	movs	r2, #10
    10c8:	a901      	add	r1, sp, #4
    10ca:	3001      	adds	r0, #1
      for (size_t i = 0; i < kNumSensors; ++i) kSensors[i].SetColor(CRGB(r, g, b));
    10cc:	f8df 8048 	ldr.w	r8, [pc, #72]	@ 1118 <SerialProcessor::CheckAndMaybeProcessData()+0x60c>
    uint8_t r = (uint8_t)strtol(p, &end, 10); p = end;
    10d0:	f003 fda4 	bl	4c1c <strtol>
    uint8_t g = (uint8_t)strtol(p, &end, 10); p = end;
    10d4:	220a      	movs	r2, #10
    10d6:	a901      	add	r1, sp, #4
    uint8_t r = (uint8_t)strtol(p, &end, 10); p = end;
    10d8:	4681      	mov	r9, r0
    uint8_t g = (uint8_t)strtol(p, &end, 10); p = end;
    10da:	9801      	ldr	r0, [sp, #4]
    10dc:	f003 fd9e 	bl	4c1c <strtol>
    uint8_t b = (uint8_t)strtol(p, &end, 10);
    10e0:	a901      	add	r1, sp, #4
    uint8_t g = (uint8_t)strtol(p, &end, 10); p = end;
    10e2:	4683      	mov	fp, r0
    uint8_t b = (uint8_t)strtol(p, &end, 10);
    10e4:	220a      	movs	r2, #10
    10e6:	9801      	ldr	r0, [sp, #4]
    10e8:	f003 fd98 	bl	4c1c <strtol>
      for (size_t i = 0; i < kNumSensors; ++i) kSensors[i].SetColor(CRGB(r, g, b));
    10ec:	f8d8 1000 	ldr.w	r1, [r8]
    uint8_t b = (uint8_t)strtol(p, &end, 10);
    10f0:	4682      	mov	sl, r0
      for (size_t i = 0; i < kNumSensors; ++i) kSensors[i].SetColor(CRGB(r, g, b));
    10f2:	2900      	cmp	r1, #0
    10f4:	f43f ae38 	beq.w	d68 <SerialProcessor::CheckAndMaybeProcessData()+0x25c>
    10f8:	4e01      	ldr	r6, [pc, #4]	@ (1100 <SerialProcessor::CheckAndMaybeProcessData()+0x5f4>)
    10fa:	2700      	movs	r7, #0
    10fc:	e01e      	b.n	113c <SerialProcessor::CheckAndMaybeProcessData()+0x630>
    10fe:	bf00      	nop
    1100:	20001738 	.word	0x20001738
    1104:	200004b4 	.word	0x200004b4
    1108:	20000428 	.word	0x20000428
    110c:	20000c80 	.word	0x20000c80
    1110:	20000590 	.word	0x20000590
    1114:	200004b8 	.word	0x200004b8
    1118:	20000d00 	.word	0x20000d00
    111c:	20000538 	.word	0x20000538
    1120:	20000594 	.word	0x20000594
    1124:	20000ddb 	.word	0x20000ddb
    1128:	20001720 	.word	0x20001720
    112c:	3701      	adds	r7, #1
    112e:	f8d8 3000 	ldr.w	r3, [r8]
    1132:	f506 76be 	add.w	r6, r6, #380	@ 0x17c
    1136:	429f      	cmp	r7, r3
    1138:	f4bf ae16 	bcs.w	d68 <SerialProcessor::CheckAndMaybeProcessData()+0x25c>
    if (is_active_) LedZoneOn(led_offset_, led_count_, color_);
    113c:	f896 3179 	ldrb.w	r3, [r6, #377]	@ 0x179
    color_ = color;
    1140:	f886 9176 	strb.w	r9, [r6, #374]	@ 0x176
    1144:	f886 b177 	strb.w	fp, [r6, #375]	@ 0x177
    1148:	f886 a178 	strb.w	sl, [r6, #376]	@ 0x178
    if (is_active_) LedZoneOn(led_offset_, led_count_, color_);
    114c:	2b00      	cmp	r3, #0
    114e:	d0ed      	beq.n	112c <SerialProcessor::CheckAndMaybeProcessData()+0x620>
    1150:	f896 3174 	ldrb.w	r3, [r6, #372]	@ 0x174
    1154:	f896 2175 	ldrb.w	r2, [r6, #373]	@ 0x175
    1158:	f8b6 1176 	ldrh.w	r1, [r6, #374]	@ 0x176
  uint8_t end = led_offset + led_count;
    115c:	441a      	add	r2, r3
    115e:	f88d a002 	strb.w	sl, [sp, #2]
  if (end > NUM_LEDS) end = NUM_LEDS;
    1162:	f8ad 1000 	strh.w	r1, [sp]
    1166:	b2d2      	uxtb	r2, r2
    1168:	2a40      	cmp	r2, #64	@ 0x40
    116a:	bf28      	it	cs
    116c:	2240      	movcs	r2, #64	@ 0x40
  for (uint8_t i = led_offset; i < end; ++i) {
    116e:	4293      	cmp	r3, r2
    1170:	d216      	bcs.n	11a0 <SerialProcessor::CheckAndMaybeProcessData()+0x694>
    1172:	1ad2      	subs	r2, r2, r3
    1174:	4992      	ldr	r1, [pc, #584]	@ (13c0 <SerialProcessor::CheckAndMaybeProcessData()+0x8b4>)
    1176:	3a01      	subs	r2, #1
    1178:	fa53 f282 	uxtab	r2, r3, r2
    117c:	eb03 0343 	add.w	r3, r3, r3, lsl #1
    1180:	eb02 0242 	add.w	r2, r2, r2, lsl #1
    1184:	440b      	add	r3, r1
    1186:	3103      	adds	r1, #3
    1188:	440a      	add	r2, r1
    leds[i] = color;
    118a:	f8bd 1000 	ldrh.w	r1, [sp]
  for (uint8_t i = led_offset; i < end; ++i) {
    118e:	3303      	adds	r3, #3
    leds[i] = color;
    1190:	f823 1c03 	strh.w	r1, [r3, #-3]
    1194:	f89d 1002 	ldrb.w	r1, [sp, #2]
    1198:	f803 1c01 	strb.w	r1, [r3, #-1]
  for (uint8_t i = led_offset; i < end; ++i) {
    119c:	4293      	cmp	r3, r2
    119e:	d1f4      	bne.n	118a <SerialProcessor::CheckAndMaybeProcessData()+0x67e>
    11a0:	4b88      	ldr	r3, [pc, #544]	@ (13c4 <SerialProcessor::CheckAndMaybeProcessData()+0x8b8>)
    11a2:	7819      	ldrb	r1, [r3, #0]
    11a4:	4618      	mov	r0, r3
    11a6:	f001 f8db 	bl	2360 <CFastLED::show(unsigned char)>
    11aa:	e7bf      	b.n	112c <SerialProcessor::CheckAndMaybeProcessData()+0x620>
        case 'n': case 'N': UpdateSensorCount();                break;
    11ac:	4620      	mov	r0, r4
    11ae:	f7ff faa9 	bl	704 <SerialProcessor::UpdateSensorCount()>
    11b2:	e4b0      	b.n	b16 <SerialProcessor::CheckAndMaybeProcessData()+0xa>
    11b4:	2112      	movs	r1, #18
    11b6:	4884      	ldr	r0, [pc, #528]	@ (13c8 <SerialProcessor::CheckAndMaybeProcessData()+0x8bc>)
    11b8:	f003 fae0 	bl	477c <usb_serial_write>
    if (sensor < 0 || sensor >= (int)kNumSensors) { Serial.print("p_err: bad sensor\n"); return; }
    11bc:	e4ab      	b.n	b16 <SerialProcessor::CheckAndMaybeProcessData()+0xa>
    11be:	2112      	movs	r1, #18
    11c0:	4882      	ldr	r0, [pc, #520]	@ (13cc <SerialProcessor::CheckAndMaybeProcessData()+0x8c0>)
    11c2:	f003 fadb 	bl	477c <usb_serial_write>
    if (sensor < 0 || sensor >= (int)kNumSensors) { Serial.print("y_err: bad sensor\n"); return; }
    11c6:	e4a6      	b.n	b16 <SerialProcessor::CheckAndMaybeProcessData()+0xa>
    11c8:	2112      	movs	r1, #18
    11ca:	4881      	ldr	r0, [pc, #516]	@ (13d0 <SerialProcessor::CheckAndMaybeProcessData()+0x8c4>)
    11cc:	f003 fad6 	bl	477c <usb_serial_write>
    if (sensor < 0 || sensor >= (int)kNumSensors) { Serial.print("m_err: bad sensor\n"); return; }
    11d0:	e4a1      	b.n	b16 <SerialProcessor::CheckAndMaybeProcessData()+0xa>
    11d2:	2112      	movs	r1, #18
    11d4:	487f      	ldr	r0, [pc, #508]	@ (13d4 <SerialProcessor::CheckAndMaybeProcessData()+0x8c8>)
    11d6:	f003 fad1 	bl	477c <usb_serial_write>
    if (sensor < 0 || sensor >= (int)kNumSensors) { Serial.print("r_err: bad sensor\n"); return; }
    11da:	e49c      	b.n	b16 <SerialProcessor::CheckAndMaybeProcessData()+0xa>
    11dc:	2110      	movs	r1, #16
    11de:	487e      	ldr	r0, [pc, #504]	@ (13d8 <SerialProcessor::CheckAndMaybeProcessData()+0x8cc>)
    11e0:	f003 facc 	bl	477c <usb_serial_write>
    if (gain < 10 || gain > 500) { Serial.print("g_err: bad gain\n"); return; }
    11e4:	e497      	b.n	b16 <SerialProcessor::CheckAndMaybeProcessData()+0xa>
    11e6:	2111      	movs	r1, #17
    11e8:	487c      	ldr	r0, [pc, #496]	@ (13dc <SerialProcessor::CheckAndMaybeProcessData()+0x8d0>)
    11ea:	f003 fac7 	bl	477c <usb_serial_write>
    if (val < 0 || val > 1023) { Serial.print("y_err: bad value\n"); return; }
    11ee:	e492      	b.n	b16 <SerialProcessor::CheckAndMaybeProcessData()+0xa>
    11f0:	2111      	movs	r1, #17
    11f2:	487b      	ldr	r0, [pc, #492]	@ (13e0 <SerialProcessor::CheckAndMaybeProcessData()+0x8d4>)
    11f4:	f003 fac2 	bl	477c <usb_serial_write>
    if (val < 0 || val > 1023) { Serial.print("r_err: bad value\n"); return; }
    11f8:	e48d      	b.n	b16 <SerialProcessor::CheckAndMaybeProcessData()+0xa>
    11fa:	2111      	movs	r1, #17
    11fc:	4879      	ldr	r0, [pc, #484]	@ (13e4 <SerialProcessor::CheckAndMaybeProcessData()+0x8d8>)
    11fe:	f003 fabd 	bl	477c <usb_serial_write>
    if (group  < 0 || group  >= (int)kNumSensors) { Serial.print("m_err: bad group\n"); return; }
    1202:	e488      	b.n	b16 <SerialProcessor::CheckAndMaybeProcessData()+0xa>
      sensor = (int)strtol(p, &end, 10);
    1204:	220a      	movs	r2, #10
    1206:	a901      	add	r1, sp, #4
    1208:	f003 fd08 	bl	4c1c <strtol>
      if (sensor < 0 || sensor >= (int)kNumSensors) { Serial.print("d_err: bad sensor\n"); return; }
    120c:	1e06      	subs	r6, r0, #0
    120e:	f2c0 80d0 	blt.w	13b2 <SerialProcessor::CheckAndMaybeProcessData()+0x8a6>
    1212:	4b75      	ldr	r3, [pc, #468]	@ (13e8 <SerialProcessor::CheckAndMaybeProcessData()+0x8dc>)
    1214:	681b      	ldr	r3, [r3, #0]
    1216:	429e      	cmp	r6, r3
    1218:	f280 80cb 	bge.w	13b2 <SerialProcessor::CheckAndMaybeProcessData()+0x8a6>
    int ms = (int)strtol(p, nullptr, 10);
    121c:	220a      	movs	r2, #10
    121e:	2100      	movs	r1, #0
    1220:	9801      	ldr	r0, [sp, #4]
    1222:	f003 fcfb 	bl	4c1c <strtol>
    if (ms < 0 || ms > 100) { Serial.print("d_err: bad value\n"); return; }
    1226:	2864      	cmp	r0, #100	@ 0x64
    1228:	d80b      	bhi.n	1242 <SerialProcessor::CheckAndMaybeProcessData()+0x736>
  void SetReleaseDebounceMs(uint16_t ms) { release_debounce_ms_ = constrain(ms, (uint16_t)0, (uint16_t)100); }
    122a:	f44f 72be 	mov.w	r2, #380	@ 0x17c
    122e:	4b6f      	ldr	r3, [pc, #444]	@ (13ec <SerialProcessor::CheckAndMaybeProcessData()+0x8e0>)
    1230:	fb02 3306 	mla	r3, r2, r6, r3
      kSensors[sensor].SetReleaseDebounceMs((uint16_t)ms);
    1234:	8158      	strh	r0, [r3, #10]
    SaveSensorConfigToEeprom();
    1236:	f7ff f8d3 	bl	3e0 <SaveSensorConfigToEeprom()>
      PrintSensorTuningFor(sensor);
    123a:	4630      	mov	r0, r6
    123c:	f7fe ffe4 	bl	208 <SerialProcessor::PrintSensorTuningFor(int) [clone .isra.0]>
    1240:	e469      	b.n	b16 <SerialProcessor::CheckAndMaybeProcessData()+0xa>
    1242:	2111      	movs	r1, #17
    1244:	486a      	ldr	r0, [pc, #424]	@ (13f0 <SerialProcessor::CheckAndMaybeProcessData()+0x8e4>)
    1246:	f003 fa99 	bl	477c <usb_serial_write>
    if (ms < 0 || ms > 100) { Serial.print("d_err: bad value\n"); return; }
    124a:	e464      	b.n	b16 <SerialProcessor::CheckAndMaybeProcessData()+0xa>
      sensor = (int)strtol(p, &end, 10);
    124c:	220a      	movs	r2, #10
    124e:	a901      	add	r1, sp, #4
    1250:	f003 fce4 	bl	4c1c <strtol>
      if (sensor < 0 || sensor >= (int)kNumSensors) { Serial.print("g_err: bad sensor\n"); return; }
    1254:	1e06      	subs	r6, r0, #0
    1256:	f2c0 80a6 	blt.w	13a6 <SerialProcessor::CheckAndMaybeProcessData()+0x89a>
    125a:	4b63      	ldr	r3, [pc, #396]	@ (13e8 <SerialProcessor::CheckAndMaybeProcessData()+0x8dc>)
    125c:	681b      	ldr	r3, [r3, #0]
    125e:	429e      	cmp	r6, r3
    1260:	f280 80a1 	bge.w	13a6 <SerialProcessor::CheckAndMaybeProcessData()+0x89a>
    int gain = (int)strtol(p, nullptr, 10);
    1264:	220a      	movs	r2, #10
    1266:	2100      	movs	r1, #0
    1268:	9801      	ldr	r0, [sp, #4]
    126a:	f003 fcd7 	bl	4c1c <strtol>
    if (gain < 10 || gain > 500) { Serial.print("g_err: bad gain\n"); return; }
    126e:	f1a0 030a 	sub.w	r3, r0, #10
    1272:	f5b3 7ff5 	cmp.w	r3, #490	@ 0x1ea
    1276:	d8b1      	bhi.n	11dc <SerialProcessor::CheckAndMaybeProcessData()+0x6d0>
  void SetGain(uint16_t gain_x100)    { gain_x100_ = constrain(gain_x100, (uint16_t)10, (uint16_t)500); }
    1278:	f44f 72be 	mov.w	r2, #380	@ 0x17c
    127c:	4b5b      	ldr	r3, [pc, #364]	@ (13ec <SerialProcessor::CheckAndMaybeProcessData()+0x8e0>)
    127e:	fb02 3306 	mla	r3, r2, r6, r3
      kSensors[sensor].SetGain((uint16_t)gain);
    1282:	8118      	strh	r0, [r3, #8]
    SaveSensorConfigToEeprom();
    1284:	f7ff f8ac 	bl	3e0 <SaveSensorConfigToEeprom()>
      PrintSensorTuningFor(sensor);
    1288:	4630      	mov	r0, r6
    128a:	f7fe ffbd 	bl	208 <SerialProcessor::PrintSensorTuningFor(int) [clone .isra.0]>
    128e:	e442      	b.n	b16 <SerialProcessor::CheckAndMaybeProcessData()+0xa>
      for (size_t i = 0; i < kNumSensors; ++i)
    1290:	b1b2      	cbz	r2, 12c0 <SerialProcessor::CheckAndMaybeProcessData()+0x7b4>
    1292:	f8df 8158 	ldr.w	r8, [pc, #344]	@ 13ec <SerialProcessor::CheckAndMaybeProcessData()+0x8e0>
    1296:	266b      	movs	r6, #107	@ 0x6b
    1298:	2700      	movs	r7, #0
  int16_t GetThreshold()           { return trigger_threshold_; }  // legacy alias
    129a:	f9b8 9004 	ldrsh.w	r9, [r8, #4]
    129e:	4630      	mov	r0, r6
      for (size_t i = 0; i < kNumSensors; ++i)
    12a0:	3701      	adds	r7, #1
    12a2:	f508 78be 	add.w	r8, r8, #380	@ 0x17c
    12a6:	fa5f f189 	uxtb.w	r1, r9
    12aa:	f001 feef 	bl	308c <eeprom_write_byte>
    12ae:	1c70      	adds	r0, r6, #1
    12b0:	f3c9 2107 	ubfx	r1, r9, #8, #8
    12b4:	3602      	adds	r6, #2
    12b6:	f001 fee9 	bl	308c <eeprom_write_byte>
    12ba:	682b      	ldr	r3, [r5, #0]
    12bc:	429f      	cmp	r7, r3
    12be:	d3ec      	bcc.n	129a <SerialProcessor::CheckAndMaybeProcessData()+0x78e>
      SaveThreshold(slot, MAX_SENSORS, taken ? SAVE_SLOT_TAKEN_MARKER : 0);
    12c0:	f9b4 6040 	ldrsh.w	r6, [r4, #64]	@ 0x40
    12c4:	207b      	movs	r0, #123	@ 0x7b
        for (int s = 1; s <= LastSaveSlot(); ++s) MarkSlotTaken(s, false);
    12c6:	f240 4747 	movw	r7, #1095	@ 0x447
    12ca:	b2f1      	uxtb	r1, r6
    12cc:	f001 fede 	bl	308c <eeprom_write_byte>
    12d0:	f3c6 2107 	ubfx	r1, r6, #8, #8
    12d4:	268d      	movs	r6, #141	@ 0x8d
    12d6:	207c      	movs	r0, #124	@ 0x7c
    12d8:	f001 fed8 	bl	308c <eeprom_write_byte>
    12dc:	4630      	mov	r0, r6
    12de:	2100      	movs	r1, #0
    12e0:	f001 fed4 	bl	308c <eeprom_write_byte>
    12e4:	1c70      	adds	r0, r6, #1
    12e6:	3612      	adds	r6, #18
    12e8:	2100      	movs	r1, #0
    12ea:	f001 fecf 	bl	308c <eeprom_write_byte>
    12ee:	42be      	cmp	r6, r7
    12f0:	d1f4      	bne.n	12dc <SerialProcessor::CheckAndMaybeProcessData()+0x7d0>
        last_used_save_slot_ = 0;
    12f2:	2300      	movs	r3, #0
    12f4:	6463      	str	r3, [r4, #68]	@ 0x44
    12f6:	e57f      	b.n	df8 <SerialProcessor::CheckAndMaybeProcessData()+0x2ec>
      for (size_t i = 0; i < kNumSensors; ++i)
    12f8:	b1b2      	cbz	r2, 1328 <SerialProcessor::CheckAndMaybeProcessData()+0x81c>
    12fa:	f8df 80f0 	ldr.w	r8, [pc, #240]	@ 13ec <SerialProcessor::CheckAndMaybeProcessData()+0x8e0>
    12fe:	266b      	movs	r6, #107	@ 0x6b
    1300:	2700      	movs	r7, #0
  int16_t GetThreshold()           { return trigger_threshold_; }  // legacy alias
    1302:	f9b8 9004 	ldrsh.w	r9, [r8, #4]
    1306:	4630      	mov	r0, r6
      for (size_t i = 0; i < kNumSensors; ++i)
    1308:	3701      	adds	r7, #1
    130a:	f508 78be 	add.w	r8, r8, #380	@ 0x17c
    130e:	fa5f f189 	uxtb.w	r1, r9
    1312:	f001 febb 	bl	308c <eeprom_write_byte>
    1316:	1c70      	adds	r0, r6, #1
    1318:	f3c9 2107 	ubfx	r1, r9, #8, #8
    131c:	3602      	adds	r6, #2
    131e:	f001 feb5 	bl	308c <eeprom_write_byte>
    1322:	682b      	ldr	r3, [r5, #0]
    1324:	429f      	cmp	r7, r3
    1326:	d3ec      	bcc.n	1302 <SerialProcessor::CheckAndMaybeProcessData()+0x7f6>
      SaveThreshold(slot, MAX_SENSORS, taken ? SAVE_SLOT_TAKEN_MARKER : 0);
    1328:	f9b4 6040 	ldrsh.w	r6, [r4, #64]	@ 0x40
    132c:	207b      	movs	r0, #123	@ 0x7b
    132e:	b2f1      	uxtb	r1, r6
    1330:	f001 feac 	bl	308c <eeprom_write_byte>
    1334:	f3c6 2107 	ubfx	r1, r6, #8, #8
    1338:	207c      	movs	r0, #124	@ 0x7c
    133a:	f001 fea7 	bl	308c <eeprom_write_byte>
        SaveThresholdsInSlot(0); last_used_save_slot_ = 0;
    133e:	2300      	movs	r3, #0
    1340:	6463      	str	r3, [r4, #68]	@ 0x44
    1342:	e559      	b.n	df8 <SerialProcessor::CheckAndMaybeProcessData()+0x2ec>
    if (is_active_) LedZoneOn(led_offset_, led_count_, color_);
    1344:	f891 3174 	ldrb.w	r3, [r1, #372]	@ 0x174
    1348:	f891 2175 	ldrb.w	r2, [r1, #373]	@ 0x175
    134c:	f8b1 0176 	ldrh.w	r0, [r1, #374]	@ 0x176
  uint8_t end = led_offset + led_count;
    1350:	441a      	add	r2, r3
    1352:	f891 1178 	ldrb.w	r1, [r1, #376]	@ 0x178
    1356:	f8ad 0000 	strh.w	r0, [sp]
  if (end > NUM_LEDS) end = NUM_LEDS;
    135a:	b2d2      	uxtb	r2, r2
    135c:	f88d 1002 	strb.w	r1, [sp, #2]
    1360:	2a40      	cmp	r2, #64	@ 0x40
    1362:	bf28      	it	cs
    1364:	2240      	movcs	r2, #64	@ 0x40
  for (uint8_t i = led_offset; i < end; ++i) {
    1366:	4293      	cmp	r3, r2
    1368:	d216      	bcs.n	1398 <SerialProcessor::CheckAndMaybeProcessData()+0x88c>
    136a:	1ad2      	subs	r2, r2, r3
    136c:	4914      	ldr	r1, [pc, #80]	@ (13c0 <SerialProcessor::CheckAndMaybeProcessData()+0x8b4>)
    136e:	3a01      	subs	r2, #1
    1370:	fa53 f282 	uxtab	r2, r3, r2
    1374:	eb03 0343 	add.w	r3, r3, r3, lsl #1
    1378:	eb02 0242 	add.w	r2, r2, r2, lsl #1
    137c:	440b      	add	r3, r1
    137e:	3103      	adds	r1, #3
    1380:	440a      	add	r2, r1
    leds[i] = color;
    1382:	f8bd 0000 	ldrh.w	r0, [sp]
  for (uint8_t i = led_offset; i < end; ++i) {
    1386:	3303      	adds	r3, #3
    leds[i] = color;
    1388:	f89d 1002 	ldrb.w	r1, [sp, #2]
    138c:	f823 0c03 	strh.w	r0, [r3, #-3]
    1390:	f803 1c01 	strb.w	r1, [r3, #-1]
  for (uint8_t i = led_offset; i < end; ++i) {
    1394:	4293      	cmp	r3, r2
    1396:	d1f4      	bne.n	1382 <SerialProcessor::CheckAndMaybeProcessData()+0x876>
    1398:	480a      	ldr	r0, [pc, #40]	@ (13c4 <SerialProcessor::CheckAndMaybeProcessData()+0x8b8>)
    139a:	7801      	ldrb	r1, [r0, #0]
    139c:	f000 ffe0 	bl	2360 <CFastLED::show(unsigned char)>
    SaveSensorConfigToEeprom();
    13a0:	f7ff f81e 	bl	3e0 <SaveSensorConfigToEeprom()>
    13a4:	e4e2      	b.n	d6c <SerialProcessor::CheckAndMaybeProcessData()+0x260>
    13a6:	2112      	movs	r1, #18
    13a8:	4812      	ldr	r0, [pc, #72]	@ (13f4 <SerialProcessor::CheckAndMaybeProcessData()+0x8e8>)
    13aa:	f003 f9e7 	bl	477c <usb_serial_write>
      if (sensor < 0 || sensor >= (int)kNumSensors) { Serial.print("g_err: bad sensor\n"); return; }
    13ae:	f7ff bbb2 	b.w	b16 <SerialProcessor::CheckAndMaybeProcessData()+0xa>
    13b2:	2112      	movs	r1, #18
    13b4:	4810      	ldr	r0, [pc, #64]	@ (13f8 <SerialProcessor::CheckAndMaybeProcessData()+0x8ec>)
    13b6:	f003 f9e1 	bl	477c <usb_serial_write>
      if (sensor < 0 || sensor >= (int)kNumSensors) { Serial.print("d_err: bad sensor\n"); return; }
    13ba:	f7ff bbac 	b.w	b16 <SerialProcessor::CheckAndMaybeProcessData()+0xa>
    13be:	bf00      	nop
    13c0:	200024d0 	.word	0x200024d0
    13c4:	20001720 	.word	0x20001720
    13c8:	200005a0 	.word	0x200005a0
    13cc:	200004c0 	.word	0x200004c0
    13d0:	20000544 	.word	0x20000544
    13d4:	200004e8 	.word	0x200004e8
    13d8:	20000524 	.word	0x20000524
    13dc:	200004d4 	.word	0x200004d4
    13e0:	200004fc 	.word	0x200004fc
    13e4:	20000558 	.word	0x20000558
    13e8:	20000d00 	.word	0x20000d00
    13ec:	20001738 	.word	0x20001738
    13f0:	20000580 	.word	0x20000580
    13f4:	20000510 	.word	0x20000510
    13f8:	2000056c 	.word	0x2000056c

000013fc <setup>:
		static CHIPSET<DATA_PIN, RGB_ORDER> c;
    13fc:	4951      	ldr	r1, [pc, #324]	@ (1544 <setup+0x148>)

SerialProcessor serialProcessor;
unsigned long lastSend = 0;
long loopTime = -1;

void setup() {
    13fe:	e92d 43f8 	stmdb	sp!, {r3, r4, r5, r6, r7, r8, r9, lr}
    1402:	680b      	ldr	r3, [r1, #0]
    1404:	f013 0301 	ands.w	r3, r3, #1
    1408:	d07b      	beq.n	1502 <setup+0x106>
		return addLeds(&c, data, nLedsOrOffset, nLedsIfOffset);
    140a:	2300      	movs	r3, #0
    140c:	2240      	movs	r2, #64	@ 0x40
    140e:	494e      	ldr	r1, [pc, #312]	@ (1548 <setup+0x14c>)
				if (elapsed > 750) break;
    1410:	f240 28ee 	movw	r8, #750	@ 0x2ee
    1414:	484d      	ldr	r0, [pc, #308]	@ (154c <setup+0x150>)
		uint32_t millis_begin = systick_millis_count;
    1416:	4d4e      	ldr	r5, [pc, #312]	@ (1550 <setup+0x154>)
    1418:	f000 ff70 	bl	22fc <CFastLED::addLeds(CLEDController*, CRGB*, int, int)>
  FastLED.addLeds<WS2812B, DATA_PIN, GRB>(leds, NUM_LEDS);
  FastLED.clear(true);
    141c:	2101      	movs	r1, #1
    141e:	484d      	ldr	r0, [pc, #308]	@ (1554 <setup+0x158>)
    1420:	f001 f92e 	bl	2680 <CFastLED::clear(bool)>
    1424:	4c4c      	ldr	r4, [pc, #304]	@ (1558 <setup+0x15c>)
	// Testing Serial as a boolean indicates whether USB is active and a program
	// running on your PC has raised the DTR signal, which typically means it has
	// opened the port and is ready to communicate.
        operator bool() {
		yield();
		return usb_configuration && (usb_cdc_line_rtsdtr & USB_SERIAL_DTR) &&
    1426:	4f4d      	ldr	r7, [pc, #308]	@ (155c <setup+0x160>)
		uint32_t millis_begin = systick_millis_count;
    1428:	682e      	ldr	r6, [r5, #0]
		((uint32_t)(systick_millis_count - usb_cdc_line_rtsdtr_millis) >= 15);
    142a:	f8df 9154 	ldr.w	r9, [pc, #340]	@ 1580 <setup+0x184>
		yield();
    142e:	f003 fa21 	bl	4874 <yield>
		return usb_configuration && (usb_cdc_line_rtsdtr & USB_SERIAL_DTR) &&
    1432:	7823      	ldrb	r3, [r4, #0]
    1434:	2b00      	cmp	r3, #0
    1436:	d052      	beq.n	14de <setup+0xe2>
    1438:	783b      	ldrb	r3, [r7, #0]
    143a:	07da      	lsls	r2, r3, #31
    143c:	d54f      	bpl.n	14de <setup+0xe2>
		((uint32_t)(systick_millis_count - usb_cdc_line_rtsdtr_millis) >= 15);
    143e:	682b      	ldr	r3, [r5, #0]
    1440:	f8d9 2000 	ldr.w	r2, [r9]
    1444:	1a9b      	subs	r3, r3, r2
		return usb_configuration && (usb_cdc_line_rtsdtr & USB_SERIAL_DTR) &&
    1446:	2b0e      	cmp	r3, #14
    1448:	d949      	bls.n	14de <setup+0xe2>
		}
		if (!manual_mode) usb_joystick_send();
        }
#endif
	void useManualSend(bool mode) {
		manual_mode = mode;
    144a:	4b45      	ldr	r3, [pc, #276]	@ (1560 <setup+0x164>)
    144c:	2201      	movs	r2, #1
    uint8_t operator*() const            { return eeprom_read_byte( (uint8_t*) index ); }
    144e:	2000      	movs	r0, #0
    1450:	701a      	strb	r2, [r3, #0]
    1452:	f001 fd05 	bl	2e60 <eeprom_read_byte>
  if (EEPROM.read(0) != kEepromMarker) return false;
    1456:	28a8      	cmp	r0, #168	@ 0xa8
    1458:	d04e      	beq.n	14f8 <setup+0xfc>

  // Load saved sensor count/zones/colors/brightness from EEPROM.
  // On a brand-new Teensy (no valid marker yet) fall back to 4 sensors
  // with sane defaults and save that as the new baseline.
  if (!LoadSensorConfigFromEeprom()) {
    ApplyDefaultSensorConfig(4);
    145a:	2004      	movs	r0, #4
    145c:	f7ff f85e 	bl	51c <ApplyDefaultSensorConfig(unsigned int)>
  }

  FastLED.setBrightness(currentBrightness);
    1460:	4a40      	ldr	r2, [pc, #256]	@ (1564 <setup+0x168>)
      return ReadThreshold(slot, MAX_SENSORS) == SAVE_SLOT_TAKEN_MARKER;
    1462:	f240 34ba 	movw	r4, #954	@ 0x3ba
    1466:	f8df 811c 	ldr.w	r8, [pc, #284]	@ 1584 <setup+0x188>
      for (int s = LastSaveSlot(); s >= 0; --s) {
    146a:	2535      	movs	r5, #53	@ 0x35
	void setBrightness(uint8_t scale) { m_Scale = scale; }
    146c:	4b39      	ldr	r3, [pc, #228]	@ (1554 <setup+0x158>)
    146e:	7812      	ldrb	r2, [r2, #0]
      return ReadThreshold(slot, MAX_SENSORS) == SAVE_SLOT_TAKEN_MARKER;
    1470:	f9b8 7040 	ldrsh.w	r7, [r8, #64]	@ 0x40
    1474:	701a      	strb	r2, [r3, #0]
      for (int s = LastSaveSlot(); s >= 0; --s) {
    1476:	e003      	b.n	1480 <setup+0x84>
    1478:	3d01      	subs	r5, #1
    147a:	3c12      	subs	r4, #18
    147c:	1c6b      	adds	r3, r5, #1
    147e:	d05b      	beq.n	1538 <setup+0x13c>
    1480:	f104 007c 	add.w	r0, r4, #124	@ 0x7c
    1484:	f001 fcec 	bl	2e60 <eeprom_read_byte>
    1488:	4606      	mov	r6, r0
    148a:	f104 007b 	add.w	r0, r4, #123	@ 0x7b
    148e:	f001 fce7 	bl	2e60 <eeprom_read_byte>
      return (EEPROM.read(off+idx*2+1) << 8) | EEPROM.read(off+idx*2);
    1492:	ea40 2006 	orr.w	r0, r0, r6, lsl #8
        if (IsSlotTaken(s)) { last_used_save_slot_ = s; return; }
    1496:	b200      	sxth	r0, r0
    1498:	4287      	cmp	r7, r0
    149a:	d1ed      	bne.n	1478 <setup+0x7c>
      for (size_t i = 0; i < kNumSensors; ++i) RestoreThreshold(i);
    149c:	4b32      	ldr	r3, [pc, #200]	@ (1568 <setup+0x16c>)
        if (IsSlotTaken(s)) { last_used_save_slot_ = s; return; }
    149e:	f8c8 5044 	str.w	r5, [r8, #68]	@ 0x44
      for (size_t i = 0; i < kNumSensors; ++i) RestoreThreshold(i);
    14a2:	681e      	ldr	r6, [r3, #0]
    14a4:	b1ce      	cbz	r6, 14da <setup+0xde>
    14a6:	eb04 0646 	add.w	r6, r4, r6, lsl #1
    14aa:	4d30      	ldr	r5, [pc, #192]	@ (156c <setup+0x170>)
    14ac:	346c      	adds	r4, #108	@ 0x6c
    14ae:	366c      	adds	r6, #108	@ 0x6c
    14b0:	4620      	mov	r0, r4
    14b2:	f001 fcd5 	bl	2e60 <eeprom_read_byte>
    14b6:	4607      	mov	r7, r0
    14b8:	1e60      	subs	r0, r4, #1
    14ba:	3402      	adds	r4, #2
    14bc:	f001 fcd0 	bl	2e60 <eeprom_read_byte>
      return (EEPROM.read(off+idx*2+1) << 8) | EEPROM.read(off+idx*2);
    14c0:	ea40 2007 	orr.w	r0, r0, r7, lsl #8
      for (size_t i = 0; i < kNumSensors; ++i) RestoreThreshold(i);
    14c4:	42b4      	cmp	r4, r6
    int16_t derived_release = t - kDefaultPaddingWidth;
    14c6:	f1a0 0314 	sub.w	r3, r0, #20
    trigger_threshold_ = t;
    14ca:	80a8      	strh	r0, [r5, #4]
    release_threshold_ = (derived_release < 0) ? 0 : derived_release;
    14cc:	b21b      	sxth	r3, r3
    14ce:	ea23 73e3 	bic.w	r3, r3, r3, asr #31
    14d2:	80eb      	strh	r3, [r5, #6]
      for (size_t i = 0; i < kNumSensors; ++i) RestoreThreshold(i);
    14d4:	f505 75be 	add.w	r5, r5, #380	@ 0x17c
    14d8:	d1ea      	bne.n	14b0 <setup+0xb4>
  // #if defined(CLEAR_BIT) && defined(SET_BIT)
  //   SET_BIT(ADCSRA, ADPS2);
  //   CLEAR_BIT(ADCSRA, ADPS1);
  //   CLEAR_BIT(ADCSRA, ADPS0);
  // #endif
}
    14da:	e8bd 83f8 	ldmia.w	sp!, {r3, r4, r5, r6, r7, r8, r9, pc}
			uint32_t elapsed = systick_millis_count - millis_begin;
    14de:	682b      	ldr	r3, [r5, #0]
			if (usb_configuration) {
    14e0:	7822      	ldrb	r2, [r4, #0]
			uint32_t elapsed = systick_millis_count - millis_begin;
    14e2:	1b9b      	subs	r3, r3, r6
			if (usb_configuration) {
    14e4:	b12a      	cbz	r2, 14f2 <setup+0xf6>
				if (elapsed > 2000) break;
    14e6:	f5b3 6ffa 	cmp.w	r3, #2000	@ 0x7d0
    14ea:	d8ae      	bhi.n	144a <setup+0x4e>
			yield();
    14ec:	f003 f9c2 	bl	4874 <yield>
    14f0:	e79d      	b.n	142e <setup+0x32>
				if (elapsed > 750) break;
    14f2:	4543      	cmp	r3, r8
    14f4:	d9fa      	bls.n	14ec <setup+0xf0>
    14f6:	e7a8      	b.n	144a <setup+0x4e>
    14f8:	f7fe fdd4 	bl	a4 <LoadSensorConfigFromEeprom() [clone .part.0]>
  if (!LoadSensorConfigFromEeprom()) {
    14fc:	2800      	cmp	r0, #0
    14fe:	d1af      	bne.n	1460 <setup+0x64>
    1500:	e7ab      	b.n	145a <setup+0x5e>
        return *this;  // builder pattern.
    }
    Rgbw getRgbw() const { return mRgbMode; }

    /// Create an led controller object, add it to the chain of controllers
    CLEDController() : m_Data(NULL), m_ColorCorrection(UncorrectedColor), m_ColorTemperature(UncorrectedTemperature), m_DitherMode(BINARY_DITHER), m_nLeds(0) {
    1502:	4a12      	ldr	r2, [pc, #72]	@ (154c <setup+0x150>)
    : r((colorcode >> 16) & 0xFF), g((colorcode >> 8) & 0xFF), b((colorcode >> 0) & 0xFF)
    1504:	f04f 34ff 	mov.w	r4, #4294967295
        m_pNext = NULL;
        if(m_pHead==NULL) { m_pHead = this; }
    1508:	4819      	ldr	r0, [pc, #100]	@ (1570 <setup+0x174>)
    CLEDController() : m_Data(NULL), m_ColorCorrection(UncorrectedColor), m_ColorTemperature(UncorrectedTemperature), m_DitherMode(BINARY_DITHER), m_nLeds(0) {
    150a:	6153      	str	r3, [r2, #20]
    150c:	60d4      	str	r4, [r2, #12]
    150e:	f504 3400 	add.w	r4, r4, #131072	@ 0x20000
        m_pNext = NULL;
    1512:	e9c2 3301 	strd	r3, r3, [r2, #4]
    CLEDController() : m_Data(NULL), m_ColorCorrection(UncorrectedColor), m_ColorTemperature(UncorrectedTemperature), m_DitherMode(BINARY_DITHER), m_nLeds(0) {
    1516:	4b17      	ldr	r3, [pc, #92]	@ (1574 <setup+0x178>)
    1518:	6114      	str	r4, [r2, #16]
    151a:	6193      	str	r3, [r2, #24]
        if(m_pHead==NULL) { m_pHead = this; }
    151c:	6803      	ldr	r3, [r0, #0]
    151e:	b17b      	cbz	r3, 1540 <setup+0x144>
        if(m_pTail != NULL) { m_pTail->m_pNext = this; }
    1520:	4b15      	ldr	r3, [pc, #84]	@ (1578 <setup+0x17c>)
    1522:	6818      	ldr	r0, [r3, #0]
    1524:	b100      	cbz	r0, 1528 <setup+0x12c>
    1526:	6082      	str	r2, [r0, #8]
	/// Timestamp of the last time this was run, in microseconds
	uint16_t mLastMicros;

public:
	/// Constructor
	CMinWait() { mLastMicros = 0; }
    1528:	2400      	movs	r4, #0
class WS2812B : public WS2812Controller800Khz<DATA_PIN, RGB_ORDER> {};
    152a:	4814      	ldr	r0, [pc, #80]	@ (157c <setup+0x180>)
        m_pTail = this;
    152c:	601a      	str	r2, [r3, #0]
		static CHIPSET<DATA_PIN, RGB_ORDER> c;
    152e:	2301      	movs	r3, #1
    1530:	8494      	strh	r4, [r2, #36]	@ 0x24
class WS2812B : public WS2812Controller800Khz<DATA_PIN, RGB_ORDER> {};
    1532:	6010      	str	r0, [r2, #0]
		static CHIPSET<DATA_PIN, RGB_ORDER> c;
    1534:	600b      	str	r3, [r1, #0]
    1536:	e768      	b.n	140a <setup+0xe>
      last_used_save_slot_ = -1;
    1538:	f8c8 5044 	str.w	r5, [r8, #68]	@ 0x44
}
    153c:	e8bd 83f8 	ldmia.w	sp!, {r3, r4, r5, r6, r7, r8, r9, pc}
        if(m_pHead==NULL) { m_pHead = this; }
    1540:	6002      	str	r2, [r0, #0]
    1542:	e7ed      	b.n	1520 <setup+0x124>
    1544:	20002318 	.word	0x20002318
    1548:	200024d0 	.word	0x200024d0
    154c:	20002338 	.word	0x20002338
    1550:	20002660 	.word	0x20002660
    1554:	20001720 	.word	0x20001720
    1558:	200026a2 	.word	0x200026a2
    155c:	200026a1 	.word	0x200026a1
    1560:	2000268f 	.word	0x2000268f
    1564:	20000ddb 	.word	0x20000ddb
    1568:	20000d00 	.word	0x20000d00
    156c:	20001738 	.word	0x20001738
    1570:	20002320 	.word	0x20002320
    1574:	00031770 	.word	0x00031770
    1578:	20002324 	.word	0x20002324
    157c:	200005e4 	.word	0x200005e4
    1580:	20002670 	.word	0x20002670
    1584:	20002614 	.word	0x20002614

00001588 <loop>:

void loop() {
    1588:	e92d 4ff0 	stmdb	sp!, {r4, r5, r6, r7, r8, r9, sl, fp, lr}
    158c:	b08d      	sub	sp, #52	@ 0x34
  unsigned long startMicros = micros();
    158e:	f001 fba7 	bl	2ce0 <micros>
  static bool willSend;
  willSend = (loopTime == -1 || startMicros - lastSend + loopTime >= 1000);
    1592:	4bb5      	ldr	r3, [pc, #724]	@ (1868 <loop+0x2e0>)
  unsigned long startMicros = micros();
    1594:	4604      	mov	r4, r0
  willSend = (loopTime == -1 || startMicros - lastSend + loopTime >= 1000);
    1596:	681b      	ldr	r3, [r3, #0]
    1598:	1c5a      	adds	r2, r3, #1
    159a:	f000 81b4 	beq.w	1906 <loop+0x37e>
    159e:	4ab3      	ldr	r2, [pc, #716]	@ (186c <loop+0x2e4>)
    15a0:	6812      	ldr	r2, [r2, #0]
    15a2:	1a9b      	subs	r3, r3, r2
    15a4:	4403      	add	r3, r0
    15a6:	f5b3 7f7a 	cmp.w	r3, #1000	@ 0x3e8
    15aa:	bf34      	ite	cc
    15ac:	2300      	movcc	r3, #0
    15ae:	2301      	movcs	r3, #1
    15b0:	4aaf      	ldr	r2, [pc, #700]	@ (1870 <loop+0x2e8>)

  serialProcessor.CheckAndMaybeProcessData();
    15b2:	48b0      	ldr	r0, [pc, #704]	@ (1874 <loop+0x2ec>)
  willSend = (loopTime == -1 || startMicros - lastSend + loopTime >= 1000);
    15b4:	4615      	mov	r5, r2
    15b6:	7013      	strb	r3, [r2, #0]
  serialProcessor.CheckAndMaybeProcessData();
    15b8:	f7ff faa8 	bl	b0c <SerialProcessor::CheckAndMaybeProcessData()>
  for (size_t i = 0; i < kNumSensors; ++i) kSensors[i].EvaluateSensor(willSend);

  // Must run AFTER all sensors are evaluated so a group's "any active"
  // OR-logic sees every member's up-to-date state for this cycle, not a
  // partial view from sensors that haven't been read yet this loop.
  if (willSend) ResolveButtonGroups();
    15bc:	782b      	ldrb	r3, [r5, #0]
    15be:	9305      	str	r3, [sp, #20]
  for (size_t i = 0; i < kNumSensors; ++i) kSensors[i].EvaluateSensor(willSend);
    15c0:	4bad      	ldr	r3, [pc, #692]	@ (1878 <loop+0x2f0>)
    15c2:	681b      	ldr	r3, [r3, #0]
    15c4:	2b00      	cmp	r3, #0
    15c6:	f000 8138 	beq.w	183a <loop+0x2b2>
// Wait for a number of microseconds.  During this time, interrupts remain
// active, but the rest of your program becomes effectively stalled.  For shorter
// delay, use delayNanoseconds().
static inline void delayMicroseconds(uint32_t usec)
{
	uint32_t begin = ARM_DWT_CYCCNT;
    15ca:	f8df a2cc 	ldr.w	sl, [pc, #716]	@ 1898 <loop+0x310>
    int32_t amplified = ((int32_t)averaged * gain_x100_) / 100;
    15ce:	f04f 0800 	mov.w	r8, #0
    15d2:	f8df b2b0 	ldr.w	fp, [pc, #688]	@ 1884 <loop+0x2fc>
    15d6:	9409      	str	r4, [sp, #36]	@ 0x24
    if (!initialized_) return;
    15d8:	f89b 3000 	ldrb.w	r3, [fp]
    15dc:	2b00      	cmp	r3, #0
    15de:	f000 8122 	beq.w	1826 <loop+0x29e>
    analogRead(pin_value_);          // discard first read to flush ADC capacitance
    15e2:	f89b 0001 	ldrb.w	r0, [fp, #1]
    15e6:	f001 f941 	bl	286c <analogRead>
	uint32_t cycles = F_CPU_ACTUAL / 1000000 * usec;
    15ea:	4ba4      	ldr	r3, [pc, #656]	@ (187c <loop+0x2f4>)
	uint32_t begin = ARM_DWT_CYCCNT;
    15ec:	f8da 1004 	ldr.w	r1, [sl, #4]
	uint32_t cycles = F_CPU_ACTUAL / 1000000 * usec;
    15f0:	681a      	ldr	r2, [r3, #0]
    15f2:	4ba3      	ldr	r3, [pc, #652]	@ (1880 <loop+0x2f8>)
    15f4:	fba3 3202 	umull	r3, r2, r3, r2
    15f8:	23c8      	movs	r3, #200	@ 0xc8
    15fa:	0c92      	lsrs	r2, r2, #18
    15fc:	fb03 f202 	mul.w	r2, r3, r2
	// TODO: check if cycles is large, do a wait with yield calls until it's smaller
	while (ARM_DWT_CYCCNT - begin < cycles) ; // wait
    1600:	f8da 3004 	ldr.w	r3, [sl, #4]
    1604:	1a5b      	subs	r3, r3, r1
    1606:	429a      	cmp	r2, r3
    1608:	d8fa      	bhi.n	1600 <loop+0x78>
    int16_t sensor_value = analogRead(pin_value_);
    160a:	f89b 0001 	ldrb.w	r0, [fp, #1]
    160e:	f001 f92d 	bl	286c <analogRead>
    int32_t next_weighted_sum = cur_weighted_sum_ + size_ * value - cur_sum_;
    1612:	f8db 301c 	ldr.w	r3, [fp, #28]
    int16_t sensor_value = analogRead(pin_value_);
    1616:	b200      	sxth	r0, r0
    int32_t next_weighted_sum = cur_weighted_sum_ + size_ * value - cur_sum_;
    1618:	f8db 7088 	ldr.w	r7, [fp, #136]	@ 0x88
    int32_t next_sum = cur_sum_ + value - values_[cur_count_];
    161c:	f8db 5084 	ldr.w	r5, [fp, #132]	@ 0x84
    1620:	e9db c205 	ldrd	ip, r2, [fp, #20]
    cur_count_ = (cur_count_ + 1) % size_;
    1624:	f105 0901 	add.w	r9, r5, #1
    int32_t next_weighted_sum = cur_weighted_sum_ + size_ * value - cur_sum_;
    1628:	1a9b      	subs	r3, r3, r2
    int32_t next_sum = cur_sum_ + value - values_[cur_count_];
    162a:	4402      	add	r2, r0
    int32_t next_weighted_sum = cur_weighted_sum_ + size_ * value - cur_sum_;
    162c:	fb00 310c 	mla	r1, r0, ip, r3
    int32_t next_sum = cur_sum_ + value - values_[cur_count_];
    1630:	9206      	str	r2, [sp, #24]
    return next_weighted_sum / sum_weights;
    1632:	9103      	str	r1, [sp, #12]
    int32_t next_weighted_sum = cur_weighted_sum_ + size_ * value - cur_sum_;
    1634:	e9db 2323 	ldrd	r2, r3, [fp, #140]	@ 0x8c
    int32_t next_sum = cur_sum_ + value - values_[cur_count_];
    1638:	1814      	adds	r4, r2, r0
    int32_t next_weighted_sum = cur_weighted_sum_ + size_ * value - cur_sum_;
    163a:	1a9b      	subs	r3, r3, r2
    int16_t sum_weights = ((size_ * (size_ + 1)) / 2);
    163c:	fb07 7207 	mla	r2, r7, r7, r7
    int32_t next_sum = cur_sum_ + value - values_[cur_count_];
    1640:	9407      	str	r4, [sp, #28]
    int32_t next_weighted_sum = cur_weighted_sum_ + size_ * value - cur_sum_;
    1642:	fb00 3407 	mla	r4, r0, r7, r3
    return next_weighted_sum / sum_weights;
    1646:	f342 024f 	sbfx	r2, r2, #1, #16
    int16_t sum_weights = ((size_ * (size_ + 1)) / 2);
    164a:	fb0c c30c 	mla	r3, ip, ip, ip
    return next_weighted_sum / sum_weights;
    164e:	9402      	str	r4, [sp, #8]
    1650:	f343 034f 	sbfx	r3, r3, #1, #16
    1654:	fb94 f2f2 	sdiv	r2, r4, r2
    1658:	fb91 f3f3 	sdiv	r3, r1, r3
    return hull_.GetAverage(2 * wma1_value - wma2_value);
    165c:	ebc2 0243 	rsb	r2, r2, r3, lsl #1
    int32_t next_sum = cur_sum_ + value - values_[cur_count_];
    1660:	f8db 40f8 	ldr.w	r4, [fp, #248]	@ 0xf8
    1664:	f8db 116c 	ldr.w	r1, [fp, #364]	@ 0x16c
    return hull_.GetAverage(2 * wma1_value - wma2_value);
    1668:	b213      	sxth	r3, r2
    cur_count_ = (cur_count_ + 1) % size_;
    166a:	f104 0e01 	add.w	lr, r4, #1
    166e:	1c4a      	adds	r2, r1, #1
    return hull_.GetAverage(2 * wma1_value - wma2_value);
    1670:	9301      	str	r3, [sp, #4]
    int32_t next_sum = cur_sum_ + value - values_[cur_count_];
    1672:	23be      	movs	r3, #190	@ 0xbe
    cur_count_ = (cur_count_ + 1) % size_;
    1674:	9208      	str	r2, [sp, #32]
    int32_t next_sum = cur_sum_ + value - values_[cur_count_];
    1676:	fb03 f308 	mul.w	r3, r3, r8
    167a:	195e      	adds	r6, r3, r5
    167c:	4d81      	ldr	r5, [pc, #516]	@ (1884 <loop+0x2fc>)
    167e:	eb05 0646 	add.w	r6, r5, r6, lsl #1
    1682:	191d      	adds	r5, r3, r4
    1684:	440b      	add	r3, r1
    1686:	497f      	ldr	r1, [pc, #508]	@ (1884 <loop+0x2fc>)
    1688:	3380      	adds	r3, #128	@ 0x80
    168a:	eb01 0545 	add.w	r5, r1, r5, lsl #1
    168e:	eb01 0343 	add.w	r3, r1, r3, lsl #1
    int32_t next_weighted_sum = cur_weighted_sum_ + size_ * value - cur_sum_;
    1692:	f10b 01fc 	add.w	r1, fp, #252	@ 0xfc
    int32_t next_sum = cur_sum_ + value - values_[cur_count_];
    1696:	9304      	str	r3, [sp, #16]
    1698:	9b01      	ldr	r3, [sp, #4]
    int32_t next_weighted_sum = cur_weighted_sum_ + size_ * value - cur_sum_;
    169a:	c916      	ldmia	r1, {r1, r2, r4}
    int32_t next_sum = cur_sum_ + value - values_[cur_count_];
    169c:	18d3      	adds	r3, r2, r3
    int32_t next_weighted_sum = cur_weighted_sum_ + size_ * value - cur_sum_;
    169e:	1aa4      	subs	r4, r4, r2
    16a0:	9a01      	ldr	r2, [sp, #4]
    16a2:	fb01 4402 	mla	r4, r1, r2, r4
    cur_count_ = (cur_count_ + 1) % size_;
    16a6:	fbb9 f2fc 	udiv	r2, r9, ip
    16aa:	fb0c 9912 	mls	r9, ip, r2, r9
    cur_weighted_sum_ = next_weighted_sum;
    16ae:	9a03      	ldr	r2, [sp, #12]
    cur_count_ = (cur_count_ + 1) % size_;
    16b0:	fbbe fcf7 	udiv	ip, lr, r7
    16b4:	fb07 ec1c 	mls	ip, r7, ip, lr
    int32_t next_sum = cur_sum_ + value - values_[cur_count_];
    16b8:	f9b6 e020 	ldrsh.w	lr, [r6, #32]
    cur_weighted_sum_ = next_weighted_sum;
    16bc:	f8cb 201c 	str.w	r2, [fp, #28]
    int32_t next_sum = cur_sum_ + value - values_[cur_count_];
    16c0:	9a06      	ldr	r2, [sp, #24]
    int16_t sum_weights = ((size_ * (size_ + 1)) / 2);
    16c2:	fb01 1701 	mla	r7, r1, r1, r1
    int32_t next_sum = cur_sum_ + value - values_[cur_count_];
    16c6:	eba2 0e0e 	sub.w	lr, r2, lr
    cur_weighted_sum_ = next_weighted_sum;
    16ca:	9a02      	ldr	r2, [sp, #8]
    return next_weighted_sum / sum_weights;
    16cc:	f347 074f 	sbfx	r7, r7, #1, #16
    cur_sum_ = next_sum;
    16d0:	f8cb e018 	str.w	lr, [fp, #24]
    values_[cur_count_] = value;
    16d4:	8430      	strh	r0, [r6, #32]
    int32_t next_sum = cur_sum_ + value - values_[cur_count_];
    16d6:	f9b5 6094 	ldrsh.w	r6, [r5, #148]	@ 0x94
    cur_weighted_sum_ = next_weighted_sum;
    16da:	f8cb 2090 	str.w	r2, [fp, #144]	@ 0x90
    int32_t next_sum = cur_sum_ + value - values_[cur_count_];
    16de:	9a07      	ldr	r2, [sp, #28]
    cur_count_ = (cur_count_ + 1) % size_;
    16e0:	f8cb 9084 	str.w	r9, [fp, #132]	@ 0x84
    int32_t next_sum = cur_sum_ + value - values_[cur_count_];
    16e4:	1b96      	subs	r6, r2, r6
    cur_sum_ = next_sum;
    16e6:	f8cb 608c 	str.w	r6, [fp, #140]	@ 0x8c
    int32_t next_sum = cur_sum_ + value - values_[cur_count_];
    16ea:	9a04      	ldr	r2, [sp, #16]
    values_[cur_count_] = value;
    16ec:	f8a5 0094 	strh.w	r0, [r5, #148]	@ 0x94
    int32_t next_sum = cur_sum_ + value - values_[cur_count_];
    16f0:	f9b2 0008 	ldrsh.w	r0, [r2, #8]
    values_[cur_count_] = value;
    16f4:	9a01      	ldr	r2, [sp, #4]
    int32_t next_sum = cur_sum_ + value - values_[cur_count_];
    16f6:	1a18      	subs	r0, r3, r0
    values_[cur_count_] = value;
    16f8:	9b04      	ldr	r3, [sp, #16]
    cur_count_ = (cur_count_ + 1) % size_;
    16fa:	f8cb c0f8 	str.w	ip, [fp, #248]	@ 0xf8
    cur_weighted_sum_ = next_weighted_sum;
    16fe:	f8cb 4104 	str.w	r4, [fp, #260]	@ 0x104
    cur_sum_ = next_sum;
    1702:	f8cb 0100 	str.w	r0, [fp, #256]	@ 0x100
    values_[cur_count_] = value;
    1706:	811a      	strh	r2, [r3, #8]
    cur_count_ = (cur_count_ + 1) % size_;
    1708:	9a08      	ldr	r2, [sp, #32]
      int16_t averaged = moving_average_.GetAverage(sensor_value) - offset_;
    170a:	f8bb 3172 	ldrh.w	r3, [fp, #370]	@ 0x172
    return next_weighted_sum / sum_weights;
    170e:	fb94 f7f7 	sdiv	r7, r4, r7
      int16_t averaged = moving_average_.GetAverage(sensor_value) - offset_;
    1712:	1aff      	subs	r7, r7, r3
    cur_count_ = (cur_count_ + 1) % size_;
    1714:	fbb2 f3f1 	udiv	r3, r2, r1
    1718:	fb01 2313 	mls	r3, r1, r3, r2
    int32_t amplified = ((int32_t)averaged * gain_x100_) / 100;
    171c:	b23f      	sxth	r7, r7
    cur_count_ = (cur_count_ + 1) % size_;
    171e:	f8cb 316c 	str.w	r3, [fp, #364]	@ 0x16c
    int32_t amplified = ((int32_t)averaged * gain_x100_) / 100;
    1722:	f8bb 3008 	ldrh.w	r3, [fp, #8]
    1726:	fb03 f707 	mul.w	r7, r3, r7
    cur_value_ = constrain(amplified, 0, 1023);
    172a:	f117 0f63 	cmn.w	r7, #99	@ 0x63
    172e:	f2c0 808e 	blt.w	184e <loop+0x2c6>
    1732:	f5b7 3fc8 	cmp.w	r7, #102400	@ 0x19000
    1736:	f280 808c 	bge.w	1852 <loop+0x2ca>
    int32_t amplified = ((int32_t)averaged * gain_x100_) / 100;
    173a:	4b53      	ldr	r3, [pc, #332]	@ (1888 <loop+0x300>)
    173c:	fb83 3207 	smull	r3, r2, r3, r7
    1740:	17fb      	asrs	r3, r7, #31
    1742:	ebc3 1362 	rsb	r3, r3, r2, asr #5
    cur_value_ = constrain(amplified, 0, 1023);
    1746:	b21b      	sxth	r3, r3
    if (!willSend) return;
    1748:	9a05      	ldr	r2, [sp, #20]
    cur_value_ = constrain(amplified, 0, 1023);
    174a:	f8ab 3170 	strh.w	r3, [fp, #368]	@ 0x170
    if (!willSend) return;
    174e:	2a00      	cmp	r2, #0
    1750:	d066      	beq.n	1820 <loop+0x298>
    if (below_release_now) {
    1752:	f9bb 2006 	ldrsh.w	r2, [fp, #6]
    bool should_be_on = (cur_value_ >= trigger_threshold_);
    1756:	f9bb 1004 	ldrsh.w	r1, [fp, #4]
    if (below_release_now) {
    175a:	429a      	cmp	r2, r3
    175c:	dd58      	ble.n	1810 <loop+0x288>
      if (!was_below_release_) {
    175e:	f89b 2010 	ldrb.w	r2, [fp, #16]
    1762:	2a00      	cmp	r2, #0
    1764:	d078      	beq.n	1858 <loop+0x2d0>
    1766:	4a49      	ldr	r2, [pc, #292]	@ (188c <loop+0x304>)
        (millis() - below_release_since_ms_ >= release_debounce_ms_);
    1768:	f8db 000c 	ldr.w	r0, [fp, #12]
	return systick_millis_count;
    176c:	6812      	ldr	r2, [r2, #0]
    176e:	1a12      	subs	r2, r2, r0
    1770:	f8bb 000a 	ldrh.w	r0, [fp, #10]
    bool should_be_off = was_below_release_ &&
    1774:	4282      	cmp	r2, r0
    1776:	d34e      	bcc.n	1816 <loop+0x28e>
    if (!is_active_ && should_be_on) {
    1778:	f89b 2179 	ldrb.w	r2, [fp, #377]	@ 0x179
    177c:	2a00      	cmp	r2, #0
    177e:	d04d      	beq.n	181c <loop+0x294>
      LedZoneOff(led_offset_, led_count_);
    1780:	f89b 1174 	ldrb.w	r1, [fp, #372]	@ 0x174
  uint8_t end = led_offset + led_count;
    1784:	f89b 4175 	ldrb.w	r4, [fp, #373]	@ 0x175
    1788:	440c      	add	r4, r1
  if (end > NUM_LEDS) end = NUM_LEDS;
    178a:	b2e4      	uxtb	r4, r4
    178c:	2c40      	cmp	r4, #64	@ 0x40
    178e:	bf28      	it	cs
    1790:	2440      	movcs	r4, #64	@ 0x40
  for (uint8_t i = led_offset; i < end; ++i) {
    1792:	42a1      	cmp	r1, r4
    1794:	d231      	bcs.n	17fa <loop+0x272>
    1796:	1a62      	subs	r2, r4, r1
    1798:	1e53      	subs	r3, r2, #1
    179a:	b2db      	uxtb	r3, r3
    179c:	2b06      	cmp	r3, #6
    179e:	f240 80ca 	bls.w	1936 <loop+0x3ae>
    17a2:	f3c2 05c4 	ubfx	r5, r2, #3, #5
    17a6:	eb01 0341 	add.w	r3, r1, r1, lsl #1
    17aa:	4839      	ldr	r0, [pc, #228]	@ (1890 <loop+0x308>)
    17ac:	b2d6      	uxtb	r6, r2
    17ae:	eb05 0545 	add.w	r5, r5, r5, lsl #1
        r = (colorcode >> 16) & 0xFF;
    17b2:	2200      	movs	r2, #0
    17b4:	4403      	add	r3, r0
    17b6:	eb03 05c5 	add.w	r5, r3, r5, lsl #3
    17ba:	601a      	str	r2, [r3, #0]
    17bc:	3318      	adds	r3, #24
    17be:	f843 2c14 	str.w	r2, [r3, #-20]
    17c2:	f843 2c10 	str.w	r2, [r3, #-16]
    17c6:	f843 2c0c 	str.w	r2, [r3, #-12]
    17ca:	f843 2c08 	str.w	r2, [r3, #-8]
    17ce:	f843 2c04 	str.w	r2, [r3, #-4]
    17d2:	42ab      	cmp	r3, r5
    17d4:	d1f1      	bne.n	17ba <loop+0x232>
    17d6:	0773      	lsls	r3, r6, #29
    17d8:	d00f      	beq.n	17fa <loop+0x272>
    17da:	f026 0307 	bic.w	r3, r6, #7
    17de:	440b      	add	r3, r1
    17e0:	b2d9      	uxtb	r1, r3
    17e2:	eb01 0341 	add.w	r3, r1, r1, lsl #1
    17e6:	f04f 0200 	mov.w	r2, #0
    17ea:	4403      	add	r3, r0
    17ec:	3101      	adds	r1, #1
    17ee:	801a      	strh	r2, [r3, #0]
        b = (colorcode >>  0) & 0xFF;
    17f0:	709a      	strb	r2, [r3, #2]
    17f2:	3303      	adds	r3, #3
    17f4:	b2c9      	uxtb	r1, r1
    17f6:	42a1      	cmp	r1, r4
    17f8:	d3f8      	bcc.n	17ec <loop+0x264>
	void show() { show(m_Scale); }
    17fa:	4826      	ldr	r0, [pc, #152]	@ (1894 <loop+0x30c>)
    17fc:	7801      	ldrb	r1, [r0, #0]
    17fe:	f000 fdaf 	bl	2360 <CFastLED::show(unsigned char)>
      is_active_ = false;
    1802:	2300      	movs	r3, #0
    1804:	f88b 3179 	strb.w	r3, [fp, #377]	@ 0x179
  if (willSend) ResolveButtonGroups();
    1808:	4b19      	ldr	r3, [pc, #100]	@ (1870 <loop+0x2e8>)
    180a:	781b      	ldrb	r3, [r3, #0]
    180c:	9305      	str	r3, [sp, #20]
    180e:	e00a      	b.n	1826 <loop+0x29e>
      was_below_release_ = false;
    1810:	2200      	movs	r2, #0
    1812:	f88b 2010 	strb.w	r2, [fp, #16]
    if (!is_active_ && should_be_on) {
    1816:	f89b 2179 	ldrb.w	r2, [fp, #377]	@ 0x179
    181a:	b90a      	cbnz	r2, 1820 <loop+0x298>
    181c:	428b      	cmp	r3, r1
    181e:	da3d      	bge.n	189c <loop+0x314>
  if (willSend) ResolveButtonGroups();
    1820:	4b13      	ldr	r3, [pc, #76]	@ (1870 <loop+0x2e8>)
    1822:	781b      	ldrb	r3, [r3, #0]
    1824:	9305      	str	r3, [sp, #20]
  for (size_t i = 0; i < kNumSensors; ++i) kSensors[i].EvaluateSensor(willSend);
    1826:	4b14      	ldr	r3, [pc, #80]	@ (1878 <loop+0x2f0>)
    1828:	f108 0801 	add.w	r8, r8, #1
    182c:	f50b 7bbe 	add.w	fp, fp, #380	@ 0x17c
    1830:	681b      	ldr	r3, [r3, #0]
    1832:	4543      	cmp	r3, r8
    1834:	f63f aed0 	bhi.w	15d8 <loop+0x50>
    1838:	9c09      	ldr	r4, [sp, #36]	@ 0x24
  if (willSend) ResolveButtonGroups();
    183a:	9b05      	ldr	r3, [sp, #20]
    183c:	2b00      	cmp	r3, #0
    183e:	d164      	bne.n	190a <loop+0x382>

  if (willSend) {
    bool sent = ButtonSend();
    if (sent) lastSend = startMicros;
  }
  if (loopTime == -1) loopTime = micros() - startMicros;
    1840:	4b09      	ldr	r3, [pc, #36]	@ (1868 <loop+0x2e0>)
    1842:	681b      	ldr	r3, [r3, #0]
    1844:	3301      	adds	r3, #1
    1846:	d06e      	beq.n	1926 <loop+0x39e>
}
    1848:	b00d      	add	sp, #52	@ 0x34
    184a:	e8bd 8ff0 	ldmia.w	sp!, {r4, r5, r6, r7, r8, r9, sl, fp, pc}
    184e:	2300      	movs	r3, #0
    1850:	e77a      	b.n	1748 <loop+0x1c0>
    1852:	f240 33ff 	movw	r3, #1023	@ 0x3ff
    1856:	e777      	b.n	1748 <loop+0x1c0>
        was_below_release_ = true;
    1858:	2001      	movs	r0, #1
    185a:	4a0c      	ldr	r2, [pc, #48]	@ (188c <loop+0x304>)
    185c:	f88b 0010 	strb.w	r0, [fp, #16]
    1860:	6810      	ldr	r0, [r2, #0]
        below_release_since_ms_ = millis();
    1862:	f8cb 000c 	str.w	r0, [fp, #12]
        was_below_release_ = true;
    1866:	e77f      	b.n	1768 <loop+0x1e0>
    1868:	20000d6c 	.word	0x20000d6c
    186c:	200024cc 	.word	0x200024cc
    1870:	20002691 	.word	0x20002691
    1874:	20002614 	.word	0x20002614
    1878:	20000d00 	.word	0x20000d00
    187c:	20000c7c 	.word	0x20000c7c
    1880:	431bde83 	.word	0x431bde83
    1884:	20001738 	.word	0x20001738
    1888:	51eb851f 	.word	0x51eb851f
    188c:	20002660 	.word	0x20002660
    1890:	200024d0 	.word	0x200024d0
    1894:	20001720 	.word	0x20001720
    1898:	e0001000 	.word	0xe0001000
      LedZoneOn(led_offset_, led_count_, color_);
    189c:	f89b 3174 	ldrb.w	r3, [fp, #372]	@ 0x174
    18a0:	f89b 2175 	ldrb.w	r2, [fp, #373]	@ 0x175
    18a4:	f8bb 1176 	ldrh.w	r1, [fp, #374]	@ 0x176
  uint8_t end = led_offset + led_count;
    18a8:	441a      	add	r2, r3
    18aa:	f8ad 102c 	strh.w	r1, [sp, #44]	@ 0x2c
  if (end > NUM_LEDS) end = NUM_LEDS;
    18ae:	b2d2      	uxtb	r2, r2
    18b0:	f89b 1178 	ldrb.w	r1, [fp, #376]	@ 0x178
    18b4:	2a40      	cmp	r2, #64	@ 0x40
    18b6:	f88d 102e 	strb.w	r1, [sp, #46]	@ 0x2e
    18ba:	bf28      	it	cs
    18bc:	2240      	movcs	r2, #64	@ 0x40
  for (uint8_t i = led_offset; i < end; ++i) {
    18be:	4293      	cmp	r3, r2
    18c0:	d216      	bcs.n	18f0 <loop+0x368>
    18c2:	1ad2      	subs	r2, r2, r3
    18c4:	481d      	ldr	r0, [pc, #116]	@ (193c <loop+0x3b4>)
    18c6:	3a01      	subs	r2, #1
    18c8:	fa53 f282 	uxtab	r2, r3, r2
    18cc:	eb03 0343 	add.w	r3, r3, r3, lsl #1
    18d0:	eb02 0242 	add.w	r2, r2, r2, lsl #1
    18d4:	4403      	add	r3, r0
    18d6:	3003      	adds	r0, #3
    18d8:	4402      	add	r2, r0
    leds[i] = color;
    18da:	f8bd 102c 	ldrh.w	r1, [sp, #44]	@ 0x2c
  for (uint8_t i = led_offset; i < end; ++i) {
    18de:	3303      	adds	r3, #3
    leds[i] = color;
    18e0:	f823 1c03 	strh.w	r1, [r3, #-3]
    18e4:	f89d 102e 	ldrb.w	r1, [sp, #46]	@ 0x2e
    18e8:	f803 1c01 	strb.w	r1, [r3, #-1]
  for (uint8_t i = led_offset; i < end; ++i) {
    18ec:	429a      	cmp	r2, r3
    18ee:	d1f4      	bne.n	18da <loop+0x352>
    18f0:	4813      	ldr	r0, [pc, #76]	@ (1940 <loop+0x3b8>)
    18f2:	7801      	ldrb	r1, [r0, #0]
    18f4:	f000 fd34 	bl	2360 <CFastLED::show(unsigned char)>
      is_active_ = true;
    18f8:	2301      	movs	r3, #1
    18fa:	f88b 3179 	strb.w	r3, [fp, #377]	@ 0x179
      was_below_release_ = false;
    18fe:	2300      	movs	r3, #0
    1900:	f88b 3010 	strb.w	r3, [fp, #16]
    1904:	e78c      	b.n	1820 <loop+0x298>
  willSend = (loopTime == -1 || startMicros - lastSend + loopTime >= 1000);
    1906:	2301      	movs	r3, #1
    1908:	e652      	b.n	15b0 <loop+0x28>
  if (willSend) ResolveButtonGroups();
    190a:	f7fe fcd1 	bl	2b0 <ResolveButtonGroups()>
  if (willSend) {
    190e:	4b0d      	ldr	r3, [pc, #52]	@ (1944 <loop+0x3bc>)
    1910:	781b      	ldrb	r3, [r3, #0]
    1912:	2b00      	cmp	r3, #0
    1914:	d094      	beq.n	1840 <loop+0x2b8>
	}
	void send_now(void) {
		usb_joystick_send();
    1916:	f002 fb4f 	bl	3fb8 <usb_joystick_send>
    if (sent) lastSend = startMicros;
    191a:	4b0b      	ldr	r3, [pc, #44]	@ (1948 <loop+0x3c0>)
    191c:	601c      	str	r4, [r3, #0]
  if (loopTime == -1) loopTime = micros() - startMicros;
    191e:	4b0b      	ldr	r3, [pc, #44]	@ (194c <loop+0x3c4>)
    1920:	681b      	ldr	r3, [r3, #0]
    1922:	3301      	adds	r3, #1
    1924:	d190      	bne.n	1848 <loop+0x2c0>
    1926:	f001 f9db 	bl	2ce0 <micros>
    192a:	4b08      	ldr	r3, [pc, #32]	@ (194c <loop+0x3c4>)
    192c:	1b00      	subs	r0, r0, r4
    192e:	6018      	str	r0, [r3, #0]
}
    1930:	b00d      	add	sp, #52	@ 0x34
    1932:	e8bd 8ff0 	ldmia.w	sp!, {r4, r5, r6, r7, r8, r9, sl, fp, pc}
    1936:	4801      	ldr	r0, [pc, #4]	@ (193c <loop+0x3b4>)
    1938:	e753      	b.n	17e2 <loop+0x25a>
    193a:	bf00      	nop
    193c:	200024d0 	.word	0x200024d0
    1940:	20001720 	.word	0x20001720
    1944:	20002691 	.word	0x20002691
    1948:	200024cc 	.word	0x200024cc
    194c:	20000d6c 	.word	0x20000d6c

00001950 <ClocklessController<6, 250, 625, 375, (EOrder)66, 0, false, 50>::showRGBInternal(PixelController<(EOrder)66, 1, 4294967295ul>)>:
			while((next_mark - ARM_DWT_CYCCNT) > off[1]);
			FastPin<DATA_PIN>::lo();
		}
	}

	uint32_t showRGBInternal(PixelController<RGB_ORDER> pixels) {
    1950:	e92d 4ff0 	stmdb	sp!, {r4, r5, r6, r7, r8, r9, sl, fp, lr}
    1954:	468e      	mov	lr, r1
		uint32_t start = ARM_DWT_CYCCNT;
    1956:	49bb      	ldr	r1, [pc, #748]	@ (1c44 <ClocklessController<6, 250, 625, 375, (EOrder)66, 0, false, 50>::showRGBInternal(PixelController<(EOrder)66, 1, 4294967295ul>)+0x2f4>)
            d[2] = e[2] - d[2];
    }

    /// Some chipsets pre-cycle the first byte, which means we want to cycle byte 0's dithering separately
    FASTLED_FORCE_INLINE void preStepFirstByteDithering() {
        d[RO(0)] = e[RO(0)] - d[RO(0)];
    1958:	f89e 200d 	ldrb.w	r2, [lr, #13]
    195c:	f89e 3010 	ldrb.w	r3, [lr, #16]
    1960:	f8d1 b004 	ldr.w	fp, [r1, #4]
    1964:	1a9b      	subs	r3, r3, r2
    /// @{
    
    /// Read a byte of LED data
    /// @tparam SLOT The data slot in the output stream. This is used to select which byte of the output stream is being processed.
    /// @param pc reference to the pixel controller
    template<int SLOT>  FASTLED_FORCE_INLINE static uint8_t loadByte(PixelController & pc) { return pc.mData[RO(SLOT)]; }
    1966:	f8de 2000 	ldr.w	r2, [lr]
        d[RO(0)] = e[RO(0)] - d[RO(0)];
    196a:	f88e 300d 	strb.w	r3, [lr, #13]
    template<int SLOT>  FASTLED_FORCE_INLINE static uint8_t loadByte(PixelController & pc) { return pc.mData[RO(SLOT)]; }
    196e:	f892 c001 	ldrb.w	ip, [r2, #1]
    /// Calculate a dither value using the per-channel dither data
    /// @tparam SLOT The data slot in the output stream. This is used to select which byte of the output stream is being processed.
    /// @param pc reference to the pixel controller
    /// @param b the color byte to dither
    /// @see PixelController::d
    template<int SLOT>  FASTLED_FORCE_INLINE static uint8_t dither(PixelController & pc, uint8_t b) { return b ? qadd8(b, pc.d[RO(SLOT)]) : 0; }
    1972:	f1bc 0f00 	cmp.w	ip, #0
    1976:	d006      	beq.n	1986 <ClocklessController<6, 250, 625, 375, (EOrder)66, 0, false, 50>::showRGBInternal(PixelController<(EOrder)66, 1, 4294967295ul>)+0x36>
/// @param i first byte to add
/// @param j second byte to add
/// @returns the sum of i + j, capped at 0xFF
LIB8STATIC_ALWAYS_INLINE uint8_t qadd8(uint8_t i, uint8_t j) {
#if QADD8_C == 1
    unsigned int t = i + j;
    1978:	fa5c fc83 	uxtab	ip, ip, r3
    if (t > 255)
    197c:	f1bc 0fff 	cmp.w	ip, #255	@ 0xff
    1980:	bfa8      	it	ge
    1982:	f04f 0cff 	movge.w	ip, #255	@ 0xff
    /// Scale a value using the per-channel scale data
    /// @tparam SLOT The data slot in the output stream. This is used to select which byte of the output stream is being processed.
    /// @param pc reference to the pixel controller
    /// @param b the color byte to scale
    /// @see PixelController::mScale
    template<int SLOT>  FASTLED_FORCE_INLINE static uint8_t scale(PixelController & pc, uint8_t b) { return scale8(b, pc.mScale.raw[RO(SLOT)]); }
    1986:	f89e 6013 	ldrb.w	r6, [lr, #19]

		// Setup the pixel controller and load/scale the first byte
		pixels.preStepFirstByteDithering();
		FASTLED_REGISTER uint32_t b = pixels.loadAndScale0();

		cli();
    198a:	b672      	cpsid	i

		off[0] = _FASTLED_NS_TO_DWT(T1+T2+T3);
    198c:	49ae      	ldr	r1, [pc, #696]	@ (1c48 <ClocklessController<6, 250, 625, 375, (EOrder)66, 0, false, 50>::showRGBInternal(PixelController<(EOrder)66, 1, 4294967295ul>)+0x2f8>)
    198e:	f240 44e2 	movw	r4, #1250	@ 0x4e2
		off[1] = _FASTLED_NS_TO_DWT(T2+T3);
    1992:	f44f 737a 	mov.w	r3, #1000	@ 0x3e8
		off[2] = _FASTLED_NS_TO_DWT(T3);
    1996:	f240 1577 	movw	r5, #375	@ 0x177
		off[0] = _FASTLED_NS_TO_DWT(T1+T2+T3);
    199a:	680a      	ldr	r2, [r1, #0]

	uint32_t wait_off = _FASTLED_NS_TO_DWT((WAIT_TIME-INTERRUPT_THRESHOLD)*1000);

    	uint32_t next_mark = ARM_DWT_CYCCNT + off[0];

		while(pixels.has(1)) {
    199c:	f8de 7008 	ldr.w	r7, [lr, #8]
		off[0] = _FASTLED_NS_TO_DWT(T1+T2+T3);
    19a0:	0c12      	lsrs	r2, r2, #16
		while(pixels.has(1)) {
    19a2:	2f00      	cmp	r7, #0
		off[0] = _FASTLED_NS_TO_DWT(T1+T2+T3);
    19a4:	fb04 f202 	mul.w	r2, r4, r2
		off[1] = _FASTLED_NS_TO_DWT(T2+T3);
    19a8:	680c      	ldr	r4, [r1, #0]
    19aa:	ea4f 4414 	mov.w	r4, r4, lsr #16
		off[0] = _FASTLED_NS_TO_DWT(T1+T2+T3);
    19ae:	ea4f 0252 	mov.w	r2, r2, lsr #1
		off[1] = _FASTLED_NS_TO_DWT(T2+T3);
    19b2:	fb03 f404 	mul.w	r4, r3, r4
		off[2] = _FASTLED_NS_TO_DWT(T3);
    19b6:	680b      	ldr	r3, [r1, #0]
	uint32_t wait_off = _FASTLED_NS_TO_DWT((WAIT_TIME-INTERRUPT_THRESHOLD)*1000);
    19b8:	6809      	ldr	r1, [r1, #0]
		off[2] = _FASTLED_NS_TO_DWT(T3);
    19ba:	ea4f 4313 	mov.w	r3, r3, lsr #16
		off[1] = _FASTLED_NS_TO_DWT(T2+T3);
    19be:	ea4f 0454 	mov.w	r4, r4, lsr #1
		off[2] = _FASTLED_NS_TO_DWT(T3);
    19c2:	fb05 f303 	mul.w	r3, r5, r3
		off[0] = _FASTLED_NS_TO_DWT(T1+T2+T3);
    19c6:	4da1      	ldr	r5, [pc, #644]	@ (1c4c <ClocklessController<6, 250, 625, 375, (EOrder)66, 0, false, 50>::showRGBInternal(PixelController<(EOrder)66, 1, 4294967295ul>)+0x2fc>)
		off[2] = _FASTLED_NS_TO_DWT(T3);
    19c8:	ea4f 0353 	mov.w	r3, r3, lsr #1
		off[0] = _FASTLED_NS_TO_DWT(T1+T2+T3);
    19cc:	fba5 8202 	umull	r8, r2, r5, r2
		off[1] = _FASTLED_NS_TO_DWT(T2+T3);
    19d0:	fba5 8404 	umull	r8, r4, r5, r4
		off[2] = _FASTLED_NS_TO_DWT(T3);
    19d4:	fba5 8303 	umull	r8, r3, r5, r3
		off[0] = _FASTLED_NS_TO_DWT(T1+T2+T3);
    19d8:	ea4f 2212 	mov.w	r2, r2, lsr #8
		off[1] = _FASTLED_NS_TO_DWT(T2+T3);
    19dc:	ea4f 2414 	mov.w	r4, r4, lsr #8
		off[2] = _FASTLED_NS_TO_DWT(T3);
    19e0:	ea4f 2313 	mov.w	r3, r3, lsr #8
		off[0] = _FASTLED_NS_TO_DWT(T1+T2+T3);
    19e4:	6282      	str	r2, [r0, #40]	@ 0x28
		off[1] = _FASTLED_NS_TO_DWT(T2+T3);
    19e6:	62c4      	str	r4, [r0, #44]	@ 0x2c
		off[2] = _FASTLED_NS_TO_DWT(T3);
    19e8:	6303      	str	r3, [r0, #48]	@ 0x30
    	uint32_t next_mark = ARM_DWT_CYCCNT + off[0];
    19ea:	4b96      	ldr	r3, [pc, #600]	@ (1c44 <ClocklessController<6, 250, 625, 375, (EOrder)66, 0, false, 50>::showRGBInternal(PixelController<(EOrder)66, 1, 4294967295ul>)+0x2f4>)
    19ec:	685c      	ldr	r4, [r3, #4]
		while(pixels.has(1)) {
    19ee:	f340 8106 	ble.w	1bfe <ClocklessController<6, 250, 625, 375, (EOrder)66, 0, false, 50>::showRGBInternal(PixelController<(EOrder)66, 1, 4294967295ul>)+0x2ae>
/// @returns scaled value
/// @note Takes 4 clocks on AVR with MUL, 2 clocks on ARM
LIB8STATIC_ALWAYS_INLINE uint8_t scale8(uint8_t i, fract8 scale) {
#if SCALE8_C == 1
#if (FASTLED_SCALE8_FIXED == 1)
    return (((uint16_t)i) * (1 + (uint16_t)(scale))) >> 8;
    19f2:	fb06 cc0c 	mla	ip, r6, ip, ip
	uint32_t wait_off = _FASTLED_NS_TO_DWT((WAIT_TIME-INTERRUPT_THRESHOLD)*1000);
    19f6:	0c0e      	lsrs	r6, r1, #16
    19f8:	f64b 7168 	movw	r1, #49000	@ 0xbf68
    	uint32_t next_mark = ARM_DWT_CYCCNT + off[0];
    19fc:	4422      	add	r2, r4
    19fe:	ea4f 2c2c 	mov.w	ip, ip, asr #8
	inline static void hi() __attribute__ ((always_inline)) { _GPIO_DR_SET::r() = _MASK; }
    1a02:	4c93      	ldr	r4, [pc, #588]	@ (1c50 <ClocklessController<6, 250, 625, 375, (EOrder)66, 0, false, 50>::showRGBInternal(PixelController<(EOrder)66, 1, 4294967295ul>)+0x300>)
	uint32_t wait_off = _FASTLED_NS_TO_DWT((WAIT_TIME-INTERRUPT_THRESHOLD)*1000);
    1a04:	fb01 f606 	mul.w	r6, r1, r6
    1a08:	0876      	lsrs	r6, r6, #1
    1a0a:	fba5 5606 	umull	r5, r6, r5, r6
    1a0e:	f44f 6580 	mov.w	r5, #1024	@ 0x400
    1a12:	0a36      	lsrs	r6, r6, #8
            d[0] = e[0] - d[0];
    1a14:	f89e 800c 	ldrb.w	r8, [lr, #12]
    1a18:	f89e 900f 	ldrb.w	r9, [lr, #15]
            d[1] = e[1] - d[1];
    1a1c:	f89e 100d 	ldrb.w	r1, [lr, #13]
            d[0] = e[0] - d[0];
    1a20:	eba9 0908 	sub.w	r9, r9, r8
            d[1] = e[1] - d[1];
    1a24:	f89e 8010 	ldrb.w	r8, [lr, #16]
            d[2] = e[2] - d[2];
    1a28:	f89e a00e 	ldrb.w	sl, [lr, #14]
            d[1] = e[1] - d[1];
    1a2c:	eba8 0801 	sub.w	r8, r8, r1
            d[2] = e[2] - d[2];
    1a30:	f89e 1011 	ldrb.w	r1, [lr, #17]
            d[0] = e[0] - d[0];
    1a34:	f88e 900c 	strb.w	r9, [lr, #12]
            d[2] = e[2] - d[2];
    1a38:	eba1 010a 	sub.w	r1, r1, sl
            d[1] = e[1] - d[1];
    1a3c:	f88e 800d 	strb.w	r8, [lr, #13]
            d[2] = e[2] - d[2];
    1a40:	f88e 100e 	strb.w	r1, [lr, #14]
			pixels.stepDithering();
			#if (FASTLED_ALLOW_INTERRUPTS == 1)
			cli();
    1a44:	b672      	cpsid	i
			// if interrupts took longer than 45µs, punt on the current frame
			if(ARM_DWT_CYCCNT > next_mark) {
    1a46:	6859      	ldr	r1, [r3, #4]
    1a48:	4291      	cmp	r1, r2
    1a4a:	d904      	bls.n	1a56 <ClocklessController<6, 250, 625, 375, (EOrder)66, 0, false, 50>::showRGBInternal(PixelController<(EOrder)66, 1, 4294967295ul>)+0x106>
				if((ARM_DWT_CYCCNT-next_mark) > wait_off) { sei(); return ARM_DWT_CYCCNT - start; }
    1a4c:	6859      	ldr	r1, [r3, #4]
    1a4e:	1a89      	subs	r1, r1, r2
    1a50:	42b1      	cmp	r1, r6
    1a52:	f200 8128 	bhi.w	1ca6 <ClocklessController<6, 250, 625, 375, (EOrder)66, 0, false, 50>::showRGBInternal(PixelController<(EOrder)66, 1, 4294967295ul>)+0x356>
    1a56:	f04f 0807 	mov.w	r8, #7
			while(ARM_DWT_CYCCNT < next_mark);
    1a5a:	6859      	ldr	r1, [r3, #4]
    1a5c:	4291      	cmp	r1, r2
    1a5e:	d3fc      	bcc.n	1a5a <ClocklessController<6, 250, 625, 375, (EOrder)66, 0, false, 50>::showRGBInternal(PixelController<(EOrder)66, 1, 4294967295ul>)+0x10a>
			next_mark = ARM_DWT_CYCCNT + off[0];
    1a60:	685a      	ldr	r2, [r3, #4]
			if(b&0x80) {
    1a62:	f01c 0f80 	tst.w	ip, #128	@ 0x80
			next_mark = ARM_DWT_CYCCNT + off[0];
    1a66:	6a81      	ldr	r1, [r0, #40]	@ 0x28
    1a68:	f8c4 5084 	str.w	r5, [r4, #132]	@ 0x84
    1a6c:	440a      	add	r2, r1
			if(b&0x80) {
    1a6e:	f000 80db 	beq.w	1c28 <ClocklessController<6, 250, 625, 375, (EOrder)66, 0, false, 50>::showRGBInternal(PixelController<(EOrder)66, 1, 4294967295ul>)+0x2d8>
				while((next_mark - ARM_DWT_CYCCNT) > off[2]);
    1a72:	6b07      	ldr	r7, [r0, #48]	@ 0x30
    1a74:	6859      	ldr	r1, [r3, #4]
    1a76:	1a51      	subs	r1, r2, r1
    1a78:	42b9      	cmp	r1, r7
    1a7a:	d8fb      	bhi.n	1a74 <ClocklessController<6, 250, 625, 375, (EOrder)66, 0, false, 50>::showRGBInternal(PixelController<(EOrder)66, 1, 4294967295ul>)+0x124>
		for(FASTLED_REGISTER uint32_t i = BITS-1; i > 0; --i) {
    1a7c:	f1b8 0801 	subs.w	r8, r8, #1
			b <<= 1;
    1a80:	ea4f 0c4c 	mov.w	ip, ip, lsl #1
	inline static void lo() __attribute__ ((always_inline)) { _GPIO_DR_CLEAR::r() = _MASK; }
    1a84:	f8c4 5088 	str.w	r5, [r4, #136]	@ 0x88
		for(FASTLED_REGISTER uint32_t i = BITS-1; i > 0; --i) {
    1a88:	d1e7      	bne.n	1a5a <ClocklessController<6, 250, 625, 375, (EOrder)66, 0, false, 50>::showRGBInternal(PixelController<(EOrder)66, 1, 4294967295ul>)+0x10a>
		while(ARM_DWT_CYCCNT < next_mark);
    1a8a:	6859      	ldr	r1, [r3, #4]
    1a8c:	428a      	cmp	r2, r1
    1a8e:	d8fc      	bhi.n	1a8a <ClocklessController<6, 250, 625, 375, (EOrder)66, 0, false, 50>::showRGBInternal(PixelController<(EOrder)66, 1, 4294967295ul>)+0x13a>
		next_mark = ARM_DWT_CYCCNT + off[0];
    1a90:	685a      	ldr	r2, [r3, #4]
		if(b&0x80) {
    1a92:	f01c 0f80 	tst.w	ip, #128	@ 0x80
		next_mark = ARM_DWT_CYCCNT + off[0];
    1a96:	6a81      	ldr	r1, [r0, #40]	@ 0x28
	inline static void hi() __attribute__ ((always_inline)) { _GPIO_DR_SET::r() = _MASK; }
    1a98:	f8c4 5084 	str.w	r5, [r4, #132]	@ 0x84
    1a9c:	440a      	add	r2, r1
		if(b&0x80) {
    1a9e:	f000 80fb 	beq.w	1c98 <ClocklessController<6, 250, 625, 375, (EOrder)66, 0, false, 50>::showRGBInternal(PixelController<(EOrder)66, 1, 4294967295ul>)+0x348>
			while((next_mark - ARM_DWT_CYCCNT) > off[2]);
    1aa2:	f8d0 c030 	ldr.w	ip, [r0, #48]	@ 0x30
    1aa6:	6859      	ldr	r1, [r3, #4]
    1aa8:	1a51      	subs	r1, r2, r1
    1aaa:	4561      	cmp	r1, ip
    1aac:	d8fb      	bhi.n	1aa6 <ClocklessController<6, 250, 625, 375, (EOrder)66, 0, false, 50>::showRGBInternal(PixelController<(EOrder)66, 1, 4294967295ul>)+0x156>
    template<int SLOT>  FASTLED_FORCE_INLINE static uint8_t loadByte(PixelController & pc) { return pc.mData[RO(SLOT)]; }
    1aae:	f8de 8000 	ldr.w	r8, [lr]
	inline static void lo() __attribute__ ((always_inline)) { _GPIO_DR_CLEAR::r() = _MASK; }
    1ab2:	f8c4 5088 	str.w	r5, [r4, #136]	@ 0x88
    1ab6:	f898 1000 	ldrb.w	r1, [r8]
    template<int SLOT>  FASTLED_FORCE_INLINE static uint8_t dither(PixelController & pc, uint8_t b) { return b ? qadd8(b, pc.d[RO(SLOT)]) : 0; }
    1aba:	2900      	cmp	r1, #0
    1abc:	f000 80ea 	beq.w	1c94 <ClocklessController<6, 250, 625, 375, (EOrder)66, 0, false, 50>::showRGBInternal(PixelController<(EOrder)66, 1, 4294967295ul>)+0x344>
    unsigned int t = i + j;
    1ac0:	f89e c00c 	ldrb.w	ip, [lr, #12]
    1ac4:	448c      	add	ip, r1
    if (t > 255)
    1ac6:	f1bc 0fff 	cmp.w	ip, #255	@ 0xff
    1aca:	bfa8      	it	ge
    1acc:	f04f 0cff 	movge.w	ip, #255	@ 0xff
    1ad0:	f89e 1012 	ldrb.w	r1, [lr, #18]
			}
			#endif
			// Write first byte, read next byte
			writeBits<8+XTRA0>(next_mark, b);
			b = pixels.loadAndScale1();
    1ad4:	f04f 0907 	mov.w	r9, #7
    1ad8:	fb01 cc0c 	mla	ip, r1, ip, ip
    1adc:	ea4f 2c2c 	mov.w	ip, ip, asr #8
			while(ARM_DWT_CYCCNT < next_mark);
    1ae0:	6859      	ldr	r1, [r3, #4]
    1ae2:	4291      	cmp	r1, r2
    1ae4:	d3fc      	bcc.n	1ae0 <ClocklessController<6, 250, 625, 375, (EOrder)66, 0, false, 50>::showRGBInternal(PixelController<(EOrder)66, 1, 4294967295ul>)+0x190>
			next_mark = ARM_DWT_CYCCNT + off[0];
    1ae6:	685a      	ldr	r2, [r3, #4]
			if(b&0x80) {
    1ae8:	f01c 0f80 	tst.w	ip, #128	@ 0x80
			next_mark = ARM_DWT_CYCCNT + off[0];
    1aec:	6a81      	ldr	r1, [r0, #40]	@ 0x28
	inline static void hi() __attribute__ ((always_inline)) { _GPIO_DR_SET::r() = _MASK; }
    1aee:	f8c4 5084 	str.w	r5, [r4, #132]	@ 0x84
    1af2:	440a      	add	r2, r1
			if(b&0x80) {
    1af4:	f000 80ae 	beq.w	1c54 <ClocklessController<6, 250, 625, 375, (EOrder)66, 0, false, 50>::showRGBInternal(PixelController<(EOrder)66, 1, 4294967295ul>)+0x304>
				while((next_mark - ARM_DWT_CYCCNT) > off[2]);
    1af8:	6b07      	ldr	r7, [r0, #48]	@ 0x30
    1afa:	6859      	ldr	r1, [r3, #4]
    1afc:	1a51      	subs	r1, r2, r1
    1afe:	42b9      	cmp	r1, r7
    1b00:	d8fb      	bhi.n	1afa <ClocklessController<6, 250, 625, 375, (EOrder)66, 0, false, 50>::showRGBInternal(PixelController<(EOrder)66, 1, 4294967295ul>)+0x1aa>
		for(FASTLED_REGISTER uint32_t i = BITS-1; i > 0; --i) {
    1b02:	f1b9 0901 	subs.w	r9, r9, #1
			b <<= 1;
    1b06:	ea4f 0c4c 	mov.w	ip, ip, lsl #1
	inline static void lo() __attribute__ ((always_inline)) { _GPIO_DR_CLEAR::r() = _MASK; }
    1b0a:	f8c4 5088 	str.w	r5, [r4, #136]	@ 0x88
		for(FASTLED_REGISTER uint32_t i = BITS-1; i > 0; --i) {
    1b0e:	d1e7      	bne.n	1ae0 <ClocklessController<6, 250, 625, 375, (EOrder)66, 0, false, 50>::showRGBInternal(PixelController<(EOrder)66, 1, 4294967295ul>)+0x190>
		while(ARM_DWT_CYCCNT < next_mark);
    1b10:	6859      	ldr	r1, [r3, #4]
    1b12:	428a      	cmp	r2, r1
    1b14:	d8fc      	bhi.n	1b10 <ClocklessController<6, 250, 625, 375, (EOrder)66, 0, false, 50>::showRGBInternal(PixelController<(EOrder)66, 1, 4294967295ul>)+0x1c0>
		next_mark = ARM_DWT_CYCCNT + off[0];
    1b16:	685a      	ldr	r2, [r3, #4]
		if(b&0x80) {
    1b18:	f01c 0f80 	tst.w	ip, #128	@ 0x80
		next_mark = ARM_DWT_CYCCNT + off[0];
    1b1c:	6a81      	ldr	r1, [r0, #40]	@ 0x28
	inline static void hi() __attribute__ ((always_inline)) { _GPIO_DR_SET::r() = _MASK; }
    1b1e:	f8c4 5084 	str.w	r5, [r4, #132]	@ 0x84
    1b22:	440a      	add	r2, r1
		if(b&0x80) {
    1b24:	f000 80af 	beq.w	1c86 <ClocklessController<6, 250, 625, 375, (EOrder)66, 0, false, 50>::showRGBInternal(PixelController<(EOrder)66, 1, 4294967295ul>)+0x336>
			while((next_mark - ARM_DWT_CYCCNT) > off[2]);
    1b28:	f8d0 c030 	ldr.w	ip, [r0, #48]	@ 0x30
    1b2c:	6859      	ldr	r1, [r3, #4]
    1b2e:	1a51      	subs	r1, r2, r1
    1b30:	4561      	cmp	r1, ip
    1b32:	d8fb      	bhi.n	1b2c <ClocklessController<6, 250, 625, 375, (EOrder)66, 0, false, 50>::showRGBInternal(PixelController<(EOrder)66, 1, 4294967295ul>)+0x1dc>
	inline static void lo() __attribute__ ((always_inline)) { _GPIO_DR_CLEAR::r() = _MASK; }
    1b34:	f8c4 5088 	str.w	r5, [r4, #136]	@ 0x88
    template<int SLOT>  FASTLED_FORCE_INLINE static uint8_t loadByte(PixelController & pc) { return pc.mData[RO(SLOT)]; }
    1b38:	f898 1002 	ldrb.w	r1, [r8, #2]
    template<int SLOT>  FASTLED_FORCE_INLINE static uint8_t dither(PixelController & pc, uint8_t b) { return b ? qadd8(b, pc.d[RO(SLOT)]) : 0; }
    1b3c:	2900      	cmp	r1, #0
    1b3e:	f000 80a0 	beq.w	1c82 <ClocklessController<6, 250, 625, 375, (EOrder)66, 0, false, 50>::showRGBInternal(PixelController<(EOrder)66, 1, 4294967295ul>)+0x332>
    unsigned int t = i + j;
    1b42:	f89e c00e 	ldrb.w	ip, [lr, #14]
    1b46:	eb0c 0901 	add.w	r9, ip, r1
    if (t > 255)
    1b4a:	f1b9 0fff 	cmp.w	r9, #255	@ 0xff
    1b4e:	bfa8      	it	ge
    1b50:	f04f 09ff 	movge.w	r9, #255	@ 0xff
    1b54:	f89e 1014 	ldrb.w	r1, [lr, #20]

			// Write second byte, read 3rd byte
			writeBits<8+XTRA0>(next_mark, b);
			b = pixels.loadAndScale2();
    1b58:	f04f 0a07 	mov.w	sl, #7
    1b5c:	fb01 9909 	mla	r9, r1, r9, r9
    1b60:	ea4f 2929 	mov.w	r9, r9, asr #8
			while(ARM_DWT_CYCCNT < next_mark);
    1b64:	6859      	ldr	r1, [r3, #4]
    1b66:	4291      	cmp	r1, r2
    1b68:	d3fc      	bcc.n	1b64 <ClocklessController<6, 250, 625, 375, (EOrder)66, 0, false, 50>::showRGBInternal(PixelController<(EOrder)66, 1, 4294967295ul>)+0x214>
			next_mark = ARM_DWT_CYCCNT + off[0];
    1b6a:	685a      	ldr	r2, [r3, #4]
			if(b&0x80) {
    1b6c:	f019 0f80 	tst.w	r9, #128	@ 0x80
			next_mark = ARM_DWT_CYCCNT + off[0];
    1b70:	6a81      	ldr	r1, [r0, #40]	@ 0x28
	inline static void hi() __attribute__ ((always_inline)) { _GPIO_DR_SET::r() = _MASK; }
    1b72:	f8c4 5084 	str.w	r5, [r4, #132]	@ 0x84
    1b76:	440a      	add	r2, r1
			if(b&0x80) {
    1b78:	d048      	beq.n	1c0c <ClocklessController<6, 250, 625, 375, (EOrder)66, 0, false, 50>::showRGBInternal(PixelController<(EOrder)66, 1, 4294967295ul>)+0x2bc>
				while((next_mark - ARM_DWT_CYCCNT) > off[2]);
    1b7a:	6b07      	ldr	r7, [r0, #48]	@ 0x30
    1b7c:	6859      	ldr	r1, [r3, #4]
    1b7e:	1a51      	subs	r1, r2, r1
    1b80:	42b9      	cmp	r1, r7
    1b82:	d8fb      	bhi.n	1b7c <ClocklessController<6, 250, 625, 375, (EOrder)66, 0, false, 50>::showRGBInternal(PixelController<(EOrder)66, 1, 4294967295ul>)+0x22c>
		for(FASTLED_REGISTER uint32_t i = BITS-1; i > 0; --i) {
    1b84:	f1ba 0a01 	subs.w	sl, sl, #1
			b <<= 1;
    1b88:	ea4f 0949 	mov.w	r9, r9, lsl #1
	inline static void lo() __attribute__ ((always_inline)) { _GPIO_DR_CLEAR::r() = _MASK; }
    1b8c:	f8c4 5088 	str.w	r5, [r4, #136]	@ 0x88
		for(FASTLED_REGISTER uint32_t i = BITS-1; i > 0; --i) {
    1b90:	d1e8      	bne.n	1b64 <ClocklessController<6, 250, 625, 375, (EOrder)66, 0, false, 50>::showRGBInternal(PixelController<(EOrder)66, 1, 4294967295ul>)+0x214>
		while(ARM_DWT_CYCCNT < next_mark);
    1b92:	6859      	ldr	r1, [r3, #4]
    1b94:	428a      	cmp	r2, r1
    1b96:	d8fc      	bhi.n	1b92 <ClocklessController<6, 250, 625, 375, (EOrder)66, 0, false, 50>::showRGBInternal(PixelController<(EOrder)66, 1, 4294967295ul>)+0x242>
		next_mark = ARM_DWT_CYCCNT + off[0];
    1b98:	685a      	ldr	r2, [r3, #4]
		if(b&0x80) {
    1b9a:	f019 0f80 	tst.w	r9, #128	@ 0x80
		next_mark = ARM_DWT_CYCCNT + off[0];
    1b9e:	6a81      	ldr	r1, [r0, #40]	@ 0x28
	inline static void hi() __attribute__ ((always_inline)) { _GPIO_DR_SET::r() = _MASK; }
    1ba0:	f8c4 5084 	str.w	r5, [r4, #132]	@ 0x84
    1ba4:	440a      	add	r2, r1
		if(b&0x80) {
    1ba6:	d065      	beq.n	1c74 <ClocklessController<6, 250, 625, 375, (EOrder)66, 0, false, 50>::showRGBInternal(PixelController<(EOrder)66, 1, 4294967295ul>)+0x324>
			while((next_mark - ARM_DWT_CYCCNT) > off[2]);
    1ba8:	f8d0 c030 	ldr.w	ip, [r0, #48]	@ 0x30
    1bac:	6859      	ldr	r1, [r3, #4]
    1bae:	1a51      	subs	r1, r2, r1
    1bb0:	4561      	cmp	r1, ip
    1bb2:	d8fb      	bhi.n	1bac <ClocklessController<6, 250, 625, 375, (EOrder)66, 0, false, 50>::showRGBInternal(PixelController<(EOrder)66, 1, 4294967295ul>)+0x25c>
	inline static void lo() __attribute__ ((always_inline)) { _GPIO_DR_CLEAR::r() = _MASK; }
    1bb4:	f8c4 5088 	str.w	r5, [r4, #136]	@ 0x88
    FASTLED_FORCE_INLINE void advanceData() { mData += mAdvance; --mLenRemaining;}
    1bb8:	f8de 1008 	ldr.w	r1, [lr, #8]
    1bbc:	f99e 9015 	ldrsb.w	r9, [lr, #21]
    1bc0:	f101 3cff 	add.w	ip, r1, #4294967295
    1bc4:	eb08 0109 	add.w	r1, r8, r9
    1bc8:	f8ce c008 	str.w	ip, [lr, #8]
    1bcc:	f8ce 1000 	str.w	r1, [lr]
    template<int SLOT>  FASTLED_FORCE_INLINE static uint8_t loadByte(PixelController & pc) { return pc.mData[RO(SLOT)]; }
    1bd0:	7849      	ldrb	r1, [r1, #1]
    template<int SLOT>  FASTLED_FORCE_INLINE static uint8_t dither(PixelController & pc, uint8_t b) { return b ? qadd8(b, pc.d[RO(SLOT)]) : 0; }
    1bd2:	2900      	cmp	r1, #0
    1bd4:	d04c      	beq.n	1c70 <ClocklessController<6, 250, 625, 375, (EOrder)66, 0, false, 50>::showRGBInternal(PixelController<(EOrder)66, 1, 4294967295ul>)+0x320>
    unsigned int t = i + j;
    1bd6:	f89e c00d 	ldrb.w	ip, [lr, #13]
    1bda:	448c      	add	ip, r1
    if (t > 255)
    1bdc:	f1bc 0fff 	cmp.w	ip, #255	@ 0xff
    1be0:	bfa8      	it	ge
    1be2:	f04f 0cff 	movge.w	ip, #255	@ 0xff
    1be6:	f89e 1013 	ldrb.w	r1, [lr, #19]
    1bea:	fb01 cc0c 	mla	ip, r1, ip, ip
    1bee:	ea4f 2c2c 	mov.w	ip, ip, asr #8

			// Write third byte, read 1st byte of next pixel
			writeBits<8+XTRA0>(next_mark, b);
			b = pixels.advanceAndLoadAndScale0();
			#if (FASTLED_ALLOW_INTERRUPTS == 1)
			sei();
    1bf2:	b662      	cpsie	i
		while(pixels.has(1)) {
    1bf4:	f8de 1008 	ldr.w	r1, [lr, #8]
    1bf8:	2900      	cmp	r1, #0
    1bfa:	f73f af0b 	bgt.w	1a14 <ClocklessController<6, 250, 625, 375, (EOrder)66, 0, false, 50>::showRGBInternal(PixelController<(EOrder)66, 1, 4294967295ul>)+0xc4>
			#endif
		};

		sei();
    1bfe:	b662      	cpsie	i
		return ARM_DWT_CYCCNT - start;
    1c00:	4b10      	ldr	r3, [pc, #64]	@ (1c44 <ClocklessController<6, 250, 625, 375, (EOrder)66, 0, false, 50>::showRGBInternal(PixelController<(EOrder)66, 1, 4294967295ul>)+0x2f4>)
    1c02:	6858      	ldr	r0, [r3, #4]
    1c04:	eba0 000b 	sub.w	r0, r0, fp
	}
    1c08:	e8bd 8ff0 	ldmia.w	sp!, {r4, r5, r6, r7, r8, r9, sl, fp, pc}
				while((next_mark - ARM_DWT_CYCCNT) > off[1]);
    1c0c:	6ac7      	ldr	r7, [r0, #44]	@ 0x2c
    1c0e:	6859      	ldr	r1, [r3, #4]
    1c10:	eba2 0c01 	sub.w	ip, r2, r1
    1c14:	45bc      	cmp	ip, r7
    1c16:	d8fa      	bhi.n	1c0e <ClocklessController<6, 250, 625, 375, (EOrder)66, 0, false, 50>::showRGBInternal(PixelController<(EOrder)66, 1, 4294967295ul>)+0x2be>
		for(FASTLED_REGISTER uint32_t i = BITS-1; i > 0; --i) {
    1c18:	f1ba 0a01 	subs.w	sl, sl, #1
			b <<= 1;
    1c1c:	ea4f 0949 	mov.w	r9, r9, lsl #1
    1c20:	f8c4 5088 	str.w	r5, [r4, #136]	@ 0x88
		for(FASTLED_REGISTER uint32_t i = BITS-1; i > 0; --i) {
    1c24:	d19e      	bne.n	1b64 <ClocklessController<6, 250, 625, 375, (EOrder)66, 0, false, 50>::showRGBInternal(PixelController<(EOrder)66, 1, 4294967295ul>)+0x214>
    1c26:	e7b4      	b.n	1b92 <ClocklessController<6, 250, 625, 375, (EOrder)66, 0, false, 50>::showRGBInternal(PixelController<(EOrder)66, 1, 4294967295ul>)+0x242>
				while((next_mark - ARM_DWT_CYCCNT) > off[1]);
    1c28:	6ac7      	ldr	r7, [r0, #44]	@ 0x2c
    1c2a:	6859      	ldr	r1, [r3, #4]
    1c2c:	1a51      	subs	r1, r2, r1
    1c2e:	42b9      	cmp	r1, r7
    1c30:	d8fb      	bhi.n	1c2a <ClocklessController<6, 250, 625, 375, (EOrder)66, 0, false, 50>::showRGBInternal(PixelController<(EOrder)66, 1, 4294967295ul>)+0x2da>
		for(FASTLED_REGISTER uint32_t i = BITS-1; i > 0; --i) {
    1c32:	f1b8 0801 	subs.w	r8, r8, #1
			b <<= 1;
    1c36:	ea4f 0c4c 	mov.w	ip, ip, lsl #1
    1c3a:	f8c4 5088 	str.w	r5, [r4, #136]	@ 0x88
		for(FASTLED_REGISTER uint32_t i = BITS-1; i > 0; --i) {
    1c3e:	f47f af0c 	bne.w	1a5a <ClocklessController<6, 250, 625, 375, (EOrder)66, 0, false, 50>::showRGBInternal(PixelController<(EOrder)66, 1, 4294967295ul>)+0x10a>
    1c42:	e722      	b.n	1a8a <ClocklessController<6, 250, 625, 375, (EOrder)66, 0, false, 50>::showRGBInternal(PixelController<(EOrder)66, 1, 4294967295ul>)+0x13a>
    1c44:	e0001000 	.word	0xe0001000
    1c48:	20000c7c 	.word	0x20000c7c
    1c4c:	08972311 	.word	0x08972311
    1c50:	42004000 	.word	0x42004000
				while((next_mark - ARM_DWT_CYCCNT) > off[1]);
    1c54:	6ac7      	ldr	r7, [r0, #44]	@ 0x2c
    1c56:	6859      	ldr	r1, [r3, #4]
    1c58:	1a51      	subs	r1, r2, r1
    1c5a:	42b9      	cmp	r1, r7
    1c5c:	d8fb      	bhi.n	1c56 <ClocklessController<6, 250, 625, 375, (EOrder)66, 0, false, 50>::showRGBInternal(PixelController<(EOrder)66, 1, 4294967295ul>)+0x306>
		for(FASTLED_REGISTER uint32_t i = BITS-1; i > 0; --i) {
    1c5e:	f1b9 0901 	subs.w	r9, r9, #1
			b <<= 1;
    1c62:	ea4f 0c4c 	mov.w	ip, ip, lsl #1
    1c66:	f8c4 5088 	str.w	r5, [r4, #136]	@ 0x88
		for(FASTLED_REGISTER uint32_t i = BITS-1; i > 0; --i) {
    1c6a:	f47f af39 	bne.w	1ae0 <ClocklessController<6, 250, 625, 375, (EOrder)66, 0, false, 50>::showRGBInternal(PixelController<(EOrder)66, 1, 4294967295ul>)+0x190>
    1c6e:	e74f      	b.n	1b10 <ClocklessController<6, 250, 625, 375, (EOrder)66, 0, false, 50>::showRGBInternal(PixelController<(EOrder)66, 1, 4294967295ul>)+0x1c0>
    1c70:	468c      	mov	ip, r1
    1c72:	e7b8      	b.n	1be6 <ClocklessController<6, 250, 625, 375, (EOrder)66, 0, false, 50>::showRGBInternal(PixelController<(EOrder)66, 1, 4294967295ul>)+0x296>
			while((next_mark - ARM_DWT_CYCCNT) > off[1]);
    1c74:	f8d0 c02c 	ldr.w	ip, [r0, #44]	@ 0x2c
    1c78:	6859      	ldr	r1, [r3, #4]
    1c7a:	1a51      	subs	r1, r2, r1
    1c7c:	4561      	cmp	r1, ip
    1c7e:	d8fb      	bhi.n	1c78 <ClocklessController<6, 250, 625, 375, (EOrder)66, 0, false, 50>::showRGBInternal(PixelController<(EOrder)66, 1, 4294967295ul>)+0x328>
    1c80:	e798      	b.n	1bb4 <ClocklessController<6, 250, 625, 375, (EOrder)66, 0, false, 50>::showRGBInternal(PixelController<(EOrder)66, 1, 4294967295ul>)+0x264>
    1c82:	4689      	mov	r9, r1
    1c84:	e766      	b.n	1b54 <ClocklessController<6, 250, 625, 375, (EOrder)66, 0, false, 50>::showRGBInternal(PixelController<(EOrder)66, 1, 4294967295ul>)+0x204>
    1c86:	f8d0 c02c 	ldr.w	ip, [r0, #44]	@ 0x2c
    1c8a:	6859      	ldr	r1, [r3, #4]
    1c8c:	1a51      	subs	r1, r2, r1
    1c8e:	4561      	cmp	r1, ip
    1c90:	d8fb      	bhi.n	1c8a <ClocklessController<6, 250, 625, 375, (EOrder)66, 0, false, 50>::showRGBInternal(PixelController<(EOrder)66, 1, 4294967295ul>)+0x33a>
    1c92:	e74f      	b.n	1b34 <ClocklessController<6, 250, 625, 375, (EOrder)66, 0, false, 50>::showRGBInternal(PixelController<(EOrder)66, 1, 4294967295ul>)+0x1e4>
    1c94:	468c      	mov	ip, r1
    1c96:	e71b      	b.n	1ad0 <ClocklessController<6, 250, 625, 375, (EOrder)66, 0, false, 50>::showRGBInternal(PixelController<(EOrder)66, 1, 4294967295ul>)+0x180>
    1c98:	f8d0 c02c 	ldr.w	ip, [r0, #44]	@ 0x2c
    1c9c:	6859      	ldr	r1, [r3, #4]
    1c9e:	1a51      	subs	r1, r2, r1
    1ca0:	4561      	cmp	r1, ip
    1ca2:	d8fb      	bhi.n	1c9c <ClocklessController<6, 250, 625, 375, (EOrder)66, 0, false, 50>::showRGBInternal(PixelController<(EOrder)66, 1, 4294967295ul>)+0x34c>
    1ca4:	e703      	b.n	1aae <ClocklessController<6, 250, 625, 375, (EOrder)66, 0, false, 50>::showRGBInternal(PixelController<(EOrder)66, 1, 4294967295ul>)+0x15e>
				if((ARM_DWT_CYCCNT-next_mark) > wait_off) { sei(); return ARM_DWT_CYCCNT - start; }
    1ca6:	b662      	cpsie	i
    1ca8:	6858      	ldr	r0, [r3, #4]
    1caa:	eba0 000b 	sub.w	r0, r0, fp
	}
    1cae:	e8bd 8ff0 	ldmia.w	sp!, {r4, r5, r6, r7, r8, r9, sl, fp, pc}
    1cb2:	bf00      	nop

00001cb4 <ClocklessController<6, 250, 625, 375, (EOrder)66, 0, false, 50>::showPixels(PixelController<(EOrder)66, 1, 4294967295ul>&)>:
	virtual void showPixels(PixelController<RGB_ORDER> & pixels) {
    1cb4:	b570      	push	{r4, r5, r6, lr}
    1cb6:	4604      	mov	r4, r0
    1cb8:	b088      	sub	sp, #32
    1cba:	460d      	mov	r5, r1

	/// Blocking delay until WAIT time since mark() has passed
	void wait() {
		uint16_t diff;
		do {
			diff = (micros() & 0xFFFF) - mLastMicros;
    1cbc:	f001 f810 	bl	2ce0 <micros>
    1cc0:	8ca3      	ldrh	r3, [r4, #36]	@ 0x24
    1cc2:	1ac0      	subs	r0, r0, r3
		} while(diff < WAIT);
    1cc4:	b280      	uxth	r0, r0
    1cc6:	2831      	cmp	r0, #49	@ 0x31
    1cc8:	d9f8      	bls.n	1cbc <ClocklessController<6, 250, 625, 375, (EOrder)66, 0, false, 50>::showPixels(PixelController<(EOrder)66, 1, 4294967295ul>&)+0x8>
        e[1] = other.e[1];
    1cca:	8a2b      	ldrh	r3, [r5, #16]
        mData = other.mData;
    1ccc:	462e      	mov	r6, r5
        d[0] = other.d[0];
    1cce:	68ea      	ldr	r2, [r5, #12]
		if(!showRGBInternal(pixels)) {
    1cd0:	a901      	add	r1, sp, #4
        e[1] = other.e[1];
    1cd2:	f8ad 3014 	strh.w	r3, [sp, #20]
    1cd6:	4620      	mov	r0, r4
        mScale = other.mScale;
    1cd8:	8a6b      	ldrh	r3, [r5, #18]
        d[0] = other.d[0];
    1cda:	9204      	str	r2, [sp, #16]
        mScale = other.mScale;
    1cdc:	f8ad 3016 	strh.w	r3, [sp, #22]
        mAdvance = other.mAdvance;
    1ce0:	7d6b      	ldrb	r3, [r5, #21]
        mData = other.mData;
    1ce2:	f856 2b12 	ldr.w	r2, [r6], #18
        mAdvance = other.mAdvance;
    1ce6:	f88d 3019 	strb.w	r3, [sp, #25]
        mLenRemaining = mLen = other.mLen;
    1cea:	686b      	ldr	r3, [r5, #4]
        mData = other.mData;
    1cec:	9201      	str	r2, [sp, #4]
        for(int i = 0; i < LANES; ++i) { mOffsets[i] = other.mOffsets[i]; }
    1cee:	69aa      	ldr	r2, [r5, #24]
        mLenRemaining = mLen = other.mLen;
    1cf0:	e9cd 3302 	strd	r3, r3, [sp, #8]
        mScale = other.mScale;
    1cf4:	78b3      	ldrb	r3, [r6, #2]
        for(int i = 0; i < LANES; ++i) { mOffsets[i] = other.mOffsets[i]; }
    1cf6:	9207      	str	r2, [sp, #28]
        mScale = other.mScale;
    1cf8:	f88d 3018 	strb.w	r3, [sp, #24]
    1cfc:	f7ff fe28 	bl	1950 <ClocklessController<6, 250, 625, 375, (EOrder)66, 0, false, 50>::showRGBInternal(PixelController<(EOrder)66, 1, 4294967295ul>)>
    1d00:	bb50      	cbnz	r0, 1d58 <ClocklessController<6, 250, 625, 375, (EOrder)66, 0, false, 50>::showPixels(PixelController<(EOrder)66, 1, 4294967295ul>&)+0xa4>
      		sei(); delayMicroseconds(WAIT_TIME); cli();
    1d02:	b662      	cpsie	i
	uint32_t begin = ARM_DWT_CYCCNT;
    1d04:	4917      	ldr	r1, [pc, #92]	@ (1d64 <ClocklessController<6, 250, 625, 375, (EOrder)66, 0, false, 50>::showPixels(PixelController<(EOrder)66, 1, 4294967295ul>&)+0xb0>)
	uint32_t cycles = F_CPU_ACTUAL / 1000000 * usec;
    1d06:	f04f 0c32 	mov.w	ip, #50	@ 0x32
    1d0a:	4a17      	ldr	r2, [pc, #92]	@ (1d68 <ClocklessController<6, 250, 625, 375, (EOrder)66, 0, false, 50>::showPixels(PixelController<(EOrder)66, 1, 4294967295ul>&)+0xb4>)
    1d0c:	4b17      	ldr	r3, [pc, #92]	@ (1d6c <ClocklessController<6, 250, 625, 375, (EOrder)66, 0, false, 50>::showPixels(PixelController<(EOrder)66, 1, 4294967295ul>&)+0xb8>)
	uint32_t begin = ARM_DWT_CYCCNT;
    1d0e:	6848      	ldr	r0, [r1, #4]
	uint32_t cycles = F_CPU_ACTUAL / 1000000 * usec;
    1d10:	6812      	ldr	r2, [r2, #0]
    1d12:	fba3 3202 	umull	r3, r2, r3, r2
    1d16:	0c92      	lsrs	r2, r2, #18
    1d18:	fb0c f202 	mul.w	r2, ip, r2
	while (ARM_DWT_CYCCNT - begin < cycles) ; // wait
    1d1c:	684b      	ldr	r3, [r1, #4]
    1d1e:	1a1b      	subs	r3, r3, r0
    1d20:	429a      	cmp	r2, r3
    1d22:	d8fb      	bhi.n	1d1c <ClocklessController<6, 250, 625, 375, (EOrder)66, 0, false, 50>::showPixels(PixelController<(EOrder)66, 1, 4294967295ul>&)+0x68>
    1d24:	b672      	cpsid	i
        d[0] = other.d[0];
    1d26:	68ea      	ldr	r2, [r5, #12]
      		showRGBInternal(pixels);
    1d28:	a901      	add	r1, sp, #4
        mScale = other.mScale;
    1d2a:	78b3      	ldrb	r3, [r6, #2]
        d[0] = other.d[0];
    1d2c:	9204      	str	r2, [sp, #16]
        e[1] = other.e[1];
    1d2e:	8a2a      	ldrh	r2, [r5, #16]
        mScale = other.mScale;
    1d30:	f88d 3018 	strb.w	r3, [sp, #24]
        e[1] = other.e[1];
    1d34:	f8ad 2014 	strh.w	r2, [sp, #20]
        mAdvance = other.mAdvance;
    1d38:	7d6b      	ldrb	r3, [r5, #21]
        mData = other.mData;
    1d3a:	682a      	ldr	r2, [r5, #0]
        mScale = other.mScale;
    1d3c:	8a68      	ldrh	r0, [r5, #18]
        mAdvance = other.mAdvance;
    1d3e:	f88d 3019 	strb.w	r3, [sp, #25]
        mData = other.mData;
    1d42:	9201      	str	r2, [sp, #4]
        mLenRemaining = mLen = other.mLen;
    1d44:	686b      	ldr	r3, [r5, #4]
        for(int i = 0; i < LANES; ++i) { mOffsets[i] = other.mOffsets[i]; }
    1d46:	69aa      	ldr	r2, [r5, #24]
        mScale = other.mScale;
    1d48:	f8ad 0016 	strh.w	r0, [sp, #22]
    1d4c:	4620      	mov	r0, r4
        mLenRemaining = mLen = other.mLen;
    1d4e:	9302      	str	r3, [sp, #8]
    1d50:	9303      	str	r3, [sp, #12]
        for(int i = 0; i < LANES; ++i) { mOffsets[i] = other.mOffsets[i]; }
    1d52:	9207      	str	r2, [sp, #28]
    1d54:	f7ff fdfc 	bl	1950 <ClocklessController<6, 250, 625, 375, (EOrder)66, 0, false, 50>::showRGBInternal(PixelController<(EOrder)66, 1, 4294967295ul>)>
	}

	/// Reset the timestamp that marks the start of the wait period
	void mark() { mLastMicros = micros() & 0xFFFF; }
    1d58:	f000 ffc2 	bl	2ce0 <micros>
    1d5c:	84a0      	strh	r0, [r4, #36]	@ 0x24
  	}
    1d5e:	b008      	add	sp, #32
    1d60:	bd70      	pop	{r4, r5, r6, pc}
    1d62:	bf00      	nop
    1d64:	e0001000 	.word	0xe0001000
    1d68:	20000c7c 	.word	0x20000c7c
    1d6c:	431bde83 	.word	0x431bde83

00001d70 <CPixelLEDController<(EOrder)66, 1, 4294967295ul>::showColor(CRGB const&, int, CRGB)>:

    /// Set all the LEDs on the controller to a given color
    /// @param data the CRGB color to set the LEDs to
    /// @param nLeds the number of LEDs to set to this color
    /// @param scale_pre_mixed the RGB scaling of color adjustment + global brightness to apply to each LED (in RGB8 mode).
    virtual void showColor(const struct CRGB & data, int nLeds, CRGB scale_pre_mixed) {
    1d70:	b510      	push	{r4, lr}
    1d72:	4604      	mov	r4, r0
    1d74:	b090      	sub	sp, #64	@ 0x40
    1d76:	9301      	str	r3, [sp, #4]
    inline uint8_t getDither() { return m_DitherMode; }
    1d78:	7ca3      	ldrb	r3, [r4, #18]
                : mData((const uint8_t*)&d), mLen(len), mLenRemaining(len), mScale(pre_mixed) {
    1d7a:	f8bd c004 	ldrh.w	ip, [sp, #4]
    1d7e:	f89d 0006 	ldrb.w	r0, [sp, #6]
        switch(dither) {
    1d82:	2b01      	cmp	r3, #1
                : mData((const uint8_t*)&d), mLen(len), mLenRemaining(len), mScale(pre_mixed) {
    1d84:	9204      	str	r2, [sp, #16]
    1d86:	f8ad c01a 	strh.w	ip, [sp, #26]
    1d8a:	f88d 001c 	strb.w	r0, [sp, #28]
    1d8e:	e9cd 1202 	strd	r1, r2, [sp, #8]
        switch(dither) {
    1d92:	d065      	beq.n	1e60 <CPixelLEDController<(EOrder)66, 1, 4294967295ul>::showColor(CRGB const&, int, CRGB)+0xf0>
            default: d[0]=d[1]=d[2]=e[0]=e[1]=e[2]=0; break;
    1d94:	2300      	movs	r3, #0
    1d96:	f8ad 3018 	strh.w	r3, [sp, #24]
    1d9a:	9305      	str	r3, [sp, #20]
        PixelController<RGB_ORDER, LANES, MASK> pixels(data, nLeds, scale_pre_mixed, getDither());
        showPixels(pixels);
    1d9c:	6822      	ldr	r2, [r4, #0]
        mAdvance = 0;
    1d9e:	2300      	movs	r3, #0
    1da0:	494f      	ldr	r1, [pc, #316]	@ (1ee0 <CPixelLEDController<(EOrder)66, 1, 4294967295ul>::showColor(CRGB const&, int, CRGB)+0x170>)
    1da2:	6a52      	ldr	r2, [r2, #36]	@ 0x24
    1da4:	f88d 301d 	strb.w	r3, [sp, #29]
        for(int i = 0; i < LANES; ++i) {
    1da8:	428a      	cmp	r2, r1
            mOffsets[i] = nOffset;
    1daa:	9308      	str	r3, [sp, #32]
        for(int i = 0; i < LANES; ++i) {
    1dac:	f040 8093 	bne.w	1ed6 <CPixelLEDController<(EOrder)66, 1, 4294967295ul>::showColor(CRGB const&, int, CRGB)+0x166>
			diff = (micros() & 0xFFFF) - mLastMicros;
    1db0:	f000 ff96 	bl	2ce0 <micros>
    1db4:	8ca3      	ldrh	r3, [r4, #36]	@ 0x24
    1db6:	1ac0      	subs	r0, r0, r3
		} while(diff < WAIT);
    1db8:	b280      	uxth	r0, r0
    1dba:	2831      	cmp	r0, #49	@ 0x31
    1dbc:	d9f8      	bls.n	1db0 <CPixelLEDController<(EOrder)66, 1, 4294967295ul>::showColor(CRGB const&, int, CRGB)+0x40>
        mLenRemaining = mLen = other.mLen;
    1dbe:	9b03      	ldr	r3, [sp, #12]
        e[1] = other.e[1];
    1dc0:	f8bd 2018 	ldrh.w	r2, [sp, #24]
        d[0] = other.d[0];
    1dc4:	9805      	ldr	r0, [sp, #20]
        for(int i = 0; i < LANES; ++i) { mOffsets[i] = other.mOffsets[i]; }
    1dc6:	9908      	ldr	r1, [sp, #32]
        e[1] = other.e[1];
    1dc8:	f8ad 2034 	strh.w	r2, [sp, #52]	@ 0x34
        mData = other.mData;
    1dcc:	9a02      	ldr	r2, [sp, #8]
        d[0] = other.d[0];
    1dce:	900c      	str	r0, [sp, #48]	@ 0x30
		if(!showRGBInternal(pixels)) {
    1dd0:	4620      	mov	r0, r4
        for(int i = 0; i < LANES; ++i) { mOffsets[i] = other.mOffsets[i]; }
    1dd2:	910f      	str	r1, [sp, #60]	@ 0x3c
    1dd4:	a909      	add	r1, sp, #36	@ 0x24
        mData = other.mData;
    1dd6:	9209      	str	r2, [sp, #36]	@ 0x24
        mLenRemaining = mLen = other.mLen;
    1dd8:	e9cd 330a 	strd	r3, r3, [sp, #40]	@ 0x28
        mScale = other.mScale;
    1ddc:	f8bd 301a 	ldrh.w	r3, [sp, #26]
    1de0:	f8ad 3036 	strh.w	r3, [sp, #54]	@ 0x36
        mAdvance = other.mAdvance;
    1de4:	f89d 301d 	ldrb.w	r3, [sp, #29]
    1de8:	f88d 3039 	strb.w	r3, [sp, #57]	@ 0x39
        mScale = other.mScale;
    1dec:	f89d 301c 	ldrb.w	r3, [sp, #28]
    1df0:	f88d 3038 	strb.w	r3, [sp, #56]	@ 0x38
    1df4:	f7ff fdac 	bl	1950 <ClocklessController<6, 250, 625, 375, (EOrder)66, 0, false, 50>::showRGBInternal(PixelController<(EOrder)66, 1, 4294967295ul>)>
    1df8:	bb68      	cbnz	r0, 1e56 <CPixelLEDController<(EOrder)66, 1, 4294967295ul>::showColor(CRGB const&, int, CRGB)+0xe6>
      		sei(); delayMicroseconds(WAIT_TIME); cli();
    1dfa:	b662      	cpsie	i
	uint32_t begin = ARM_DWT_CYCCNT;
    1dfc:	4939      	ldr	r1, [pc, #228]	@ (1ee4 <CPixelLEDController<(EOrder)66, 1, 4294967295ul>::showColor(CRGB const&, int, CRGB)+0x174>)
	uint32_t cycles = F_CPU_ACTUAL / 1000000 * usec;
    1dfe:	4a3a      	ldr	r2, [pc, #232]	@ (1ee8 <CPixelLEDController<(EOrder)66, 1, 4294967295ul>::showColor(CRGB const&, int, CRGB)+0x178>)
    1e00:	4b3a      	ldr	r3, [pc, #232]	@ (1eec <CPixelLEDController<(EOrder)66, 1, 4294967295ul>::showColor(CRGB const&, int, CRGB)+0x17c>)
	uint32_t begin = ARM_DWT_CYCCNT;
    1e02:	6848      	ldr	r0, [r1, #4]
	uint32_t cycles = F_CPU_ACTUAL / 1000000 * usec;
    1e04:	6812      	ldr	r2, [r2, #0]
    1e06:	fba3 3202 	umull	r3, r2, r3, r2
    1e0a:	2332      	movs	r3, #50	@ 0x32
    1e0c:	0c92      	lsrs	r2, r2, #18
    1e0e:	fb03 f202 	mul.w	r2, r3, r2
	while (ARM_DWT_CYCCNT - begin < cycles) ; // wait
    1e12:	684b      	ldr	r3, [r1, #4]
    1e14:	1a1b      	subs	r3, r3, r0
    1e16:	429a      	cmp	r2, r3
    1e18:	d8fb      	bhi.n	1e12 <CPixelLEDController<(EOrder)66, 1, 4294967295ul>::showColor(CRGB const&, int, CRGB)+0xa2>
    1e1a:	b672      	cpsid	i
        mLenRemaining = mLen = other.mLen;
    1e1c:	9b03      	ldr	r3, [sp, #12]
      		showRGBInternal(pixels);
    1e1e:	a909      	add	r1, sp, #36	@ 0x24
        d[0] = other.d[0];
    1e20:	9a05      	ldr	r2, [sp, #20]
    1e22:	4620      	mov	r0, r4
        e[1] = other.e[1];
    1e24:	f8bd c018 	ldrh.w	ip, [sp, #24]
        d[0] = other.d[0];
    1e28:	920c      	str	r2, [sp, #48]	@ 0x30
        for(int i = 0; i < LANES; ++i) { mOffsets[i] = other.mOffsets[i]; }
    1e2a:	9a08      	ldr	r2, [sp, #32]
        e[1] = other.e[1];
    1e2c:	f8ad c034 	strh.w	ip, [sp, #52]	@ 0x34
        for(int i = 0; i < LANES; ++i) { mOffsets[i] = other.mOffsets[i]; }
    1e30:	920f      	str	r2, [sp, #60]	@ 0x3c
        mScale = other.mScale;
    1e32:	f89d 201c 	ldrb.w	r2, [sp, #28]
        mLenRemaining = mLen = other.mLen;
    1e36:	e9cd 330a 	strd	r3, r3, [sp, #40]	@ 0x28
        mData = other.mData;
    1e3a:	9b02      	ldr	r3, [sp, #8]
        mScale = other.mScale;
    1e3c:	f88d 2038 	strb.w	r2, [sp, #56]	@ 0x38
        mData = other.mData;
    1e40:	9309      	str	r3, [sp, #36]	@ 0x24
        mScale = other.mScale;
    1e42:	f8bd 301a 	ldrh.w	r3, [sp, #26]
    1e46:	f8ad 3036 	strh.w	r3, [sp, #54]	@ 0x36
        mAdvance = other.mAdvance;
    1e4a:	f89d 301d 	ldrb.w	r3, [sp, #29]
    1e4e:	f88d 3039 	strb.w	r3, [sp, #57]	@ 0x39
    1e52:	f7ff fd7d 	bl	1950 <ClocklessController<6, 250, 625, 375, (EOrder)66, 0, false, 50>::showRGBInternal(PixelController<(EOrder)66, 1, 4294967295ul>)>
	void mark() { mLastMicros = micros() & 0xFFFF; }
    1e56:	f000 ff43 	bl	2ce0 <micros>
    1e5a:	84a0      	strh	r0, [r4, #36]	@ 0x24
    }
    1e5c:	b010      	add	sp, #64	@ 0x40
    1e5e:	bd10      	pop	{r4, pc}
        ++R;
    1e60:	4b23      	ldr	r3, [pc, #140]	@ (1ef0 <CPixelLEDController<(EOrder)66, 1, 4294967295ul>::showColor(CRGB const&, int, CRGB)+0x180>)
    1e62:	f10d 0e17 	add.w	lr, sp, #23
    1e66:	7819      	ldrb	r1, [r3, #0]
    1e68:	3101      	adds	r1, #1
            if(R & 0x01) { Q |= 0x80; }
    1e6a:	01ca      	lsls	r2, r1, #7
        R &= (0x01 << ditherBits) - 1;
    1e6c:	f001 0007 	and.w	r0, r1, #7
            if(R & 0x02) { Q |= 0x40; }
    1e70:	f011 0f02 	tst.w	r1, #2
            if(R & 0x01) { Q |= 0x80; }
    1e74:	b2d2      	uxtb	r2, r2
        R &= (0x01 << ditherBits) - 1;
    1e76:	7018      	strb	r0, [r3, #0]
    1e78:	ab05      	add	r3, sp, #20
            if(R & 0x02) { Q |= 0x40; }
    1e7a:	f042 0040 	orr.w	r0, r2, #64	@ 0x40
    1e7e:	bf18      	it	ne
    1e80:	4602      	movne	r2, r0
            if(R & 0x04) { Q |= 0x20; }
    1e82:	f011 0f04 	tst.w	r1, #4
    1e86:	f042 0120 	orr.w	r1, r2, #32
    1e8a:	bf18      	it	ne
    1e8c:	460a      	movne	r2, r1
            Q += 0x01 << (7 - ditherBits);
    1e8e:	3210      	adds	r2, #16
    1e90:	b2d1      	uxtb	r1, r2
                uint8_t s = mScale.raw[i];
    1e92:	799a      	ldrb	r2, [r3, #6]
                e[i] = s ? (256/s) + 1 : 0;
    1e94:	b942      	cbnz	r2, 1ea8 <CPixelLEDController<(EOrder)66, 1, 4294967295ul>::showColor(CRGB const&, int, CRGB)+0x138>
    1e96:	70da      	strb	r2, [r3, #3]
                d[i] = scale8(Q, e[i]);
    1e98:	701a      	strb	r2, [r3, #0]
        for(int i = 0; i < 3; ++i) {
    1e9a:	3301      	adds	r3, #1
    1e9c:	4573      	cmp	r3, lr
    1e9e:	f43f af7d 	beq.w	1d9c <CPixelLEDController<(EOrder)66, 1, 4294967295ul>::showColor(CRGB const&, int, CRGB)+0x2c>
                uint8_t s = mScale.raw[i];
    1ea2:	799a      	ldrb	r2, [r3, #6]
                e[i] = s ? (256/s) + 1 : 0;
    1ea4:	2a00      	cmp	r2, #0
    1ea6:	d0f6      	beq.n	1e96 <CPixelLEDController<(EOrder)66, 1, 4294967295ul>::showColor(CRGB const&, int, CRGB)+0x126>
    1ea8:	f44f 7080 	mov.w	r0, #256	@ 0x100
    1eac:	fbb0 f2f2 	udiv	r2, r0, r2
    1eb0:	b2d2      	uxtb	r2, r2
    1eb2:	1c50      	adds	r0, r2, #1
    1eb4:	b2c0      	uxtb	r0, r0
    1eb6:	fb00 1c01 	mla	ip, r0, r1, r1
    1eba:	ea4f 2c2c 	mov.w	ip, ip, asr #8
                if(d[i]) (--d[i]);
    1ebe:	f1bc 0f00 	cmp.w	ip, #0
    1ec2:	d001      	beq.n	1ec8 <CPixelLEDController<(EOrder)66, 1, 4294967295ul>::showColor(CRGB const&, int, CRGB)+0x158>
    1ec4:	f10c 3cff 	add.w	ip, ip, #4294967295
                if(e[i]) --e[i];
    1ec8:	2800      	cmp	r0, #0
    1eca:	bf18      	it	ne
    1ecc:	4610      	movne	r0, r2
                d[i] = scale8(Q, e[i]);
    1ece:	f883 c000 	strb.w	ip, [r3]
                if(e[i]) --e[i];
    1ed2:	70d8      	strb	r0, [r3, #3]
    1ed4:	e7e1      	b.n	1e9a <CPixelLEDController<(EOrder)66, 1, 4294967295ul>::showColor(CRGB const&, int, CRGB)+0x12a>
        showPixels(pixels);
    1ed6:	a902      	add	r1, sp, #8
    1ed8:	4620      	mov	r0, r4
    1eda:	4790      	blx	r2
    }
    1edc:	b010      	add	sp, #64	@ 0x40
    1ede:	bd10      	pop	{r4, pc}
    1ee0:	00001cb5 	.word	0x00001cb5
    1ee4:	e0001000 	.word	0xe0001000
    1ee8:	20000c7c 	.word	0x20000c7c
    1eec:	431bde83 	.word	0x431bde83
    1ef0:	20002693 	.word	0x20002693

00001ef4 <CPixelLEDController<(EOrder)66, 1, 4294967295ul>::show(CRGB const*, int, CRGB)>:

    /// Write the passed in RGB data out to the LEDs managed by this controller
    /// @param data the RGB data to write out to the strip
    /// @param nLeds the number of LEDs being written out
    /// @param scale_pre_mixed the RGB scaling of color adjustment + global brightness to apply to each LED (in RGB8 mode).
    virtual void show(const struct CRGB *data, int nLeds, CRGB scale_pre_mixed) {
    1ef4:	b530      	push	{r4, r5, lr}
    1ef6:	b091      	sub	sp, #68	@ 0x44
    1ef8:	4604      	mov	r4, r0
    1efa:	9301      	str	r3, [sp, #4]
        PixelController<RGB_ORDER, LANES, MASK> pixels(data, nLeds < 0 ? -nLeds : nLeds, scale_pre_mixed, getDither());
    1efc:	ea82 73e2 	eor.w	r3, r2, r2, asr #31
    inline uint8_t getDither() { return m_DitherMode; }
    1f00:	7c80      	ldrb	r0, [r0, #18]
        PixelController<RGB_ORDER, LANES, MASK> pixels(data, nLeds < 0 ? -nLeds : nLeds, scale_pre_mixed, getDither());
    1f02:	eba3 73e2 	sub.w	r3, r3, r2, asr #31
                : mData((const uint8_t*)d), mLen(len), mLenRemaining(len), mScale(pre_mixed) {
    1f06:	9102      	str	r1, [sp, #8]
        switch(dither) {
    1f08:	2801      	cmp	r0, #1
                : mData((const uint8_t*)d), mLen(len), mLenRemaining(len), mScale(pre_mixed) {
    1f0a:	f8bd 1004 	ldrh.w	r1, [sp, #4]
    1f0e:	e9cd 3303 	strd	r3, r3, [sp, #12]
    1f12:	f89d 3006 	ldrb.w	r3, [sp, #6]
    1f16:	f8ad 101a 	strh.w	r1, [sp, #26]
    1f1a:	f88d 301c 	strb.w	r3, [sp, #28]
        switch(dither) {
    1f1e:	d06b      	beq.n	1ff8 <CPixelLEDController<(EOrder)66, 1, 4294967295ul>::show(CRGB const*, int, CRGB)+0x104>
            default: d[0]=d[1]=d[2]=e[0]=e[1]=e[2]=0; break;
    1f20:	2300      	movs	r3, #0
    1f22:	f8ad 3018 	strh.w	r3, [sp, #24]
    1f26:	9305      	str	r3, [sp, #20]
        if(nLeds < 0) {
            // nLeds < 0 implies that we want to show them in reverse
            pixels.mAdvance = -pixels.mAdvance;
        }
        showPixels(pixels);
    1f28:	6823      	ldr	r3, [r4, #0]
            pixels.mAdvance = -pixels.mAdvance;
    1f2a:	2a00      	cmp	r2, #0
    1f2c:	4a53      	ldr	r2, [pc, #332]	@ (207c <CPixelLEDController<(EOrder)66, 1, 4294967295ul>::show(CRGB const*, int, CRGB)+0x188>)
            mOffsets[i] = nOffset;
    1f2e:	f04f 0000 	mov.w	r0, #0
        showPixels(pixels);
    1f32:	6a5b      	ldr	r3, [r3, #36]	@ 0x24
            pixels.mAdvance = -pixels.mAdvance;
    1f34:	bfac      	ite	ge
    1f36:	2103      	movge	r1, #3
    1f38:	f06f 0102 	mvnlt.w	r1, #2
    1f3c:	9008      	str	r0, [sp, #32]
        for(int i = 0; i < LANES; ++i) {
    1f3e:	4293      	cmp	r3, r2
    1f40:	f88d 101d 	strb.w	r1, [sp, #29]
    1f44:	f040 8094 	bne.w	2070 <CPixelLEDController<(EOrder)66, 1, 4294967295ul>::show(CRGB const*, int, CRGB)+0x17c>
			diff = (micros() & 0xFFFF) - mLastMicros;
    1f48:	f000 feca 	bl	2ce0 <micros>
    1f4c:	8ca3      	ldrh	r3, [r4, #36]	@ 0x24
    1f4e:	1ac0      	subs	r0, r0, r3
		} while(diff < WAIT);
    1f50:	b280      	uxth	r0, r0
    1f52:	2831      	cmp	r0, #49	@ 0x31
    1f54:	d9f8      	bls.n	1f48 <CPixelLEDController<(EOrder)66, 1, 4294967295ul>::show(CRGB const*, int, CRGB)+0x54>
        mLenRemaining = mLen = other.mLen;
    1f56:	9b03      	ldr	r3, [sp, #12]
        e[1] = other.e[1];
    1f58:	f8bd 2018 	ldrh.w	r2, [sp, #24]
        d[0] = other.d[0];
    1f5c:	9805      	ldr	r0, [sp, #20]
        for(int i = 0; i < LANES; ++i) { mOffsets[i] = other.mOffsets[i]; }
    1f5e:	9908      	ldr	r1, [sp, #32]
        e[1] = other.e[1];
    1f60:	f8ad 2034 	strh.w	r2, [sp, #52]	@ 0x34
        mData = other.mData;
    1f64:	9a02      	ldr	r2, [sp, #8]
        d[0] = other.d[0];
    1f66:	900c      	str	r0, [sp, #48]	@ 0x30
		if(!showRGBInternal(pixels)) {
    1f68:	4620      	mov	r0, r4
        for(int i = 0; i < LANES; ++i) { mOffsets[i] = other.mOffsets[i]; }
    1f6a:	910f      	str	r1, [sp, #60]	@ 0x3c
    1f6c:	a909      	add	r1, sp, #36	@ 0x24
        mData = other.mData;
    1f6e:	9209      	str	r2, [sp, #36]	@ 0x24
        mLenRemaining = mLen = other.mLen;
    1f70:	e9cd 330a 	strd	r3, r3, [sp, #40]	@ 0x28
        mScale = other.mScale;
    1f74:	f8bd 301a 	ldrh.w	r3, [sp, #26]
    1f78:	f8ad 3036 	strh.w	r3, [sp, #54]	@ 0x36
        mAdvance = other.mAdvance;
    1f7c:	f89d 301d 	ldrb.w	r3, [sp, #29]
    1f80:	f88d 3039 	strb.w	r3, [sp, #57]	@ 0x39
        mScale = other.mScale;
    1f84:	f89d 301c 	ldrb.w	r3, [sp, #28]
    1f88:	f88d 3038 	strb.w	r3, [sp, #56]	@ 0x38
    1f8c:	f7ff fce0 	bl	1950 <ClocklessController<6, 250, 625, 375, (EOrder)66, 0, false, 50>::showRGBInternal(PixelController<(EOrder)66, 1, 4294967295ul>)>
    1f90:	bb68      	cbnz	r0, 1fee <CPixelLEDController<(EOrder)66, 1, 4294967295ul>::show(CRGB const*, int, CRGB)+0xfa>
      		sei(); delayMicroseconds(WAIT_TIME); cli();
    1f92:	b662      	cpsie	i
	uint32_t begin = ARM_DWT_CYCCNT;
    1f94:	493a      	ldr	r1, [pc, #232]	@ (2080 <CPixelLEDController<(EOrder)66, 1, 4294967295ul>::show(CRGB const*, int, CRGB)+0x18c>)
	uint32_t cycles = F_CPU_ACTUAL / 1000000 * usec;
    1f96:	4a3b      	ldr	r2, [pc, #236]	@ (2084 <CPixelLEDController<(EOrder)66, 1, 4294967295ul>::show(CRGB const*, int, CRGB)+0x190>)
    1f98:	4b3b      	ldr	r3, [pc, #236]	@ (2088 <CPixelLEDController<(EOrder)66, 1, 4294967295ul>::show(CRGB const*, int, CRGB)+0x194>)
	uint32_t begin = ARM_DWT_CYCCNT;
    1f9a:	6848      	ldr	r0, [r1, #4]
	uint32_t cycles = F_CPU_ACTUAL / 1000000 * usec;
    1f9c:	6812      	ldr	r2, [r2, #0]
    1f9e:	fba3 3202 	umull	r3, r2, r3, r2
    1fa2:	2332      	movs	r3, #50	@ 0x32
    1fa4:	0c92      	lsrs	r2, r2, #18
    1fa6:	fb03 f202 	mul.w	r2, r3, r2
	while (ARM_DWT_CYCCNT - begin < cycles) ; // wait
    1faa:	684b      	ldr	r3, [r1, #4]
    1fac:	1a1b      	subs	r3, r3, r0
    1fae:	429a      	cmp	r2, r3
    1fb0:	d8fb      	bhi.n	1faa <CPixelLEDController<(EOrder)66, 1, 4294967295ul>::show(CRGB const*, int, CRGB)+0xb6>
    1fb2:	b672      	cpsid	i
        mLenRemaining = mLen = other.mLen;
    1fb4:	9b03      	ldr	r3, [sp, #12]
      		showRGBInternal(pixels);
    1fb6:	a909      	add	r1, sp, #36	@ 0x24
        d[0] = other.d[0];
    1fb8:	9a05      	ldr	r2, [sp, #20]
    1fba:	4620      	mov	r0, r4
        e[1] = other.e[1];
    1fbc:	f8bd c018 	ldrh.w	ip, [sp, #24]
        d[0] = other.d[0];
    1fc0:	920c      	str	r2, [sp, #48]	@ 0x30
        for(int i = 0; i < LANES; ++i) { mOffsets[i] = other.mOffsets[i]; }
    1fc2:	9a08      	ldr	r2, [sp, #32]
        e[1] = other.e[1];
    1fc4:	f8ad c034 	strh.w	ip, [sp, #52]	@ 0x34
        for(int i = 0; i < LANES; ++i) { mOffsets[i] = other.mOffsets[i]; }
    1fc8:	920f      	str	r2, [sp, #60]	@ 0x3c
        mScale = other.mScale;
    1fca:	f89d 201c 	ldrb.w	r2, [sp, #28]
        mLenRemaining = mLen = other.mLen;
    1fce:	e9cd 330a 	strd	r3, r3, [sp, #40]	@ 0x28
        mData = other.mData;
    1fd2:	9b02      	ldr	r3, [sp, #8]
        mScale = other.mScale;
    1fd4:	f88d 2038 	strb.w	r2, [sp, #56]	@ 0x38
        mData = other.mData;
    1fd8:	9309      	str	r3, [sp, #36]	@ 0x24
        mScale = other.mScale;
    1fda:	f8bd 301a 	ldrh.w	r3, [sp, #26]
    1fde:	f8ad 3036 	strh.w	r3, [sp, #54]	@ 0x36
        mAdvance = other.mAdvance;
    1fe2:	f89d 301d 	ldrb.w	r3, [sp, #29]
    1fe6:	f88d 3039 	strb.w	r3, [sp, #57]	@ 0x39
    1fea:	f7ff fcb1 	bl	1950 <ClocklessController<6, 250, 625, 375, (EOrder)66, 0, false, 50>::showRGBInternal(PixelController<(EOrder)66, 1, 4294967295ul>)>
	void mark() { mLastMicros = micros() & 0xFFFF; }
    1fee:	f000 fe77 	bl	2ce0 <micros>
    1ff2:	84a0      	strh	r0, [r4, #36]	@ 0x24
    }
    1ff4:	b011      	add	sp, #68	@ 0x44
    1ff6:	bd30      	pop	{r4, r5, pc}
        ++R;
    1ff8:	4924      	ldr	r1, [pc, #144]	@ (208c <CPixelLEDController<(EOrder)66, 1, 4294967295ul>::show(CRGB const*, int, CRGB)+0x198>)
    1ffa:	f10d 0c17 	add.w	ip, sp, #23
    1ffe:	780b      	ldrb	r3, [r1, #0]
    2000:	3301      	adds	r3, #1
        R &= (0x01 << ditherBits) - 1;
    2002:	f003 0007 	and.w	r0, r3, #7
            if(R & 0x02) { Q |= 0x40; }
    2006:	f013 0f02 	tst.w	r3, #2
        R &= (0x01 << ditherBits) - 1;
    200a:	7008      	strb	r0, [r1, #0]
            if(R & 0x01) { Q |= 0x80; }
    200c:	ea4f 11c3 	mov.w	r1, r3, lsl #7
    2010:	b2c9      	uxtb	r1, r1
            if(R & 0x02) { Q |= 0x40; }
    2012:	f041 0040 	orr.w	r0, r1, #64	@ 0x40
    2016:	bf18      	it	ne
    2018:	4601      	movne	r1, r0
            if(R & 0x04) { Q |= 0x20; }
    201a:	f013 0f04 	tst.w	r3, #4
    201e:	ab05      	add	r3, sp, #20
    2020:	f041 0020 	orr.w	r0, r1, #32
    2024:	bf18      	it	ne
    2026:	4601      	movne	r1, r0
            Q += 0x01 << (7 - ditherBits);
    2028:	3110      	adds	r1, #16
    202a:	b2cd      	uxtb	r5, r1
                uint8_t s = mScale.raw[i];
    202c:	7999      	ldrb	r1, [r3, #6]
                e[i] = s ? (256/s) + 1 : 0;
    202e:	b941      	cbnz	r1, 2042 <CPixelLEDController<(EOrder)66, 1, 4294967295ul>::show(CRGB const*, int, CRGB)+0x14e>
    2030:	70d9      	strb	r1, [r3, #3]
                d[i] = scale8(Q, e[i]);
    2032:	7019      	strb	r1, [r3, #0]
        for(int i = 0; i < 3; ++i) {
    2034:	3301      	adds	r3, #1
    2036:	4563      	cmp	r3, ip
    2038:	f43f af76 	beq.w	1f28 <CPixelLEDController<(EOrder)66, 1, 4294967295ul>::show(CRGB const*, int, CRGB)+0x34>
                uint8_t s = mScale.raw[i];
    203c:	7999      	ldrb	r1, [r3, #6]
                e[i] = s ? (256/s) + 1 : 0;
    203e:	2900      	cmp	r1, #0
    2040:	d0f6      	beq.n	2030 <CPixelLEDController<(EOrder)66, 1, 4294967295ul>::show(CRGB const*, int, CRGB)+0x13c>
    2042:	f44f 7080 	mov.w	r0, #256	@ 0x100
    2046:	fbb0 f1f1 	udiv	r1, r0, r1
    204a:	b2c9      	uxtb	r1, r1
    204c:	1c48      	adds	r0, r1, #1
    204e:	b2c0      	uxtb	r0, r0
    2050:	fb00 5e05 	mla	lr, r0, r5, r5
    2054:	ea4f 2e2e 	mov.w	lr, lr, asr #8
                if(d[i]) (--d[i]);
    2058:	f1be 0f00 	cmp.w	lr, #0
    205c:	d001      	beq.n	2062 <CPixelLEDController<(EOrder)66, 1, 4294967295ul>::show(CRGB const*, int, CRGB)+0x16e>
    205e:	f10e 3eff 	add.w	lr, lr, #4294967295
                if(e[i]) --e[i];
    2062:	2800      	cmp	r0, #0
    2064:	bf18      	it	ne
    2066:	4608      	movne	r0, r1
                d[i] = scale8(Q, e[i]);
    2068:	f883 e000 	strb.w	lr, [r3]
                if(e[i]) --e[i];
    206c:	70d8      	strb	r0, [r3, #3]
    206e:	e7e1      	b.n	2034 <CPixelLEDController<(EOrder)66, 1, 4294967295ul>::show(CRGB const*, int, CRGB)+0x140>
        showPixels(pixels);
    2070:	a902      	add	r1, sp, #8
    2072:	4620      	mov	r0, r4
    2074:	4798      	blx	r3
    }
    2076:	b011      	add	sp, #68	@ 0x44
    2078:	bd30      	pop	{r4, r5, pc}
    207a:	bf00      	nop
    207c:	00001cb5 	.word	0x00001cb5
    2080:	e0001000 	.word	0xe0001000
    2084:	20000c7c 	.word	0x20000c7c
    2088:	431bde83 	.word	0x431bde83
    208c:	20002693 	.word	0x20002693

00002090 <CLEDController::clearLeds(int)>:
        showColor(data, nLeds, getAdjustment(brightness));
    2090:	f8d0 c000 	ldr.w	ip, [r0]
    virtual void clearLeds(int nLeds) { showColor(CRGB::Black, nLeds, CRGB::Black); }
    2094:	2300      	movs	r3, #0
    2096:	4a61      	ldr	r2, [pc, #388]	@ (221c <CLEDController::clearLeds(int)+0x18c>)
    2098:	b530      	push	{r4, r5, lr}
        showColor(data, nLeds, getAdjustment(brightness));
    209a:	f8dc 5000 	ldr.w	r5, [ip]
    virtual void clearLeds(int nLeds) { showColor(CRGB::Black, nLeds, CRGB::Black); }
    209e:	b091      	sub	sp, #68	@ 0x44
    20a0:	4295      	cmp	r5, r2
    20a2:	f8ad 3004 	strh.w	r3, [sp, #4]
    20a6:	f88d 3006 	strb.w	r3, [sp, #6]
        showColor(data, nLeds, getAdjustment(brightness));
    20aa:	d170      	bne.n	218e <CLEDController::clearLeds(int)+0xfe>
    inline uint8_t getDither() { return m_DitherMode; }
    20ac:	7c82      	ldrb	r2, [r0, #18]
    20ae:	4604      	mov	r4, r0
                : mData((const uint8_t*)&d), mLen(len), mLenRemaining(len), mScale(pre_mixed) {
    20b0:	f8ad 301a 	strh.w	r3, [sp, #26]
        switch(dither) {
    20b4:	2a01      	cmp	r2, #1
                : mData((const uint8_t*)&d), mLen(len), mLenRemaining(len), mScale(pre_mixed) {
    20b6:	f88d 301c 	strb.w	r3, [sp, #28]
    20ba:	e9cd 1103 	strd	r1, r1, [sp, #12]
    20be:	a901      	add	r1, sp, #4
    20c0:	9102      	str	r1, [sp, #8]
        switch(dither) {
    20c2:	d06e      	beq.n	21a2 <CLEDController::clearLeds(int)+0x112>
            default: d[0]=d[1]=d[2]=e[0]=e[1]=e[2]=0; break;
    20c4:	f8ad 3018 	strh.w	r3, [sp, #24]
    20c8:	9305      	str	r3, [sp, #20]
        showPixels(pixels);
    20ca:	f8dc 2024 	ldr.w	r2, [ip, #36]	@ 0x24
        mAdvance = 0;
    20ce:	2300      	movs	r3, #0
    20d0:	4953      	ldr	r1, [pc, #332]	@ (2220 <CLEDController::clearLeds(int)+0x190>)
    20d2:	f88d 301d 	strb.w	r3, [sp, #29]
        for(int i = 0; i < LANES; ++i) {
    20d6:	428a      	cmp	r2, r1
            mOffsets[i] = nOffset;
    20d8:	9308      	str	r3, [sp, #32]
        for(int i = 0; i < LANES; ++i) {
    20da:	f040 8099 	bne.w	2210 <CLEDController::clearLeds(int)+0x180>
			diff = (micros() & 0xFFFF) - mLastMicros;
    20de:	f000 fdff 	bl	2ce0 <micros>
    20e2:	8ca3      	ldrh	r3, [r4, #36]	@ 0x24
    20e4:	1ac0      	subs	r0, r0, r3
		} while(diff < WAIT);
    20e6:	b280      	uxth	r0, r0
    20e8:	2831      	cmp	r0, #49	@ 0x31
    20ea:	d9f8      	bls.n	20de <CLEDController::clearLeds(int)+0x4e>
        mLenRemaining = mLen = other.mLen;
    20ec:	9b03      	ldr	r3, [sp, #12]
        e[1] = other.e[1];
    20ee:	f8bd 2018 	ldrh.w	r2, [sp, #24]
        d[0] = other.d[0];
    20f2:	9805      	ldr	r0, [sp, #20]
        for(int i = 0; i < LANES; ++i) { mOffsets[i] = other.mOffsets[i]; }
    20f4:	9908      	ldr	r1, [sp, #32]
        e[1] = other.e[1];
    20f6:	f8ad 2034 	strh.w	r2, [sp, #52]	@ 0x34
        mData = other.mData;
    20fa:	9a02      	ldr	r2, [sp, #8]
        d[0] = other.d[0];
    20fc:	900c      	str	r0, [sp, #48]	@ 0x30
		if(!showRGBInternal(pixels)) {
    20fe:	4620      	mov	r0, r4
        for(int i = 0; i < LANES; ++i) { mOffsets[i] = other.mOffsets[i]; }
    2100:	910f      	str	r1, [sp, #60]	@ 0x3c
    2102:	a909      	add	r1, sp, #36	@ 0x24
        mData = other.mData;
    2104:	9209      	str	r2, [sp, #36]	@ 0x24
        mLenRemaining = mLen = other.mLen;
    2106:	e9cd 330a 	strd	r3, r3, [sp, #40]	@ 0x28
        mScale = other.mScale;
    210a:	f8bd 301a 	ldrh.w	r3, [sp, #26]
    210e:	f8ad 3036 	strh.w	r3, [sp, #54]	@ 0x36
        mAdvance = other.mAdvance;
    2112:	f89d 301d 	ldrb.w	r3, [sp, #29]
    2116:	f88d 3039 	strb.w	r3, [sp, #57]	@ 0x39
        mScale = other.mScale;
    211a:	f89d 301c 	ldrb.w	r3, [sp, #28]
    211e:	f88d 3038 	strb.w	r3, [sp, #56]	@ 0x38
    2122:	f7ff fc15 	bl	1950 <ClocklessController<6, 250, 625, 375, (EOrder)66, 0, false, 50>::showRGBInternal(PixelController<(EOrder)66, 1, 4294967295ul>)>
    2126:	bb68      	cbnz	r0, 2184 <CLEDController::clearLeds(int)+0xf4>
      		sei(); delayMicroseconds(WAIT_TIME); cli();
    2128:	b662      	cpsie	i
	uint32_t begin = ARM_DWT_CYCCNT;
    212a:	493e      	ldr	r1, [pc, #248]	@ (2224 <CLEDController::clearLeds(int)+0x194>)
	uint32_t cycles = F_CPU_ACTUAL / 1000000 * usec;
    212c:	4a3e      	ldr	r2, [pc, #248]	@ (2228 <CLEDController::clearLeds(int)+0x198>)
    212e:	4b3f      	ldr	r3, [pc, #252]	@ (222c <CLEDController::clearLeds(int)+0x19c>)
	uint32_t begin = ARM_DWT_CYCCNT;
    2130:	6848      	ldr	r0, [r1, #4]
	uint32_t cycles = F_CPU_ACTUAL / 1000000 * usec;
    2132:	6812      	ldr	r2, [r2, #0]
    2134:	fba3 3202 	umull	r3, r2, r3, r2
    2138:	2332      	movs	r3, #50	@ 0x32
    213a:	0c92      	lsrs	r2, r2, #18
    213c:	fb03 f202 	mul.w	r2, r3, r2
	while (ARM_DWT_CYCCNT - begin < cycles) ; // wait
    2140:	684b      	ldr	r3, [r1, #4]
    2142:	1a1b      	subs	r3, r3, r0
    2144:	429a      	cmp	r2, r3
    2146:	d8fb      	bhi.n	2140 <CLEDController::clearLeds(int)+0xb0>
    2148:	b672      	cpsid	i
        mLenRemaining = mLen = other.mLen;
    214a:	9b03      	ldr	r3, [sp, #12]
      		showRGBInternal(pixels);
    214c:	a909      	add	r1, sp, #36	@ 0x24
        d[0] = other.d[0];
    214e:	9a05      	ldr	r2, [sp, #20]
    2150:	4620      	mov	r0, r4
        e[1] = other.e[1];
    2152:	f8bd 5018 	ldrh.w	r5, [sp, #24]
        d[0] = other.d[0];
    2156:	920c      	str	r2, [sp, #48]	@ 0x30
        for(int i = 0; i < LANES; ++i) { mOffsets[i] = other.mOffsets[i]; }
    2158:	9a08      	ldr	r2, [sp, #32]
        e[1] = other.e[1];
    215a:	f8ad 5034 	strh.w	r5, [sp, #52]	@ 0x34
        for(int i = 0; i < LANES; ++i) { mOffsets[i] = other.mOffsets[i]; }
    215e:	920f      	str	r2, [sp, #60]	@ 0x3c
        mScale = other.mScale;
    2160:	f89d 201c 	ldrb.w	r2, [sp, #28]
        mLenRemaining = mLen = other.mLen;
    2164:	e9cd 330a 	strd	r3, r3, [sp, #40]	@ 0x28
        mData = other.mData;
    2168:	9b02      	ldr	r3, [sp, #8]
        mScale = other.mScale;
    216a:	f88d 2038 	strb.w	r2, [sp, #56]	@ 0x38
        mData = other.mData;
    216e:	9309      	str	r3, [sp, #36]	@ 0x24
        mScale = other.mScale;
    2170:	f8bd 301a 	ldrh.w	r3, [sp, #26]
    2174:	f8ad 3036 	strh.w	r3, [sp, #54]	@ 0x36
        mAdvance = other.mAdvance;
    2178:	f89d 301d 	ldrb.w	r3, [sp, #29]
    217c:	f88d 3039 	strb.w	r3, [sp, #57]	@ 0x39
    2180:	f7ff fbe6 	bl	1950 <ClocklessController<6, 250, 625, 375, (EOrder)66, 0, false, 50>::showRGBInternal(PixelController<(EOrder)66, 1, 4294967295ul>)>
	void mark() { mLastMicros = micros() & 0xFFFF; }
    2184:	f000 fdac 	bl	2ce0 <micros>
    2188:	84a0      	strh	r0, [r4, #36]	@ 0x24
    virtual void clearLeds(int nLeds) { showColor(CRGB::Black, nLeds, CRGB::Black); }
    218a:	b011      	add	sp, #68	@ 0x44
    218c:	bd30      	pop	{r4, r5, pc}
        showColor(data, nLeds, getAdjustment(brightness));
    218e:	f8ad 3024 	strh.w	r3, [sp, #36]	@ 0x24
    2192:	460a      	mov	r2, r1
    2194:	f88d 3026 	strb.w	r3, [sp, #38]	@ 0x26
    2198:	a901      	add	r1, sp, #4
    219a:	9b09      	ldr	r3, [sp, #36]	@ 0x24
    219c:	47a8      	blx	r5
    virtual void clearLeds(int nLeds) { showColor(CRGB::Black, nLeds, CRGB::Black); }
    219e:	b011      	add	sp, #68	@ 0x44
    21a0:	bd30      	pop	{r4, r5, pc}
        ++R;
    21a2:	4a23      	ldr	r2, [pc, #140]	@ (2230 <CLEDController::clearLeds(int)+0x1a0>)
    21a4:	f10d 0e17 	add.w	lr, sp, #23
    21a8:	7813      	ldrb	r3, [r2, #0]
    21aa:	3301      	adds	r3, #1
        R &= (0x01 << ditherBits) - 1;
    21ac:	f003 0107 	and.w	r1, r3, #7
            if(R & 0x02) { Q |= 0x40; }
    21b0:	f013 0f02 	tst.w	r3, #2
        R &= (0x01 << ditherBits) - 1;
    21b4:	7011      	strb	r1, [r2, #0]
            if(R & 0x01) { Q |= 0x80; }
    21b6:	ea4f 12c3 	mov.w	r2, r3, lsl #7
    21ba:	b2d2      	uxtb	r2, r2
            if(R & 0x02) { Q |= 0x40; }
    21bc:	f042 0140 	orr.w	r1, r2, #64	@ 0x40
    21c0:	bf18      	it	ne
    21c2:	460a      	movne	r2, r1
            if(R & 0x04) { Q |= 0x20; }
    21c4:	f013 0f04 	tst.w	r3, #4
    21c8:	ab05      	add	r3, sp, #20
    21ca:	f042 0120 	orr.w	r1, r2, #32
    21ce:	bf18      	it	ne
    21d0:	460a      	movne	r2, r1
            Q += 0x01 << (7 - ditherBits);
    21d2:	3210      	adds	r2, #16
    21d4:	b2d0      	uxtb	r0, r2
                uint8_t s = mScale.raw[i];
    21d6:	799a      	ldrb	r2, [r3, #6]
                e[i] = s ? (256/s) + 1 : 0;
    21d8:	b942      	cbnz	r2, 21ec <CLEDController::clearLeds(int)+0x15c>
    21da:	70da      	strb	r2, [r3, #3]
                d[i] = scale8(Q, e[i]);
    21dc:	701a      	strb	r2, [r3, #0]
        for(int i = 0; i < 3; ++i) {
    21de:	3301      	adds	r3, #1
    21e0:	4573      	cmp	r3, lr
    21e2:	f43f af72 	beq.w	20ca <CLEDController::clearLeds(int)+0x3a>
                uint8_t s = mScale.raw[i];
    21e6:	799a      	ldrb	r2, [r3, #6]
                e[i] = s ? (256/s) + 1 : 0;
    21e8:	2a00      	cmp	r2, #0
    21ea:	d0f6      	beq.n	21da <CLEDController::clearLeds(int)+0x14a>
    21ec:	f44f 7180 	mov.w	r1, #256	@ 0x100
    21f0:	fbb1 f2f2 	udiv	r2, r1, r2
    21f4:	b2d2      	uxtb	r2, r2
    21f6:	1c51      	adds	r1, r2, #1
    21f8:	b2c9      	uxtb	r1, r1
    21fa:	fb01 0500 	mla	r5, r1, r0, r0
    21fe:	122d      	asrs	r5, r5, #8
                if(d[i]) (--d[i]);
    2200:	b105      	cbz	r5, 2204 <CLEDController::clearLeds(int)+0x174>
    2202:	3d01      	subs	r5, #1
                if(e[i]) --e[i];
    2204:	2900      	cmp	r1, #0
    2206:	bf18      	it	ne
    2208:	4611      	movne	r1, r2
                d[i] = scale8(Q, e[i]);
    220a:	701d      	strb	r5, [r3, #0]
                if(e[i]) --e[i];
    220c:	70d9      	strb	r1, [r3, #3]
    220e:	e7e6      	b.n	21de <CLEDController::clearLeds(int)+0x14e>
        showPixels(pixels);
    2210:	a902      	add	r1, sp, #8
    2212:	4620      	mov	r0, r4
    2214:	4790      	blx	r2
    virtual void clearLeds(int nLeds) { showColor(CRGB::Black, nLeds, CRGB::Black); }
    2216:	b011      	add	sp, #68	@ 0x44
    2218:	bd30      	pop	{r4, r5, pc}
    221a:	bf00      	nop
    221c:	00001d71 	.word	0x00001d71
    2220:	00001cb5 	.word	0x00001cb5
    2224:	e0001000 	.word	0xe0001000
    2228:	20000c7c 	.word	0x20000c7c
    222c:	431bde83 	.word	0x431bde83
    2230:	20002693 	.word	0x20002693

00002234 <_GLOBAL__sub_I__Z11ButtonStartv>:
    2234:	e92d 41f0 	stmdb	sp!, {r4, r5, r6, r7, r8, lr}
    2238:	4c2c      	ldr	r4, [pc, #176]	@ (22ec <_GLOBAL__sub_I__Z11ButtonStartv+0xb8>)
        pin_value_(A0),
    223a:	f04f 080e 	mov.w	r8, #14
        trigger_threshold_(kDefaultThreshold),
    223e:	4f2c      	ldr	r7, [pc, #176]	@ (22f0 <_GLOBAL__sub_I__Z11ButtonStartv+0xbc>)
***/

struct EEPROMClass{

#if defined(__arm__) && defined(TEENSYDUINO)
    EEPROMClass()                        { eeprom_initialize(); }
    2240:	f000 fdea 	bl	2e18 <eeprom_initialize>
Sensor kSensors[MAX_SENSORS];
    2244:	f504 663e 	add.w	r6, r4, #3040	@ 0xbe0
      : initialized_(false),
    2248:	2500      	movs	r5, #0
        gain_x100_(100),  // 100 = 1.00x, stored as integer to avoid float drift
    224a:	f8df c0ac 	ldr.w	ip, [pc, #172]	@ 22f8 <_GLOBAL__sub_I__Z11ButtonStartv+0xc4>
      size_(min(size, kWindowSize)), cur_sum_(0), cur_weighted_sum_(0),
    224e:	2319      	movs	r3, #25
      values_{}, cur_count_(0) {}
    2250:	2264      	movs	r2, #100	@ 0x64
        gain_x100_(100),  // 100 = 1.00x, stored as integer to avoid float drift
    2252:	f8c4 c007 	str.w	ip, [r4, #7]
      values_{}, cur_count_(0) {}
    2256:	4629      	mov	r1, r5
      size_(min(size, kWindowSize)), cur_sum_(0), cur_weighted_sum_(0),
    2258:	f8c4 3013 	str.w	r3, [r4, #19]
      values_{}, cur_count_(0) {}
    225c:	f104 001f 	add.w	r0, r4, #31
      : initialized_(false),
    2260:	f804 5c01 	strb.w	r5, [r4, #-1]
        pin_value_(A0),
    2264:	f8a4 8000 	strh.w	r8, [r4]
        trigger_threshold_(kDefaultThreshold),
    2268:	f8c4 7003 	str.w	r7, [r4, #3]
        below_release_since_ms_(0),
    226c:	f8c4 500b 	str.w	r5, [r4, #11]
        was_below_release_(false),
    2270:	73e5      	strb	r5, [r4, #15]
      size_(min(size, kWindowSize)), cur_sum_(0), cur_weighted_sum_(0),
    2272:	f8c4 5017 	str.w	r5, [r4, #23]
    2276:	f8c4 501b 	str.w	r5, [r4, #27]
      values_{}, cur_count_(0) {}
    227a:	f002 fd8b 	bl	4d94 <memset>
      size_(min(size, kWindowSize)), cur_sum_(0), cur_weighted_sum_(0),
    227e:	2332      	movs	r3, #50	@ 0x32
      values_{}, cur_count_(0) {}
    2280:	f8c4 5083 	str.w	r5, [r4, #131]	@ 0x83
    2284:	2264      	movs	r2, #100	@ 0x64
      size_(min(size, kWindowSize)), cur_sum_(0), cur_weighted_sum_(0),
    2286:	f8c4 3087 	str.w	r3, [r4, #135]	@ 0x87
      values_{}, cur_count_(0) {}
    228a:	4629      	mov	r1, r5
      size_(min(size, kWindowSize)), cur_sum_(0), cur_weighted_sum_(0),
    228c:	f8c4 508b 	str.w	r5, [r4, #139]	@ 0x8b
      values_{}, cur_count_(0) {}
    2290:	f104 0093 	add.w	r0, r4, #147	@ 0x93
      size_(min(size, kWindowSize)), cur_sum_(0), cur_weighted_sum_(0),
    2294:	f8c4 508f 	str.w	r5, [r4, #143]	@ 0x8f
      values_{}, cur_count_(0) {}
    2298:	f002 fd7c 	bl	4d94 <memset>
      size_(min(size, kWindowSize)), cur_sum_(0), cur_weighted_sum_(0),
    229c:	2307      	movs	r3, #7
      values_{}, cur_count_(0) {}
    229e:	f8c4 50f7 	str.w	r5, [r4, #247]	@ 0xf7
    22a2:	f204 1007 	addw	r0, r4, #263	@ 0x107
      size_(min(size, kWindowSize)), cur_sum_(0), cur_weighted_sum_(0),
    22a6:	f8c4 30fb 	str.w	r3, [r4, #251]	@ 0xfb
      values_{}, cur_count_(0) {}
    22aa:	2264      	movs	r2, #100	@ 0x64
      size_(min(size, kWindowSize)), cur_sum_(0), cur_weighted_sum_(0),
    22ac:	f8c4 50ff 	str.w	r5, [r4, #255]	@ 0xff
      values_{}, cur_count_(0) {}
    22b0:	4629      	mov	r1, r5
      size_(min(size, kWindowSize)), cur_sum_(0), cur_weighted_sum_(0),
    22b2:	f8c4 5103 	str.w	r5, [r4, #259]	@ 0x103
Sensor kSensors[MAX_SENSORS];
    22b6:	f504 74be 	add.w	r4, r4, #380	@ 0x17c
      values_{}, cur_count_(0) {}
    22ba:	f002 fd6b 	bl	4d94 <memset>
        led_offset_(0),
    22be:	f44f 037f 	mov.w	r3, #16711680	@ 0xff0000
      values_{}, cur_count_(0) {}
    22c2:	f844 5c11 	str.w	r5, [r4, #-17]
        is_active_(false) {}
    22c6:	f844 5c0d 	str.w	r5, [r4, #-13]
        color_(CRGB(255, 0, 0)),
    22ca:	f804 5c05 	strb.w	r5, [r4, #-5]
        led_offset_(0),
    22ce:	f844 3c09 	str.w	r3, [r4, #-9]
        is_active_(false) {}
    22d2:	f804 5c04 	strb.w	r5, [r4, #-4]
Sensor kSensors[MAX_SENSORS];
    22d6:	42b4      	cmp	r4, r6
    22d8:	d1b6      	bne.n	2248 <_GLOBAL__sub_I__Z11ButtonStartv+0x14>
    EepromProcessor() : last_used_save_slot_(-1) {}
    22da:	4b06      	ldr	r3, [pc, #24]	@ (22f4 <_GLOBAL__sub_I__Z11ButtonStartv+0xc0>)
    22dc:	f64f 71d6 	movw	r1, #65494	@ 0xffd6
    22e0:	f04f 32ff 	mov.w	r2, #4294967295
    22e4:	e9c3 1210 	strd	r1, r2, [r3, #64]	@ 0x40
}
    22e8:	e8bd 81f0 	ldmia.w	sp!, {r4, r5, r6, r7, r8, pc}
    22ec:	20001739 	.word	0x20001739
    22f0:	03d403e8 	.word	0x03d403e8
    22f4:	20002614 	.word	0x20002614
    22f8:	000f0064 	.word	0x000f0064

000022fc <CFastLED::addLeds(CLEDController*, CRGB*, int, int)>:
}

CLEDController &CFastLED::addLeds(CLEDController *pLed,
								  struct CRGB *data,
								  int nLedsOrOffset, int nLedsIfOffset) {
	int nOffset = (nLedsIfOffset > 0) ? nLedsOrOffset : 0;
    22fc:	2b00      	cmp	r3, #0
								  int nLedsOrOffset, int nLedsIfOffset) {
    22fe:	b510      	push	{r4, lr}
    2300:	4604      	mov	r4, r0
    2302:	b082      	sub	sp, #8
	int nOffset = (nLedsIfOffset > 0) ? nLedsOrOffset : 0;
    2304:	dd03      	ble.n	230e <CFastLED::addLeds(CLEDController*, CRGB*, int, int)+0x12>
	int nLeds = (nLedsIfOffset > 0) ? nLedsIfOffset : nLedsOrOffset;

	pLed->init();
	pLed->setLeds(data + nOffset, nLeds);
    2306:	eb02 0042 	add.w	r0, r2, r2, lsl #1
	int nLeds = (nLedsIfOffset > 0) ? nLedsIfOffset : nLedsOrOffset;
    230a:	461a      	mov	r2, r3
	pLed->setLeds(data + nOffset, nLeds);
    230c:	4401      	add	r1, r0
	pLed->init();
    230e:	6823      	ldr	r3, [r4, #0]
    2310:	4620      	mov	r0, r4
    2312:	e9cd 1200 	strd	r1, r2, [sp]
    2316:	689b      	ldr	r3, [r3, #8]
    2318:	4798      	blx	r3
	FastLED.setMaxRefreshRate(pLed->getMaxRefreshRate(),true);
    231a:	6823      	ldr	r3, [r4, #0]
    231c:	480d      	ldr	r0, [pc, #52]	@ (2354 <CFastLED::addLeds(CLEDController*, CRGB*, int, int)+0x58>)
    231e:	6a1b      	ldr	r3, [r3, #32]
        m_Data = data;
    2320:	9900      	ldr	r1, [sp, #0]
        m_nLeds = nLeds;
    2322:	9a01      	ldr	r2, [sp, #4]
    2324:	4283      	cmp	r3, r0
        m_Data = data;
    2326:	6061      	str	r1, [r4, #4]
        m_nLeds = nLeds;
    2328:	6162      	str	r2, [r4, #20]
    232a:	d102      	bne.n	2332 <CFastLED::addLeds(CLEDController*, CRGB*, int, int)+0x36>
	return *pLed;
}
    232c:	4620      	mov	r0, r4
    232e:	b002      	add	sp, #8
    2330:	bd10      	pop	{r4, pc}
	FastLED.setMaxRefreshRate(pLed->getMaxRefreshRate(),true);
    2332:	4620      	mov	r0, r4
    2334:	4798      	blx	r3

void CFastLED::setMaxRefreshRate(uint16_t refresh, bool constrain) {
	if(constrain) {
		// if we're constraining, the new value of m_nMinMicros _must_ be higher than previously (because we're only
		// allowed to slow things down if constraining)
		if(refresh > 0) {
    2336:	2800      	cmp	r0, #0
    2338:	d0f8      	beq.n	232c <CFastLED::addLeds(CLEDController*, CRGB*, int, int)+0x30>
			m_nMinMicros = ((1000000 / refresh) > m_nMinMicros) ? (1000000 / refresh) : m_nMinMicros;
    233a:	4b07      	ldr	r3, [pc, #28]	@ (2358 <CFastLED::addLeds(CLEDController*, CRGB*, int, int)+0x5c>)
    233c:	4a07      	ldr	r2, [pc, #28]	@ (235c <CFastLED::addLeds(CLEDController*, CRGB*, int, int)+0x60>)
    233e:	fbb3 f3f0 	udiv	r3, r3, r0
    2342:	6851      	ldr	r1, [r2, #4]
}
    2344:	4620      	mov	r0, r4
			m_nMinMicros = ((1000000 / refresh) > m_nMinMicros) ? (1000000 / refresh) : m_nMinMicros;
    2346:	428b      	cmp	r3, r1
    2348:	bf38      	it	cc
    234a:	460b      	movcc	r3, r1
    234c:	6053      	str	r3, [r2, #4]
}
    234e:	b002      	add	sp, #8
    2350:	bd10      	pop	{r4, pc}
    2352:	bf00      	nop
    2354:	00000075 	.word	0x00000075
    2358:	000f4240 	.word	0x000f4240
    235c:	20001720 	.word	0x20001720

00002360 <CFastLED::show(unsigned char)>:
void CFastLED::show(uint8_t scale) {
    2360:	e92d 4ff0 	stmdb	sp!, {r4, r5, r6, r7, r8, r9, sl, fp, lr}
	while(m_nMinMicros && ((micros()-lastshow) < m_nMinMicros));
    2364:	6843      	ldr	r3, [r0, #4]
void CFastLED::show(uint8_t scale) {
    2366:	b0cb      	sub	sp, #300	@ 0x12c
    2368:	4606      	mov	r6, r0
    236a:	4c5b      	ldr	r4, [pc, #364]	@ (24d8 <CFastLED::show(unsigned char)+0x178>)
    236c:	9102      	str	r1, [sp, #8]
	while(m_nMinMicros && ((micros()-lastshow) < m_nMinMicros));
    236e:	2b00      	cmp	r3, #0
    2370:	f040 80a5 	bne.w	24be <CFastLED::show(unsigned char)+0x15e>
	lastshow = micros();
    2374:	f000 fcb4 	bl	2ce0 <micros>
	if(m_pPowerFunc) {
    2378:	68f3      	ldr	r3, [r6, #12]
	lastshow = micros();
    237a:	6020      	str	r0, [r4, #0]
	if(m_pPowerFunc) {
    237c:	b11b      	cbz	r3, 2386 <CFastLED::show(unsigned char)+0x26>
		scale = (*m_pPowerFunc)(scale, m_nPowerData);
    237e:	68b1      	ldr	r1, [r6, #8]
    2380:	9802      	ldr	r0, [sp, #8]
    2382:	4798      	blx	r3
    2384:	9002      	str	r0, [sp, #8]
	void* controllersData[MAX_CLED_CONTROLLERS] = {0};
    2386:	f44f 7280 	mov.w	r2, #256	@ 0x100
    238a:	2100      	movs	r1, #0
    238c:	a80a      	add	r0, sp, #40	@ 0x28
    238e:	f002 fd01 	bl	4d94 <memset>
    static CLEDController *head() { return m_pHead; }
    2392:	4b52      	ldr	r3, [pc, #328]	@ (24dc <CFastLED::show(unsigned char)+0x17c>)
    2394:	681c      	ldr	r4, [r3, #0]
	while(pCur && length < MAX_CLED_CONTROLLERS) {
    2396:	2c00      	cmp	r4, #0
    2398:	d075      	beq.n	2486 <CFastLED::show(unsigned char)+0x126>
    239a:	f10d 0a28 	add.w	sl, sp, #40	@ 0x28
    239e:	ad08      	add	r5, sp, #32
    23a0:	af06      	add	r7, sp, #24
    inline CLEDController & setDither(uint8_t ditherMode = BINARY_DITHER) { m_DitherMode = ditherMode; return *this; }
    23a2:	9603      	str	r6, [sp, #12]
    23a4:	f8cd a004 	str.w	sl, [sp, #4]
    23a8:	f8cd a014 	str.w	sl, [sp, #20]
    23ac:	f04f 0a00 	mov.w	sl, #0
		controllersData[length++] = pCur->beginShowLeds();
    23b0:	6823      	ldr	r3, [r4, #0]
    23b2:	494b      	ldr	r1, [pc, #300]	@ (24e0 <CFastLED::show(unsigned char)+0x180>)
    23b4:	699a      	ldr	r2, [r3, #24]
    23b6:	428a      	cmp	r2, r1
    23b8:	f040 8089 	bne.w	24ce <CFastLED::show(unsigned char)+0x16e>
        uintptr_t d = getDither();
    23bc:	7ca0      	ldrb	r0, [r4, #18]
    23be:	9a01      	ldr	r2, [sp, #4]
    23c0:	f10a 0a01 	add.w	sl, sl, #1
    23c4:	f842 0b04 	str.w	r0, [r2], #4
    23c8:	9201      	str	r2, [sp, #4]
		if (m_nFPS < 100) { pCur->setDither(0); }
    23ca:	9a03      	ldr	r2, [sp, #12]
    23cc:	8852      	ldrh	r2, [r2, #2]
    23ce:	2a63      	cmp	r2, #99	@ 0x63
    23d0:	d802      	bhi.n	23d8 <CFastLED::show(unsigned char)+0x78>
    inline CLEDController & setDither(uint8_t ditherMode = BINARY_DITHER) { m_DitherMode = ditherMode; return *this; }
    23d2:	f04f 0200 	mov.w	r2, #0
    23d6:	74a2      	strb	r2, [r4, #18]
        show(m_Data, m_nLeds, getAdjustment(brightness));
    23d8:	685e      	ldr	r6, [r3, #4]
              CRGB adj(0,0,0);
    23da:	f04f 0300 	mov.w	r3, #0
        show(m_Data, m_nLeds, getAdjustment(brightness));
    23de:	6861      	ldr	r1, [r4, #4]
              CRGB adj(0,0,0);
    23e0:	802b      	strh	r3, [r5, #0]
    23e2:	70ab      	strb	r3, [r5, #2]
              if(scale > 0) {
    23e4:	9b02      	ldr	r3, [sp, #8]
        show(m_Data, m_nLeds, getAdjustment(brightness));
    23e6:	6962      	ldr	r2, [r4, #20]
              if(scale > 0) {
    23e8:	b1d3      	cbz	r3, 2420 <CFastLED::show(unsigned char)+0xc0>
    23ea:	f104 000b 	add.w	r0, r4, #11
    23ee:	46ae      	mov	lr, r5
    23f0:	f104 0b0e 	add.w	fp, r4, #14
    23f4:	4694      	mov	ip, r2
    23f6:	9404      	str	r4, [sp, #16]
                      uint8_t cc = colorCorrection.raw[i];
    23f8:	f810 2f01 	ldrb.w	r2, [r0, #1]!
                          uint32_t work = (((uint32_t)cc)+1) * (((uint32_t)ct)+1) * scale;
    23fc:	1c53      	adds	r3, r2, #1
                      uint8_t ct = colorTemperature.raw[i];
    23fe:	78c4      	ldrb	r4, [r0, #3]
                          uint32_t work = (((uint32_t)cc)+1) * (((uint32_t)ct)+1) * scale;
    2400:	fb04 3303 	mla	r3, r4, r3, r3
                      if(cc > 0 && ct > 0) {
    2404:	b134      	cbz	r4, 2414 <CFastLED::show(unsigned char)+0xb4>
    2406:	b12a      	cbz	r2, 2414 <CFastLED::show(unsigned char)+0xb4>
                          uint32_t work = (((uint32_t)cc)+1) * (((uint32_t)ct)+1) * scale;
    2408:	9a02      	ldr	r2, [sp, #8]
    240a:	fb02 f303 	mul.w	r3, r2, r3
                          work /= 0x10000L;
    240e:	0c1b      	lsrs	r3, r3, #16
                          adj.raw[i] = work & 0xFF;
    2410:	f88e 3000 	strb.w	r3, [lr]
                  for(uint8_t i = 0; i < 3; ++i) {
    2414:	4583      	cmp	fp, r0
    2416:	f10e 0e01 	add.w	lr, lr, #1
    241a:	d1ed      	bne.n	23f8 <CFastLED::show(unsigned char)+0x98>
    241c:	9c04      	ldr	r4, [sp, #16]
    241e:	4662      	mov	r2, ip
              return adj;
    2420:	682b      	ldr	r3, [r5, #0]
        show(m_Data, m_nLeds, getAdjustment(brightness));
    2422:	4620      	mov	r0, r4
              return adj;
    2424:	f8ad 3024 	strh.w	r3, [sp, #36]	@ 0x24
    2428:	0c1b      	lsrs	r3, r3, #16
    242a:	f88d 3026 	strb.w	r3, [sp, #38]	@ 0x26
    242e:	9b09      	ldr	r3, [sp, #36]	@ 0x24
    2430:	803b      	strh	r3, [r7, #0]
    2432:	0c1b      	lsrs	r3, r3, #16
    2434:	f88d 301a 	strb.w	r3, [sp, #26]
    2438:	683b      	ldr	r3, [r7, #0]
    243a:	f8ad 301c 	strh.w	r3, [sp, #28]
    243e:	0c1b      	lsrs	r3, r3, #16
    2440:	f88d 301e 	strb.w	r3, [sp, #30]
        show(m_Data, m_nLeds, getAdjustment(brightness));
    2444:	9b07      	ldr	r3, [sp, #28]
    2446:	47b0      	blx	r6
    CLEDController *next() { return m_pNext; }
    2448:	68a4      	ldr	r4, [r4, #8]
	while(pCur && length < MAX_CLED_CONTROLLERS) {
    244a:	b114      	cbz	r4, 2452 <CFastLED::show(unsigned char)+0xf2>
    244c:	f1ba 0f40 	cmp.w	sl, #64	@ 0x40
    2450:	d1ae      	bne.n	23b0 <CFastLED::show(unsigned char)+0x50>
    static CLEDController *head() { return m_pHead; }
    2452:	4b22      	ldr	r3, [pc, #136]	@ (24dc <CFastLED::show(unsigned char)+0x17c>)
    2454:	f8dd a014 	ldr.w	sl, [sp, #20]
    2458:	681c      	ldr	r4, [r3, #0]
	while(pCur && length < MAX_CLED_CONTROLLERS) {
    245a:	9e03      	ldr	r6, [sp, #12]
    245c:	b19c      	cbz	r4, 2486 <CFastLED::show(unsigned char)+0x126>
	length = 0;  // Reset length to 0 and iterate again.
    245e:	2500      	movs	r5, #0
    2460:	4f20      	ldr	r7, [pc, #128]	@ (24e4 <CFastLED::show(unsigned char)+0x184>)
    2462:	e004      	b.n	246e <CFastLED::show(unsigned char)+0x10e>
        setDither(static_cast<uint8_t>(d));
    2464:	74a1      	strb	r1, [r4, #18]
    CLEDController *next() { return m_pNext; }
    2466:	68a4      	ldr	r4, [r4, #8]
	while(pCur && length < MAX_CLED_CONTROLLERS) {
    2468:	b16c      	cbz	r4, 2486 <CFastLED::show(unsigned char)+0x126>
    246a:	2d40      	cmp	r5, #64	@ 0x40
    246c:	d00b      	beq.n	2486 <CFastLED::show(unsigned char)+0x126>
		pCur->endShowLeds(controllersData[length++]);
    246e:	6823      	ldr	r3, [r4, #0]
    2470:	3501      	adds	r5, #1
    2472:	f85a 1b04 	ldr.w	r1, [sl], #4
    2476:	69db      	ldr	r3, [r3, #28]
    2478:	42bb      	cmp	r3, r7
    247a:	d0f3      	beq.n	2464 <CFastLED::show(unsigned char)+0x104>
    247c:	4620      	mov	r0, r4
    247e:	4798      	blx	r3
    2480:	68a4      	ldr	r4, [r4, #8]
	while(pCur && length < MAX_CLED_CONTROLLERS) {
    2482:	2c00      	cmp	r4, #0
    2484:	d1f1      	bne.n	246a <CFastLED::show(unsigned char)+0x10a>
	if(br++ >= nFrames) {
    2486:	4a18      	ldr	r2, [pc, #96]	@ (24e8 <CFastLED::show(unsigned char)+0x188>)
    2488:	6811      	ldr	r1, [r2, #0]
    248a:	1c4b      	adds	r3, r1, #1
    248c:	2918      	cmp	r1, #24
    248e:	6013      	str	r3, [r2, #0]
    2490:	dd12      	ble.n	24b8 <CFastLED::show(unsigned char)+0x158>
	return systick_millis_count;
    2492:	4816      	ldr	r0, [pc, #88]	@ (24ec <CFastLED::show(unsigned char)+0x18c>)
		m_nFPS = (br * 1000) / now;
    2494:	f44f 747a 	mov.w	r4, #1000	@ 0x3e8
    2498:	6801      	ldr	r1, [r0, #0]
    249a:	fb04 f303 	mul.w	r3, r4, r3
    249e:	6805      	ldr	r5, [r0, #0]
		now -= lastframe;
    24a0:	4813      	ldr	r0, [pc, #76]	@ (24f0 <CFastLED::show(unsigned char)+0x190>)
    24a2:	6804      	ldr	r4, [r0, #0]
		lastframe = millis();
    24a4:	6005      	str	r5, [r0, #0]
		br = 0;
    24a6:	2000      	movs	r0, #0
		now -= lastframe;
    24a8:	1b09      	subs	r1, r1, r4
		br = 0;
    24aa:	6010      	str	r0, [r2, #0]
		if(now == 0) {
    24ac:	2901      	cmp	r1, #1
    24ae:	bf38      	it	cc
    24b0:	2101      	movcc	r1, #1
		m_nFPS = (br * 1000) / now;
    24b2:	fbb3 f3f1 	udiv	r3, r3, r1
    24b6:	8073      	strh	r3, [r6, #2]
}
    24b8:	b04b      	add	sp, #300	@ 0x12c
    24ba:	e8bd 8ff0 	ldmia.w	sp!, {r4, r5, r6, r7, r8, r9, sl, fp, pc}
	while(m_nMinMicros && ((micros()-lastshow) < m_nMinMicros));
    24be:	f000 fc0f 	bl	2ce0 <micros>
    24c2:	6822      	ldr	r2, [r4, #0]
    24c4:	6873      	ldr	r3, [r6, #4]
    24c6:	1a80      	subs	r0, r0, r2
    24c8:	4298      	cmp	r0, r3
    24ca:	d3f8      	bcc.n	24be <CFastLED::show(unsigned char)+0x15e>
    24cc:	e752      	b.n	2374 <CFastLED::show(unsigned char)+0x14>
		controllersData[length++] = pCur->beginShowLeds();
    24ce:	4620      	mov	r0, r4
    24d0:	4790      	blx	r2
        show(m_Data, m_nLeds, getAdjustment(brightness));
    24d2:	6823      	ldr	r3, [r4, #0]
    24d4:	e773      	b.n	23be <CFastLED::show(unsigned char)+0x5e>
    24d6:	bf00      	nop
    24d8:	2000231c 	.word	0x2000231c
    24dc:	20002320 	.word	0x20002320
    24e0:	0000006d 	.word	0x0000006d
    24e4:	00000071 	.word	0x00000071
    24e8:	2000236c 	.word	0x2000236c
    24ec:	20002660 	.word	0x20002660
    24f0:	20002370 	.word	0x20002370

000024f4 <CFastLED::showColor(CRGB const&, unsigned char)>:
void CFastLED::showColor(const struct CRGB & color, uint8_t scale) {
    24f4:	e92d 4ff0 	stmdb	sp!, {r4, r5, r6, r7, r8, r9, sl, fp, lr}
	while(m_nMinMicros && ((micros()-lastshow) < m_nMinMicros));
    24f8:	6843      	ldr	r3, [r0, #4]
void CFastLED::showColor(const struct CRGB & color, uint8_t scale) {
    24fa:	b0cb      	sub	sp, #300	@ 0x12c
    24fc:	4607      	mov	r7, r0
    24fe:	4c59      	ldr	r4, [pc, #356]	@ (2664 <CFastLED::showColor(CRGB const&, unsigned char)+0x170>)
    2500:	9104      	str	r1, [sp, #16]
    2502:	9202      	str	r2, [sp, #8]
	while(m_nMinMicros && ((micros()-lastshow) < m_nMinMicros));
    2504:	2b00      	cmp	r3, #0
    2506:	f040 80a0 	bne.w	264a <CFastLED::showColor(CRGB const&, unsigned char)+0x156>
	lastshow = micros();
    250a:	f000 fbe9 	bl	2ce0 <micros>
	if(m_pPowerFunc) {
    250e:	68fb      	ldr	r3, [r7, #12]
	lastshow = micros();
    2510:	6020      	str	r0, [r4, #0]
	if(m_pPowerFunc) {
    2512:	b11b      	cbz	r3, 251c <CFastLED::showColor(CRGB const&, unsigned char)+0x28>
		scale = (*m_pPowerFunc)(scale, m_nPowerData);
    2514:	68b9      	ldr	r1, [r7, #8]
    2516:	9802      	ldr	r0, [sp, #8]
    2518:	4798      	blx	r3
    251a:	9002      	str	r0, [sp, #8]
	void* controllersData[MAX_CLED_CONTROLLERS] = {0};
    251c:	f44f 7280 	mov.w	r2, #256	@ 0x100
    2520:	2100      	movs	r1, #0
    2522:	a80a      	add	r0, sp, #40	@ 0x28
    2524:	f002 fc36 	bl	4d94 <memset>
    static CLEDController *head() { return m_pHead; }
    2528:	4b4f      	ldr	r3, [pc, #316]	@ (2668 <CFastLED::showColor(CRGB const&, unsigned char)+0x174>)
    252a:	681c      	ldr	r4, [r3, #0]
	while(pCur && length < MAX_CLED_CONTROLLERS) {
    252c:	2c00      	cmp	r4, #0
    252e:	d070      	beq.n	2612 <CFastLED::showColor(CRGB const&, unsigned char)+0x11e>
    2530:	f10d 0b28 	add.w	fp, sp, #40	@ 0x28
	int length = 0;
    2534:	2600      	movs	r6, #0
    2536:	ad08      	add	r5, sp, #32
    inline CLEDController & setDither(uint8_t ditherMode = BINARY_DITHER) { m_DitherMode = ditherMode; return *this; }
    2538:	9703      	str	r7, [sp, #12]
	while(pCur && length < MAX_CLED_CONTROLLERS) {
    253a:	f8cd b004 	str.w	fp, [sp, #4]
    253e:	f8cd b014 	str.w	fp, [sp, #20]
		controllersData[length++] = pCur->beginShowLeds();
    2542:	6823      	ldr	r3, [r4, #0]
    2544:	4949      	ldr	r1, [pc, #292]	@ (266c <CFastLED::showColor(CRGB const&, unsigned char)+0x178>)
    2546:	699a      	ldr	r2, [r3, #24]
    2548:	428a      	cmp	r2, r1
    254a:	f040 8086 	bne.w	265a <CFastLED::showColor(CRGB const&, unsigned char)+0x166>
        uintptr_t d = getDither();
    254e:	7ca0      	ldrb	r0, [r4, #18]
    2550:	9a01      	ldr	r2, [sp, #4]
    2552:	3601      	adds	r6, #1
    2554:	f842 0b04 	str.w	r0, [r2], #4
    2558:	9201      	str	r2, [sp, #4]
		if(m_nFPS < 100) { pCur->setDither(0); }
    255a:	9a03      	ldr	r2, [sp, #12]
    255c:	8852      	ldrh	r2, [r2, #2]
    255e:	2a63      	cmp	r2, #99	@ 0x63
    2560:	d802      	bhi.n	2568 <CFastLED::showColor(CRGB const&, unsigned char)+0x74>
    inline CLEDController & setDither(uint8_t ditherMode = BINARY_DITHER) { m_DitherMode = ditherMode; return *this; }
    2562:	f04f 0200 	mov.w	r2, #0
    2566:	74a2      	strb	r2, [r4, #18]
        showColor(data, m_nLeds, getAdjustment(brightness));
    2568:	681f      	ldr	r7, [r3, #0]
              CRGB adj(0,0,0);
    256a:	f04f 0300 	mov.w	r3, #0
        showColor(data, m_nLeds, getAdjustment(brightness));
    256e:	6962      	ldr	r2, [r4, #20]
              CRGB adj(0,0,0);
    2570:	802b      	strh	r3, [r5, #0]
    2572:	70ab      	strb	r3, [r5, #2]
              if(scale > 0) {
    2574:	9b02      	ldr	r3, [sp, #8]
    2576:	b1c3      	cbz	r3, 25aa <CFastLED::showColor(CRGB const&, unsigned char)+0xb6>
    2578:	f104 010b 	add.w	r1, r4, #11
    257c:	46ac      	mov	ip, r5
    257e:	f104 0b0e 	add.w	fp, r4, #14
    2582:	4696      	mov	lr, r2
                      uint8_t cc = colorCorrection.raw[i];
    2584:	f811 2f01 	ldrb.w	r2, [r1, #1]!
                          uint32_t work = (((uint32_t)cc)+1) * (((uint32_t)ct)+1) * scale;
    2588:	1c53      	adds	r3, r2, #1
                      uint8_t ct = colorTemperature.raw[i];
    258a:	78c8      	ldrb	r0, [r1, #3]
                          uint32_t work = (((uint32_t)cc)+1) * (((uint32_t)ct)+1) * scale;
    258c:	fb00 3303 	mla	r3, r0, r3, r3
                      if(cc > 0 && ct > 0) {
    2590:	b130      	cbz	r0, 25a0 <CFastLED::showColor(CRGB const&, unsigned char)+0xac>
    2592:	b12a      	cbz	r2, 25a0 <CFastLED::showColor(CRGB const&, unsigned char)+0xac>
                          uint32_t work = (((uint32_t)cc)+1) * (((uint32_t)ct)+1) * scale;
    2594:	9a02      	ldr	r2, [sp, #8]
    2596:	fb02 f303 	mul.w	r3, r2, r3
                          work /= 0x10000L;
    259a:	0c1b      	lsrs	r3, r3, #16
                          adj.raw[i] = work & 0xFF;
    259c:	f88c 3000 	strb.w	r3, [ip]
                  for(uint8_t i = 0; i < 3; ++i) {
    25a0:	458b      	cmp	fp, r1
    25a2:	f10c 0c01 	add.w	ip, ip, #1
    25a6:	d1ed      	bne.n	2584 <CFastLED::showColor(CRGB const&, unsigned char)+0x90>
    25a8:	4672      	mov	r2, lr
              return adj;
    25aa:	682b      	ldr	r3, [r5, #0]
        showColor(data, m_nLeds, getAdjustment(brightness));
    25ac:	4620      	mov	r0, r4
    25ae:	9904      	ldr	r1, [sp, #16]
              return adj;
    25b0:	f8ad 3024 	strh.w	r3, [sp, #36]	@ 0x24
    25b4:	0c1b      	lsrs	r3, r3, #16
    25b6:	f88d 3026 	strb.w	r3, [sp, #38]	@ 0x26
    25ba:	9b09      	ldr	r3, [sp, #36]	@ 0x24
    25bc:	f8ad 3018 	strh.w	r3, [sp, #24]
    25c0:	0c1b      	lsrs	r3, r3, #16
    25c2:	f88d 301a 	strb.w	r3, [sp, #26]
    25c6:	9b06      	ldr	r3, [sp, #24]
    25c8:	f8ad 301c 	strh.w	r3, [sp, #28]
    25cc:	0c1b      	lsrs	r3, r3, #16
    25ce:	f88d 301e 	strb.w	r3, [sp, #30]
        showColor(data, m_nLeds, getAdjustment(brightness));
    25d2:	9b07      	ldr	r3, [sp, #28]
    25d4:	47b8      	blx	r7
    CLEDController *next() { return m_pNext; }
    25d6:	68a4      	ldr	r4, [r4, #8]
	while(pCur && length < MAX_CLED_CONTROLLERS) {
    25d8:	b10c      	cbz	r4, 25de <CFastLED::showColor(CRGB const&, unsigned char)+0xea>
    25da:	2e40      	cmp	r6, #64	@ 0x40
    25dc:	d1b1      	bne.n	2542 <CFastLED::showColor(CRGB const&, unsigned char)+0x4e>
    static CLEDController *head() { return m_pHead; }
    25de:	4b22      	ldr	r3, [pc, #136]	@ (2668 <CFastLED::showColor(CRGB const&, unsigned char)+0x174>)
    25e0:	f8dd b014 	ldr.w	fp, [sp, #20]
    25e4:	681c      	ldr	r4, [r3, #0]
	while(pCur && length < MAX_CLED_CONTROLLERS) {
    25e6:	9f03      	ldr	r7, [sp, #12]
    25e8:	b19c      	cbz	r4, 2612 <CFastLED::showColor(CRGB const&, unsigned char)+0x11e>
	length = 0;  // Reset length to 0 and iterate again.
    25ea:	2500      	movs	r5, #0
    25ec:	4e20      	ldr	r6, [pc, #128]	@ (2670 <CFastLED::showColor(CRGB const&, unsigned char)+0x17c>)
    25ee:	e004      	b.n	25fa <CFastLED::showColor(CRGB const&, unsigned char)+0x106>
        setDither(static_cast<uint8_t>(d));
    25f0:	74a1      	strb	r1, [r4, #18]
    CLEDController *next() { return m_pNext; }
    25f2:	68a4      	ldr	r4, [r4, #8]
	while(pCur && length < MAX_CLED_CONTROLLERS) {
    25f4:	b16c      	cbz	r4, 2612 <CFastLED::showColor(CRGB const&, unsigned char)+0x11e>
    25f6:	2d40      	cmp	r5, #64	@ 0x40
    25f8:	d00b      	beq.n	2612 <CFastLED::showColor(CRGB const&, unsigned char)+0x11e>
		pCur->endShowLeds(controllersData[length++]);
    25fa:	6823      	ldr	r3, [r4, #0]
    25fc:	3501      	adds	r5, #1
    25fe:	f85b 1b04 	ldr.w	r1, [fp], #4
    2602:	69db      	ldr	r3, [r3, #28]
    2604:	42b3      	cmp	r3, r6
    2606:	d0f3      	beq.n	25f0 <CFastLED::showColor(CRGB const&, unsigned char)+0xfc>
    2608:	4620      	mov	r0, r4
    260a:	4798      	blx	r3
    260c:	68a4      	ldr	r4, [r4, #8]
	while(pCur && length < MAX_CLED_CONTROLLERS) {
    260e:	2c00      	cmp	r4, #0
    2610:	d1f1      	bne.n	25f6 <CFastLED::showColor(CRGB const&, unsigned char)+0x102>
	if(br++ >= nFrames) {
    2612:	4a18      	ldr	r2, [pc, #96]	@ (2674 <CFastLED::showColor(CRGB const&, unsigned char)+0x180>)
    2614:	6811      	ldr	r1, [r2, #0]
    2616:	1c4b      	adds	r3, r1, #1
    2618:	2918      	cmp	r1, #24
    261a:	6013      	str	r3, [r2, #0]
    261c:	dd12      	ble.n	2644 <CFastLED::showColor(CRGB const&, unsigned char)+0x150>
    261e:	4816      	ldr	r0, [pc, #88]	@ (2678 <CFastLED::showColor(CRGB const&, unsigned char)+0x184>)
		m_nFPS = (br * 1000) / now;
    2620:	f44f 747a 	mov.w	r4, #1000	@ 0x3e8
    2624:	6801      	ldr	r1, [r0, #0]
    2626:	fb04 f303 	mul.w	r3, r4, r3
    262a:	6805      	ldr	r5, [r0, #0]
		now -= lastframe;
    262c:	4813      	ldr	r0, [pc, #76]	@ (267c <CFastLED::showColor(CRGB const&, unsigned char)+0x188>)
    262e:	6804      	ldr	r4, [r0, #0]
		lastframe = millis();
    2630:	6005      	str	r5, [r0, #0]
		br = 0;
    2632:	2000      	movs	r0, #0
		now -= lastframe;
    2634:	1b09      	subs	r1, r1, r4
		br = 0;
    2636:	6010      	str	r0, [r2, #0]
		if(now == 0) {
    2638:	2901      	cmp	r1, #1
    263a:	bf38      	it	cc
    263c:	2101      	movcc	r1, #1
		m_nFPS = (br * 1000) / now;
    263e:	fbb3 f3f1 	udiv	r3, r3, r1
    2642:	807b      	strh	r3, [r7, #2]
}
    2644:	b04b      	add	sp, #300	@ 0x12c
    2646:	e8bd 8ff0 	ldmia.w	sp!, {r4, r5, r6, r7, r8, r9, sl, fp, pc}
	while(m_nMinMicros && ((micros()-lastshow) < m_nMinMicros));
    264a:	f000 fb49 	bl	2ce0 <micros>
    264e:	6822      	ldr	r2, [r4, #0]
    2650:	687b      	ldr	r3, [r7, #4]
    2652:	1a80      	subs	r0, r0, r2
    2654:	4298      	cmp	r0, r3
    2656:	d3f8      	bcc.n	264a <CFastLED::showColor(CRGB const&, unsigned char)+0x156>
    2658:	e757      	b.n	250a <CFastLED::showColor(CRGB const&, unsigned char)+0x16>
		controllersData[length++] = pCur->beginShowLeds();
    265a:	4620      	mov	r0, r4
    265c:	4790      	blx	r2
        showColor(data, m_nLeds, getAdjustment(brightness));
    265e:	6823      	ldr	r3, [r4, #0]
    2660:	e776      	b.n	2550 <CFastLED::showColor(CRGB const&, unsigned char)+0x5c>
    2662:	bf00      	nop
    2664:	2000231c 	.word	0x2000231c
    2668:	20002320 	.word	0x20002320
    266c:	0000006d 	.word	0x0000006d
    2670:	00000071 	.word	0x00000071
    2674:	2000236c 	.word	0x2000236c
    2678:	20002660 	.word	0x20002660
    267c:	20002370 	.word	0x20002370

00002680 <CFastLED::clear(bool)>:
void CFastLED::clear(bool writeData) {
    2680:	b510      	push	{r4, lr}
    2682:	b082      	sub	sp, #8
	if(writeData) {
    2684:	b979      	cbnz	r1, 26a6 <CFastLED::clear(bool)+0x26>
    static CLEDController *head() { return m_pHead; }
    2686:	4b0c      	ldr	r3, [pc, #48]	@ (26b8 <CFastLED::clear(bool)+0x38>)
    2688:	681c      	ldr	r4, [r3, #0]
	while(pCur) {
    268a:	b154      	cbz	r4, 26a2 <CFastLED::clear(bool)+0x22>
            memset8((void*)m_Data, 0, sizeof(struct CRGB) * m_nLeds);
    268c:	6860      	ldr	r0, [r4, #4]
    268e:	2100      	movs	r1, #0
        if(m_Data) {
    2690:	b120      	cbz	r0, 269c <CFastLED::clear(bool)+0x1c>
            memset8((void*)m_Data, 0, sizeof(struct CRGB) * m_nLeds);
    2692:	6962      	ldr	r2, [r4, #20]
    2694:	eb02 0242 	add.w	r2, r2, r2, lsl #1
    2698:	f002 fb7c 	bl	4d94 <memset>
    CLEDController *next() { return m_pNext; }
    269c:	68a4      	ldr	r4, [r4, #8]
    269e:	2c00      	cmp	r4, #0
    26a0:	d1f4      	bne.n	268c <CFastLED::clear(bool)+0xc>
}
    26a2:	b002      	add	sp, #8
    26a4:	bd10      	pop	{r4, pc}
		showColor(CRGB(0,0,0), 0);
    26a6:	2200      	movs	r2, #0
    26a8:	a901      	add	r1, sp, #4
    26aa:	f8ad 2004 	strh.w	r2, [sp, #4]
    26ae:	f88d 2006 	strb.w	r2, [sp, #6]
    26b2:	f7ff ff1f 	bl	24f4 <CFastLED::showColor(CRGB const&, unsigned char)>
    26b6:	e7e6      	b.n	2686 <CFastLED::clear(bool)+0x6>
    26b8:	20002320 	.word	0x20002320

000026bc <_GLOBAL__sub_I_pSmartMatrix>:
CFastLED::CFastLED() {
    26bc:	4b04      	ldr	r3, [pc, #16]	@ (26d0 <_GLOBAL__sub_I_pSmartMatrix+0x14>)
	m_nMinMicros = 0;
    26be:	2200      	movs	r2, #0
CFastLED::CFastLED() {
    26c0:	20ff      	movs	r0, #255	@ 0xff
	m_nMinMicros = 0;
    26c2:	f04f 31ff 	mov.w	r1, #4294967295
    26c6:	605a      	str	r2, [r3, #4]
	m_pPowerFunc = NULL;
    26c8:	60da      	str	r2, [r3, #12]
CFastLED::CFastLED() {
    26ca:	6018      	str	r0, [r3, #0]
	m_nMinMicros = 0;
    26cc:	6099      	str	r1, [r3, #8]

#ifndef FASTLED_STUB_IMPL
/// Called at program exit when run in a desktop environment. 
/// Extra C definition that some environments may need. 
/// @returns 0 to indicate success
extern "C" int atexit(void (* /*func*/ )()) { return 0; }
    26ce:	4770      	bx	lr
    26d0:	20001720 	.word	0x20001720

000026d4 <EventResponder::runFromInterrupt()>:
{
	EventResponder::runFromInterrupt();
}

void EventResponder::runFromInterrupt()
{
    26d4:	b570      	push	{r4, r5, r6, lr}
	static EventResponder *lastInterrupt;
	static bool runningFromYield;
private:
	static bool disableInterrupts() {
		uint32_t primask;
		__asm__ volatile("mrs %0, primask\n" : "=r" (primask)::);
    26d6:	f3ef 8210 	mrs	r2, PRIMASK
		__disable_irq();
    26da:	b672      	cpsid	i
	while (1) {
		bool irq = disableInterrupts();
		EventResponder *first = firstInterrupt;
    26dc:	4c0c      	ldr	r4, [pc, #48]	@ (2710 <EventResponder::runFromInterrupt()+0x3c>)
    26de:	6820      	ldr	r0, [r4, #0]
		if (first) {
    26e0:	b180      	cbz	r0, 2704 <EventResponder::runFromInterrupt()+0x30>
			firstInterrupt = first->_next;
			if (firstInterrupt) {
				firstInterrupt->_prev = nullptr;
			} else {
				lastInterrupt = nullptr;
    26e2:	4e0c      	ldr	r6, [pc, #48]	@ (2714 <EventResponder::runFromInterrupt()+0x40>)
				firstInterrupt->_prev = nullptr;
    26e4:	2500      	movs	r5, #0
			firstInterrupt = first->_next;
    26e6:	6943      	ldr	r3, [r0, #20]
    26e8:	6023      	str	r3, [r4, #0]
			if (firstInterrupt) {
    26ea:	b173      	cbz	r3, 270a <EventResponder::runFromInterrupt()+0x36>
				firstInterrupt->_prev = nullptr;
    26ec:	619d      	str	r5, [r3, #24]
		return (primask == 0) ? true : false;
	}
	static void enableInterrupts(bool doit) {
		if (doit) __enable_irq();
    26ee:	b902      	cbnz	r2, 26f2 <EventResponder::runFromInterrupt()+0x1e>
    26f0:	b662      	cpsie	i
			}
			enableInterrupts(irq);
			first->_triggered = false;
			(*(first->_function))(*first);
    26f2:	6883      	ldr	r3, [r0, #8]
			first->_triggered = false;
    26f4:	7745      	strb	r5, [r0, #29]
			(*(first->_function))(*first);
    26f6:	4798      	blx	r3
		__asm__ volatile("mrs %0, primask\n" : "=r" (primask)::);
    26f8:	f3ef 8210 	mrs	r2, PRIMASK
		__disable_irq();
    26fc:	b672      	cpsid	i
		EventResponder *first = firstInterrupt;
    26fe:	6820      	ldr	r0, [r4, #0]
		if (first) {
    2700:	2800      	cmp	r0, #0
    2702:	d1f0      	bne.n	26e6 <EventResponder::runFromInterrupt()+0x12>
		if (doit) __enable_irq();
    2704:	b902      	cbnz	r2, 2708 <EventResponder::runFromInterrupt()+0x34>
    2706:	b662      	cpsie	i
		} else {
			enableInterrupts(irq);
			break;
		}
	}
}
    2708:	bd70      	pop	{r4, r5, r6, pc}
				lastInterrupt = nullptr;
    270a:	6033      	str	r3, [r6, #0]
    270c:	e7ef      	b.n	26ee <EventResponder::runFromInterrupt()+0x1a>
    270e:	bf00      	nop
    2710:	20002330 	.word	0x20002330
    2714:	2000232c 	.word	0x2000232c

00002718 <pendablesrvreq_isr>:
	EventResponder::runFromInterrupt();
    2718:	f7ff bfdc 	b.w	26d4 <EventResponder::runFromInterrupt()>

0000271c <systick_isr>:
extern "C" volatile uint32_t systick_millis_count;
extern "C" volatile uint32_t systick_cycle_count;
extern "C" uint32_t systick_safe_read; // micros() synchronization
extern "C" void systick_isr(void)
{
	systick_cycle_count = ARM_DWT_CYCCNT;
    271c:	4904      	ldr	r1, [pc, #16]	@ (2730 <systick_isr+0x14>)
	systick_millis_count++;
    271e:	4a05      	ldr	r2, [pc, #20]	@ (2734 <systick_isr+0x18>)
	systick_cycle_count = ARM_DWT_CYCCNT;
    2720:	6849      	ldr	r1, [r1, #4]
    2722:	4b05      	ldr	r3, [pc, #20]	@ (2738 <systick_isr+0x1c>)
    2724:	6019      	str	r1, [r3, #0]
	systick_millis_count++;
    2726:	6813      	ldr	r3, [r2, #0]
    2728:	3301      	adds	r3, #1
    272a:	6013      	str	r3, [r2, #0]
}
    272c:	4770      	bx	lr
    272e:	bf00      	nop
    2730:	e0001000 	.word	0xe0001000
    2734:	20002660 	.word	0x20002660
    2738:	2000265c 	.word	0x2000265c

0000273c <Print::printNumber(unsigned long, unsigned char, unsigned char) [clone .part.0]>:
	// almost always a constant.  base = 0 (BYTE) should
	// inline as a call directly to write()
	if (base == 0) {
		return write((uint8_t)n);
	} else if (base == 1) {
		base = 10;
    273c:	2a01      	cmp	r2, #1
size_t Print::printNumber(unsigned long n, uint8_t base, uint8_t sign)
    273e:	b570      	push	{r4, r5, r6, lr}
		base = 10;
    2740:	bf08      	it	eq
    2742:	220a      	moveq	r2, #10
size_t Print::printNumber(unsigned long n, uint8_t base, uint8_t sign)
    2744:	b08a      	sub	sp, #40	@ 0x28
    2746:	4605      	mov	r5, r0
    2748:	461e      	mov	r6, r3
	}


	if (n == 0) {
    274a:	b359      	cbz	r1, 27a4 <Print::printNumber(unsigned long, unsigned char, unsigned char) [clone .part.0]+0x68>
		buf[sizeof(buf) - 1] = '0';
		i = sizeof(buf) - 1;
	} else {
		i = sizeof(buf) - 1;
    274c:	f04f 0c21 	mov.w	ip, #33	@ 0x21
    2750:	e001      	b.n	2756 <Print::printNumber(unsigned long, unsigned char, unsigned char) [clone .part.0]+0x1a>
		while (1) {
			digit = n % base;
			buf[i] = ((digit < 10) ? '0' + digit : 'A' + digit - 10);
			n /= base;
			if (n == 0) break;
			i--;
    2752:	fa5f fc84 	uxtb.w	ip, r4
    2756:	f10c 34ff 	add.w	r4, ip, #4294967295
			digit = n % base;
    275a:	fbb1 f3f2 	udiv	r3, r1, r2
    275e:	fb02 1e13 	mls	lr, r2, r3, r1
			buf[i] = ((digit < 10) ? '0' + digit : 'A' + digit - 10);
    2762:	f1be 0f09 	cmp.w	lr, #9
    2766:	f10e 0037 	add.w	r0, lr, #55	@ 0x37
    276a:	bf98      	it	ls
    276c:	f10e 0030 	addls.w	r0, lr, #48	@ 0x30
    2770:	eb0d 0e0c 	add.w	lr, sp, ip
			if (n == 0) break;
    2774:	4291      	cmp	r1, r2
			n /= base;
    2776:	4619      	mov	r1, r3
			buf[i] = ((digit < 10) ? '0' + digit : 'A' + digit - 10);
    2778:	f88e 0004 	strb.w	r0, [lr, #4]
			if (n == 0) break;
    277c:	d2e9      	bcs.n	2752 <Print::printNumber(unsigned long, unsigned char, unsigned char) [clone .part.0]+0x16>
		}
	}
	if (sign) {
    277e:	b13e      	cbz	r6, 2790 <Print::printNumber(unsigned long, unsigned char, unsigned char) [clone .part.0]+0x54>
		i--;
    2780:	f10c 3cff 	add.w	ip, ip, #4294967295
		buf[i] = '-';
    2784:	222d      	movs	r2, #45	@ 0x2d
		i--;
    2786:	fa5f fc8c 	uxtb.w	ip, ip
		buf[i] = '-';
    278a:	eb0d 030c 	add.w	r3, sp, ip
    278e:	711a      	strb	r2, [r3, #4]
	}
	return write(buf + i, sizeof(buf) - i);
    2790:	682b      	ldr	r3, [r5, #0]
    2792:	a901      	add	r1, sp, #4
    2794:	f1cc 0222 	rsb	r2, ip, #34	@ 0x22
    2798:	4628      	mov	r0, r5
    279a:	685b      	ldr	r3, [r3, #4]
    279c:	4461      	add	r1, ip
    279e:	4798      	blx	r3
}
    27a0:	b00a      	add	sp, #40	@ 0x28
    27a2:	bd70      	pop	{r4, r5, r6, pc}
		buf[sizeof(buf) - 1] = '0';
    27a4:	2330      	movs	r3, #48	@ 0x30
		i = sizeof(buf) - 1;
    27a6:	f04f 0c21 	mov.w	ip, #33	@ 0x21
		buf[sizeof(buf) - 1] = '0';
    27aa:	f88d 3025 	strb.w	r3, [sp, #37]	@ 0x25
		i = sizeof(buf) - 1;
    27ae:	e7e6      	b.n	277e <Print::printNumber(unsigned long, unsigned char, unsigned char) [clone .part.0]+0x42>

000027b0 <Print::print(long)>:
	if (n < 0) {
    27b0:	2900      	cmp	r1, #0
    27b2:	db03      	blt.n	27bc <Print::print(long)+0xc>
	uint8_t sign=0;
    27b4:	2300      	movs	r3, #0
	if (base == 0) {
    27b6:	220a      	movs	r2, #10
    27b8:	f7ff bfc0 	b.w	273c <Print::printNumber(unsigned long, unsigned char, unsigned char) [clone .part.0]>
		n = -n;
    27bc:	4249      	negs	r1, r1
		sign = '-';
    27be:	232d      	movs	r3, #45	@ 0x2d
	if (base == 0) {
    27c0:	220a      	movs	r2, #10
    27c2:	f7ff bfbb 	b.w	273c <Print::printNumber(unsigned long, unsigned char, unsigned char) [clone .part.0]>
    27c6:	bf00      	nop

000027c8 <Print::printNumber(unsigned long, unsigned char, unsigned char)>:
    27c8:	b91a      	cbnz	r2, 27d2 <Print::printNumber(unsigned long, unsigned char, unsigned char)+0xa>
		return write((uint8_t)n);
    27ca:	6803      	ldr	r3, [r0, #0]
    27cc:	b2c9      	uxtb	r1, r1
    27ce:	681b      	ldr	r3, [r3, #0]
    27d0:	4718      	bx	r3
    27d2:	f7ff bfb3 	b.w	273c <Print::printNumber(unsigned long, unsigned char, unsigned char) [clone .part.0]>
    27d6:	bf00      	nop

000027d8 <usb_serial_class::read()>:
        virtual int read() { return usb_serial_getchar(); }
    27d8:	f001 bfac 	b.w	4734 <usb_serial_getchar>

000027dc <usb_serial_class::peek()>:
        virtual int peek() { return usb_serial_peekchar(); }
    27dc:	f001 bf42 	b.w	4664 <usb_serial_peekchar>

000027e0 <Stream::readBytesUntil(char, char*, unsigned int)>:
// as readBytes with terminator character
// terminates if length characters have been read, timeout, or if the terminator character  detected
// returns the number of characters placed in the buffer (0 means no valid data found)

size_t Stream::readBytesUntil(char terminator, char *buffer, size_t length)
{
    27e0:	e92d 4ff8 	stmdb	sp!, {r3, r4, r5, r6, r7, r8, r9, sl, fp, lr}
	if (buffer == nullptr) return 0;
	if (length < 1) return 0;
    27e4:	b3c3      	cbz	r3, 2858 <Stream::readBytesUntil(char, char*, unsigned int)+0x78>
    27e6:	4617      	mov	r7, r2
    27e8:	b3b2      	cbz	r2, 2858 <Stream::readBytesUntil(char, char*, unsigned int)+0x78>
	length--;
	size_t index = 0;
	while (index < length) {
    27ea:	f1b3 0801 	subs.w	r8, r3, #1
    27ee:	d031      	beq.n	2854 <Stream::readBytesUntil(char, char*, unsigned int)+0x74>
    27f0:	eb02 0908 	add.w	r9, r2, r8
	size_t index = 0;
    27f4:	fab2 f882 	clz	r8, r2
    27f8:	468a      	mov	sl, r1
    27fa:	4683      	mov	fp, r0
    27fc:	ea4f 1858 	mov.w	r8, r8, lsr #5
    2800:	4c18      	ldr	r4, [pc, #96]	@ (2864 <Stream::readBytesUntil(char, char*, unsigned int)+0x84>)
    2802:	4e19      	ldr	r6, [pc, #100]	@ (2868 <Stream::readBytesUntil(char, char*, unsigned int)+0x88>)
    2804:	6825      	ldr	r5, [r4, #0]
    2806:	e00b      	b.n	2820 <Stream::readBytesUntil(char, char*, unsigned int)+0x40>
        virtual int read() { return usb_serial_getchar(); }
    2808:	f001 ff94 	bl	4734 <usb_serial_getchar>
    if (c >= 0) return c;
    280c:	2800      	cmp	r0, #0
    280e:	da10      	bge.n	2832 <Stream::readBytesUntil(char, char*, unsigned int)+0x52>
    yield();
    2810:	f002 f830 	bl	4874 <yield>
    2814:	6823      	ldr	r3, [r4, #0]
  } while(millis() - startMillis < _timeout);
    2816:	f8db 2008 	ldr.w	r2, [fp, #8]
    281a:	1b5b      	subs	r3, r3, r5
    281c:	4293      	cmp	r3, r2
    281e:	d216      	bcs.n	284e <Stream::readBytesUntil(char, char*, unsigned int)+0x6e>
    c = read();
    2820:	f8db 3000 	ldr.w	r3, [fp]
    2824:	695b      	ldr	r3, [r3, #20]
    2826:	42b3      	cmp	r3, r6
    2828:	d0ee      	beq.n	2808 <Stream::readBytesUntil(char, char*, unsigned int)+0x28>
    282a:	4658      	mov	r0, fp
    282c:	4798      	blx	r3
    if (c >= 0) return c;
    282e:	2800      	cmp	r0, #0
    2830:	dbee      	blt.n	2810 <Stream::readBytesUntil(char, char*, unsigned int)+0x30>
		int c = timedRead();
		if (c == terminator) break;
    2832:	4582      	cmp	sl, r0
    2834:	d00e      	beq.n	2854 <Stream::readBytesUntil(char, char*, unsigned int)+0x74>
		if (c < 0) {
			setReadError();
			break;
		}
		*buffer++ = (char)c;
    2836:	f807 0b01 	strb.w	r0, [r7], #1
	while (index < length) {
    283a:	454f      	cmp	r7, r9
		index++;
    283c:	f108 0801 	add.w	r8, r8, #1
	while (index < length) {
    2840:	d1e0      	bne.n	2804 <Stream::readBytesUntil(char, char*, unsigned int)+0x24>
	}
	*buffer = 0;
    2842:	2300      	movs	r3, #0
	return index; // return number of characters, not including null terminator
}
    2844:	4640      	mov	r0, r8
	*buffer = 0;
    2846:	f889 3000 	strb.w	r3, [r9]
}
    284a:	e8bd 8ff8 	ldmia.w	sp!, {r3, r4, r5, r6, r7, r8, r9, sl, fp, pc}
	String readString(size_t max = 0 /* 0 means unlimited length */);
	String readStringUntil(char terminator, size_t max = 0 /* 0 means unlimited length */);
	int getReadError() { return read_error; }
	void clearReadError() { setReadError(0); }
  protected:
	void setReadError(int err = 1) { read_error = err; }
    284e:	2301      	movs	r3, #1
    2850:	f88b 300c 	strb.w	r3, [fp, #12]
	while (index < length) {
    2854:	46b9      	mov	r9, r7
    2856:	e7f4      	b.n	2842 <Stream::readBytesUntil(char, char*, unsigned int)+0x62>
	if (buffer == nullptr) return 0;
    2858:	f04f 0800 	mov.w	r8, #0
}
    285c:	4640      	mov	r0, r8
    285e:	e8bd 8ff8 	ldmia.w	sp!, {r3, r4, r5, r6, r7, r8, r9, sl, fp, pc}
    2862:	bf00      	nop
    2864:	20002660 	.word	0x20002660
    2868:	000027d9 	.word	0x000027d9

0000286c <analogRead>:
	if (pin > sizeof(pin_to_channel)) return 0;
    286c:	281c      	cmp	r0, #28
    286e:	d84a      	bhi.n	2906 <analogRead+0x9a>
	if (calibrating) wait_for_cal();
    2870:	4b26      	ldr	r3, [pc, #152]	@ (290c <analogRead+0xa0>)
{
    2872:	b570      	push	{r4, r5, r6, lr}
	if (calibrating) wait_for_cal();
    2874:	781b      	ldrb	r3, [r3, #0]
    2876:	4606      	mov	r6, r0
    2878:	b9e3      	cbnz	r3, 28b4 <analogRead+0x48>
	uint8_t ch = pin_to_channel[pin];
    287a:	4b25      	ldr	r3, [pc, #148]	@ (2910 <analogRead+0xa4>)
    287c:	5d9b      	ldrb	r3, [r3, r6]
	if (ch == 255) return 0;
    287e:	2bff      	cmp	r3, #255	@ 0xff
    2880:	d02a      	beq.n	28d8 <analogRead+0x6c>
	volatile uint32_t *pad = portControlRegister(pin);
    2882:	4a24      	ldr	r2, [pc, #144]	@ (2914 <analogRead+0xa8>)
    2884:	eb02 1206 	add.w	r2, r2, r6, lsl #4
    2888:	6891      	ldr	r1, [r2, #8]
	uint32_t padval = *pad;
    288a:	680a      	ldr	r2, [r1, #0]
	if ((padval & (IOMUXC_PAD_PUE | IOMUXC_PAD_PKE)) == IOMUXC_PAD_PKE) {
    288c:	f402 5040 	and.w	r0, r2, #12288	@ 0x3000
    2890:	f5b0 5f80 	cmp.w	r0, #4096	@ 0x1000
    2894:	d031      	beq.n	28fa <analogRead+0x8e>
	if(!(ch & 0x80)) {
    2896:	061c      	lsls	r4, r3, #24
    2898:	d420      	bmi.n	28dc <analogRead+0x70>
		ADC1_HC0 = ch;
    289a:	4c1f      	ldr	r4, [pc, #124]	@ (2918 <analogRead+0xac>)
    289c:	6023      	str	r3, [r4, #0]
		while (!(ADC1_HS & ADC_HS_COCO0)) {
    289e:	6a23      	ldr	r3, [r4, #32]
    28a0:	07d8      	lsls	r0, r3, #31
    28a2:	d404      	bmi.n	28ae <analogRead+0x42>
			yield(); // TODO: what happens if yield-called code uses analogRead()
    28a4:	f001 ffe6 	bl	4874 <yield>
		while (!(ADC1_HS & ADC_HS_COCO0)) {
    28a8:	6a23      	ldr	r3, [r4, #32]
    28aa:	07d9      	lsls	r1, r3, #31
    28ac:	d5fa      	bpl.n	28a4 <analogRead+0x38>
		return ADC1_R0;
    28ae:	4b1a      	ldr	r3, [pc, #104]	@ (2918 <analogRead+0xac>)
    28b0:	6a58      	ldr	r0, [r3, #36]	@ 0x24
}
    28b2:	bd70      	pop	{r4, r5, r6, pc}
	while ((ADC1_GC & ADC_GC_CAL) || (ADC2_GC & ADC_GC_CAL)) {
    28b4:	4c18      	ldr	r4, [pc, #96]	@ (2918 <analogRead+0xac>)
    28b6:	4d19      	ldr	r5, [pc, #100]	@ (291c <analogRead+0xb0>)
    28b8:	e001      	b.n	28be <analogRead+0x52>
		yield();
    28ba:	f001 ffdb 	bl	4874 <yield>
	while ((ADC1_GC & ADC_GC_CAL) || (ADC2_GC & ADC_GC_CAL)) {
    28be:	6ca3      	ldr	r3, [r4, #72]	@ 0x48
    28c0:	061b      	lsls	r3, r3, #24
    28c2:	d4fa      	bmi.n	28ba <analogRead+0x4e>
    28c4:	6cab      	ldr	r3, [r5, #72]	@ 0x48
    28c6:	f013 0380 	ands.w	r3, r3, #128	@ 0x80
    28ca:	d1f6      	bne.n	28ba <analogRead+0x4e>
	calibrating = 0;
    28cc:	4a0f      	ldr	r2, [pc, #60]	@ (290c <analogRead+0xa0>)
    28ce:	7013      	strb	r3, [r2, #0]
	uint8_t ch = pin_to_channel[pin];
    28d0:	4b0f      	ldr	r3, [pc, #60]	@ (2910 <analogRead+0xa4>)
    28d2:	5d9b      	ldrb	r3, [r3, r6]
	if (ch == 255) return 0;
    28d4:	2bff      	cmp	r3, #255	@ 0xff
    28d6:	d1d4      	bne.n	2882 <analogRead+0x16>
	if (pin > sizeof(pin_to_channel)) return 0;
    28d8:	2000      	movs	r0, #0
}
    28da:	bd70      	pop	{r4, r5, r6, pc}
		ADC2_HC0 = ch & 0x7f;
    28dc:	4c0f      	ldr	r4, [pc, #60]	@ (291c <analogRead+0xb0>)
    28de:	f003 037f 	and.w	r3, r3, #127	@ 0x7f
    28e2:	6023      	str	r3, [r4, #0]
		while (!(ADC2_HS & ADC_HS_COCO0)) {
    28e4:	6a23      	ldr	r3, [r4, #32]
    28e6:	07da      	lsls	r2, r3, #31
    28e8:	d404      	bmi.n	28f4 <analogRead+0x88>
			yield(); // TODO: what happens if yield-called code uses analogRead()
    28ea:	f001 ffc3 	bl	4874 <yield>
		while (!(ADC2_HS & ADC_HS_COCO0)) {
    28ee:	6a23      	ldr	r3, [r4, #32]
    28f0:	07db      	lsls	r3, r3, #31
    28f2:	d5fa      	bpl.n	28ea <analogRead+0x7e>
		return ADC2_R0;
    28f4:	4b09      	ldr	r3, [pc, #36]	@ (291c <analogRead+0xb0>)
    28f6:	6a58      	ldr	r0, [r3, #36]	@ 0x24
}
    28f8:	bd70      	pop	{r4, r5, r6, pc}
		*pad = padval & ~IOMUXC_PAD_PKE;
    28fa:	f422 5280 	bic.w	r2, r2, #4096	@ 0x1000
	if(!(ch & 0x80)) {
    28fe:	061c      	lsls	r4, r3, #24
		*pad = padval & ~IOMUXC_PAD_PKE;
    2900:	600a      	str	r2, [r1, #0]
	if(!(ch & 0x80)) {
    2902:	d4eb      	bmi.n	28dc <analogRead+0x70>
    2904:	e7c9      	b.n	289a <analogRead+0x2e>
	if (pin > sizeof(pin_to_channel)) return 0;
    2906:	2000      	movs	r0, #0
}
    2908:	4770      	bx	lr
    290a:	bf00      	nop
    290c:	20002694 	.word	0x20002694
    2910:	20000990 	.word	0x20000990
    2914:	20000710 	.word	0x20000710
    2918:	400c4000 	.word	0x400c4000
    291c:	400c8000 	.word	0x400c8000

00002920 <set_arm_clock>:
	uint32_t dcdc = DCDC_REG3;

	// compute required voltage, apparently not as simple as NXP datasheet says
	// https://forum.pjrc.com/index.php?threads/77839
	uint32_t voltage; // millivolts
	if (frequency <= 240000000) {
    2920:	4aa9      	ldr	r2, [pc, #676]	@ (2bc8 <set_arm_clock+0x2a8>)
	uint32_t cbcdr = CCM_CBCDR; // pg 1021
    2922:	4baa      	ldr	r3, [pc, #680]	@ (2bcc <set_arm_clock+0x2ac>)
	if (frequency <= 240000000) {
    2924:	4290      	cmp	r0, r2
{
    2926:	e92d 47f0 	stmdb	sp!, {r4, r5, r6, r7, r8, r9, sl, lr}
	uint32_t dcdc = DCDC_REG3;
    292a:	4ca9      	ldr	r4, [pc, #676]	@ (2bd0 <set_arm_clock+0x2b0>)
	uint32_t cbcdr = CCM_CBCDR; // pg 1021
    292c:	f8d3 e014 	ldr.w	lr, [r3, #20]
	uint32_t cbcmr = CCM_CBCMR; // pg 1023
    2930:	6999      	ldr	r1, [r3, #24]
	uint32_t dcdc = DCDC_REG3;
    2932:	f8d4 c00c 	ldr.w	ip, [r4, #12]
	if (frequency <= 240000000) {
    2936:	f200 8108 	bhi.w	2b4a <set_arm_clock+0x22a>
		voltage = 950 + (frequency / 32000000) * 25;
    293a:	f103 7343 	add.w	r3, r3, #51118080	@ 0x30c0000
    293e:	f503 53f4 	add.w	r3, r3, #7808	@ 0x1e80
    2942:	3303      	adds	r3, #3
    2944:	fba3 2300 	umull	r2, r3, r3, r0
    2948:	0ddb      	lsrs	r3, r3, #23
    294a:	eb03 0383 	add.w	r3, r3, r3, lsl #2
    294e:	eb03 0283 	add.w	r2, r3, r3, lsl #2
    2952:	f202 32b6 	addw	r2, r2, #950	@ 0x3b6
#ifdef BOOST_FOR_WIDE_TEMPERATURE_CHIPS
	if (((HW_OCOTP_CFG3 >> 16) & 3) == 1) {
		voltage += BOOST_FOR_WIDE_TEMPERATURE_CHIPS;
	}
#endif
	if (voltage > OVERCLOCK_MAX_VOLT) voltage = OVERCLOCK_MAX_VOLT;
    2956:	f240 6327 	movw	r3, #1575	@ 0x627
    295a:	429a      	cmp	r2, r3
    295c:	bf28      	it	cs
    295e:	461a      	movcs	r2, r3

	// if voltage needs to increase, do it before switch clock speed
	CCM_CCGR6 |= CCM_CCGR6_DCDC(CCM_CCGR_ON);
	if ((dcdc & DCDC_REG3_TRG_MASK) < DCDC_REG3_TRG((voltage - 800) / 25)) {
    2960:	4b9c      	ldr	r3, [pc, #624]	@ (2bd4 <set_arm_clock+0x2b4>)
    2962:	fba3 3202 	umull	r3, r2, r3, r2
    2966:	08d2      	lsrs	r2, r2, #3
    2968:	3a20      	subs	r2, #32
	CCM_CCGR6 |= CCM_CCGR6_DCDC(CCM_CCGR_ON);
    296a:	4d98      	ldr	r5, [pc, #608]	@ (2bcc <set_arm_clock+0x2ac>)
	if ((dcdc & DCDC_REG3_TRG_MASK) < DCDC_REG3_TRG((voltage - 800) / 25)) {
    296c:	f00c 041f 	and.w	r4, ip, #31
	CCM_CCGR6 |= CCM_CCGR6_DCDC(CCM_CCGR_ON);
    2970:	f8d5 3080 	ldr.w	r3, [r5, #128]	@ 0x80
	if ((dcdc & DCDC_REG3_TRG_MASK) < DCDC_REG3_TRG((voltage - 800) / 25)) {
    2974:	4294      	cmp	r4, r2
	CCM_CCGR6 |= CCM_CCGR6_DCDC(CCM_CCGR_ON);
    2976:	f043 03c0 	orr.w	r3, r3, #192	@ 0xc0
    297a:	f8c5 3080 	str.w	r3, [r5, #128]	@ 0x80
	if ((dcdc & DCDC_REG3_TRG_MASK) < DCDC_REG3_TRG((voltage - 800) / 25)) {
    297e:	d20b      	bcs.n	2998 <set_arm_clock+0x78>
		printf("Increasing voltage to %u mV\n", voltage);
		dcdc &= ~DCDC_REG3_TRG_MASK;
    2980:	f02c 0c1f 	bic.w	ip, ip, #31
		dcdc |= DCDC_REG3_TRG((voltage - 800) / 25);
		DCDC_REG3 = dcdc;
    2984:	4c92      	ldr	r4, [pc, #584]	@ (2bd0 <set_arm_clock+0x2b0>)
		dcdc |= DCDC_REG3_TRG((voltage - 800) / 25);
    2986:	ea4c 0c02 	orr.w	ip, ip, r2
		DCDC_REG3 = dcdc;
    298a:	f8c4 c00c 	str.w	ip, [r4, #12]
		while (!(DCDC_REG0 & DCDC_REG0_STS_DC_OK)) ; // wait voltage settling
    298e:	6823      	ldr	r3, [r4, #0]
    2990:	2b00      	cmp	r3, #0
    2992:	dafc      	bge.n	298e <set_arm_clock+0x6e>
	scale_cpu_cycles_to_microseconds = 0xFFFFFFFFu / (uint32_t)(frequency / 1000000u);

	printf("New Frequency: ARM=%u, IPG=%u\n", frequency, frequency / div_ipg);

	// if voltage needs to decrease, do it after switch clock speed
	if ((dcdc & DCDC_REG3_TRG_MASK) > DCDC_REG3_TRG((voltage - 800) / 25)) {
    2994:	f00c 041f 	and.w	r4, ip, #31
	if (!(cbcdr & CCM_CBCDR_PERIPH_CLK_SEL)) {
    2998:	f01e 7300 	ands.w	r3, lr, #33554432	@ 0x2000000
    299c:	d127      	bne.n	29ee <set_arm_clock+0xce>
		if ((CCM_ANALOG_PLL_USB1 & need1s) == need1s) {
    299e:	4d8e      	ldr	r5, [pc, #568]	@ (2bd8 <set_arm_clock+0x2b8>)
    29a0:	692e      	ldr	r6, [r5, #16]
    29a2:	4d8e      	ldr	r5, [pc, #568]	@ (2bdc <set_arm_clock+0x2bc>)
    29a4:	43b5      	bics	r5, r6
    29a6:	f000 80fa 	beq.w	2b9e <set_arm_clock+0x27e>
		if ((cbcmr & CCM_CBCMR_PERIPH_CLK2_SEL_MASK) != CCM_CBCMR_PERIPH_CLK2_SEL(sel)) {
    29aa:	f481 5580 	eor.w	r5, r1, #4096	@ 0x1000
    29ae:	4676      	mov	r6, lr
    29b0:	f44f 5780 	mov.w	r7, #4096	@ 0x1000
		if ((cbcdr & CCM_CBCDR_PERIPH_CLK2_PODF_MASK) != CCM_CBCDR_PERIPH_CLK2_PODF(div)) {
    29b4:	f016 5f60 	tst.w	r6, #939524096	@ 0x38000000
    29b8:	d006      	beq.n	29c8 <set_arm_clock+0xa8>
			cbcdr &= ~CCM_CBCDR_PERIPH_CLK2_PODF_MASK;
    29ba:	f02e 5e60 	bic.w	lr, lr, #939524096	@ 0x38000000
			cbcdr |= CCM_CBCDR_PERIPH_CLK2_PODF(div);
    29be:	ea4e 0e03 	orr.w	lr, lr, r3
			CCM_CBCDR = cbcdr;
    29c2:	4b82      	ldr	r3, [pc, #520]	@ (2bcc <set_arm_clock+0x2ac>)
    29c4:	f8c3 e014 	str.w	lr, [r3, #20]
		if ((cbcmr & CCM_CBCMR_PERIPH_CLK2_SEL_MASK) != CCM_CBCMR_PERIPH_CLK2_SEL(sel)) {
    29c8:	f415 5f40 	tst.w	r5, #12288	@ 0x3000
    29cc:	d007      	beq.n	29de <set_arm_clock+0xbe>
			cbcmr &= ~CCM_CBCMR_PERIPH_CLK2_SEL_MASK;
    29ce:	f421 5140 	bic.w	r1, r1, #12288	@ 0x3000
			CCM_CBCMR = cbcmr;
    29d2:	4d7e      	ldr	r5, [pc, #504]	@ (2bcc <set_arm_clock+0x2ac>)
			cbcmr |= CCM_CBCMR_PERIPH_CLK2_SEL(sel);
    29d4:	4339      	orrs	r1, r7
			CCM_CBCMR = cbcmr;
    29d6:	61a9      	str	r1, [r5, #24]
			while (CCM_CDHIPR & CCM_CDHIPR_PERIPH2_CLK_SEL_BUSY) ; // wait
    29d8:	6cab      	ldr	r3, [r5, #72]	@ 0x48
    29da:	071b      	lsls	r3, r3, #28
    29dc:	d4fc      	bmi.n	29d8 <set_arm_clock+0xb8>
		cbcdr |= CCM_CBCDR_PERIPH_CLK_SEL;
    29de:	f04e 7e00 	orr.w	lr, lr, #33554432	@ 0x2000000
		CCM_CBCDR = cbcdr;
    29e2:	497a      	ldr	r1, [pc, #488]	@ (2bcc <set_arm_clock+0x2ac>)
    29e4:	f8c1 e014 	str.w	lr, [r1, #20]
		while (CCM_CDHIPR & CCM_CDHIPR_PERIPH_CLK_SEL_BUSY) ; // wait
    29e8:	6c8b      	ldr	r3, [r1, #72]	@ 0x48
    29ea:	069f      	lsls	r7, r3, #26
    29ec:	d4fc      	bmi.n	29e8 <set_arm_clock+0xc8>
	while (frequency * div_arm * div_ahb < 648000000) {
    29ee:	497c      	ldr	r1, [pc, #496]	@ (2be0 <set_arm_clock+0x2c0>)
    29f0:	4288      	cmp	r0, r1
    29f2:	f200 80df 	bhi.w	2bb4 <set_arm_clock+0x294>
	uint32_t div_ahb = 1;
    29f6:	2601      	movs	r6, #1
	uint32_t div_arm = 1;
    29f8:	4635      	mov	r5, r6
    29fa:	e00e      	b.n	2a1a <set_arm_clock+0xfa>
		if (div_arm < 8) {
    29fc:	2d08      	cmp	r5, #8
    29fe:	d10c      	bne.n	2a1a <set_arm_clock+0xfa>
			if (div_ahb < 5) {
    2a00:	2e04      	cmp	r6, #4
    2a02:	f200 8091 	bhi.w	2b28 <set_arm_clock+0x208>
				div_ahb = div_ahb + 1;
    2a06:	3601      	adds	r6, #1
			div_arm = div_arm + 1;
    2a08:	2502      	movs	r5, #2
	while (frequency * div_arm * div_ahb < 648000000) {
    2a0a:	fb06 f300 	mul.w	r3, r6, r0
    2a0e:	428b      	cmp	r3, r1
    2a10:	f200 80c3 	bhi.w	2b9a <set_arm_clock+0x27a>
    2a14:	005b      	lsls	r3, r3, #1
    2a16:	428b      	cmp	r3, r1
    2a18:	d806      	bhi.n	2a28 <set_arm_clock+0x108>
			div_arm = div_arm + 1;
    2a1a:	3501      	adds	r5, #1
	while (frequency * div_arm * div_ahb < 648000000) {
    2a1c:	fb06 f305 	mul.w	r3, r6, r5
    2a20:	fb00 f303 	mul.w	r3, r0, r3
    2a24:	428b      	cmp	r3, r1
    2a26:	d9e9      	bls.n	29fc <set_arm_clock+0xdc>
	if ((cbcdr & CCM_CBCDR_AHB_PODF_MASK) != CCM_CBCDR_AHB_PODF(div_ahb - 1)) {
    2a28:	1e77      	subs	r7, r6, #1
	if ((CCM_CACRR & CCM_CACRR_ARM_PODF_MASK) != (div_arm - 1)) {
    2a2a:	f105 38ff 	add.w	r8, r5, #4294967295
	if ((cbcdr & CCM_CBCDR_AHB_PODF_MASK) != CCM_CBCDR_AHB_PODF(div_ahb - 1)) {
    2a2e:	ea4f 2a87 	mov.w	sl, r7, lsl #10
    2a32:	ea8e 2787 	eor.w	r7, lr, r7, lsl #10
	uint32_t mult = (frequency * div_arm * div_ahb + 6000000) / 12000000;
    2a36:	496b      	ldr	r1, [pc, #428]	@ (2be4 <set_arm_clock+0x2c4>)
    2a38:	1859      	adds	r1, r3, r1
	if (mult > 108) mult = 108;
    2a3a:	4b6b      	ldr	r3, [pc, #428]	@ (2be8 <set_arm_clock+0x2c8>)
    2a3c:	4299      	cmp	r1, r3
    2a3e:	d97c      	bls.n	2b3a <set_arm_clock+0x21a>
    2a40:	f8df 91e4 	ldr.w	r9, [pc, #484]	@ 2c28 <set_arm_clock+0x308>
    2a44:	236c      	movs	r3, #108	@ 0x6c
    2a46:	4869      	ldr	r0, [pc, #420]	@ (2bec <set_arm_clock+0x2cc>)
	if ((CCM_ANALOG_PLL_ARM & arm_pll_mask) != (CCM_ANALOG_PLL_ARM_LOCK
    2a48:	4963      	ldr	r1, [pc, #396]	@ (2bd8 <set_arm_clock+0x2b8>)
	frequency = mult * 12000000 / div_arm / div_ahb;
    2a4a:	fbb0 f0f5 	udiv	r0, r0, r5
	if ((CCM_ANALOG_PLL_ARM & arm_pll_mask) != (CCM_ANALOG_PLL_ARM_LOCK
    2a4e:	4d68      	ldr	r5, [pc, #416]	@ (2bf0 <set_arm_clock+0x2d0>)
	frequency = mult * 12000000 / div_arm / div_ahb;
    2a50:	fbb0 f0f6 	udiv	r0, r0, r6
	if ((CCM_ANALOG_PLL_ARM & arm_pll_mask) != (CCM_ANALOG_PLL_ARM_LOCK
    2a54:	680e      	ldr	r6, [r1, #0]
    2a56:	4035      	ands	r5, r6
    2a58:	454d      	cmp	r5, r9
    2a5a:	d008      	beq.n	2a6e <set_arm_clock+0x14e>
			| CCM_ANALOG_PLL_ARM_DIV_SELECT(mult);
    2a5c:	f443 5300 	orr.w	r3, r3, #8192	@ 0x2000
		CCM_ANALOG_PLL_ARM = CCM_ANALOG_PLL_ARM_POWERDOWN;
    2a60:	f44f 5580 	mov.w	r5, #4096	@ 0x1000
    2a64:	600d      	str	r5, [r1, #0]
		CCM_ANALOG_PLL_ARM = CCM_ANALOG_PLL_ARM_ENABLE
    2a66:	600b      	str	r3, [r1, #0]
		while (!(CCM_ANALOG_PLL_ARM & CCM_ANALOG_PLL_ARM_LOCK)) ; // wait for lock
    2a68:	680b      	ldr	r3, [r1, #0]
    2a6a:	2b00      	cmp	r3, #0
    2a6c:	dafc      	bge.n	2a68 <set_arm_clock+0x148>
	if ((CCM_CACRR & CCM_CACRR_ARM_PODF_MASK) != (div_arm - 1)) {
    2a6e:	4957      	ldr	r1, [pc, #348]	@ (2bcc <set_arm_clock+0x2ac>)
    2a70:	690b      	ldr	r3, [r1, #16]
    2a72:	f003 0307 	and.w	r3, r3, #7
    2a76:	4543      	cmp	r3, r8
    2a78:	d004      	beq.n	2a84 <set_arm_clock+0x164>
		CCM_CACRR = CCM_CACRR_ARM_PODF(div_arm - 1);
    2a7a:	f8c1 8010 	str.w	r8, [r1, #16]
		while (CCM_CDHIPR & CCM_CDHIPR_ARM_PODF_BUSY) ; // wait
    2a7e:	6c8b      	ldr	r3, [r1, #72]	@ 0x48
    2a80:	03de      	lsls	r6, r3, #15
    2a82:	d4fc      	bmi.n	2a7e <set_arm_clock+0x15e>
	if ((cbcdr & CCM_CBCDR_AHB_PODF_MASK) != CCM_CBCDR_AHB_PODF(div_ahb - 1)) {
    2a84:	f417 5fe0 	tst.w	r7, #7168	@ 0x1c00
    2a88:	d00b      	beq.n	2aa2 <set_arm_clock+0x182>
		cbcdr &= ~CCM_CBCDR_AHB_PODF_MASK;
    2a8a:	f42e 5ee0 	bic.w	lr, lr, #7168	@ 0x1c00
		cbcdr |= CCM_CBCDR_AHB_PODF(div_ahb - 1);
    2a8e:	f40a 53e0 	and.w	r3, sl, #7168	@ 0x1c00
		CCM_CBCDR = cbcdr;
    2a92:	494e      	ldr	r1, [pc, #312]	@ (2bcc <set_arm_clock+0x2ac>)
		cbcdr |= CCM_CBCDR_AHB_PODF(div_ahb - 1);
    2a94:	ea43 0e0e 	orr.w	lr, r3, lr
		CCM_CBCDR = cbcdr;
    2a98:	f8c1 e014 	str.w	lr, [r1, #20]
		while (CCM_CDHIPR & CCM_CDHIPR_AHB_PODF_BUSY); // wait
    2a9c:	6c8b      	ldr	r3, [r1, #72]	@ 0x48
    2a9e:	079d      	lsls	r5, r3, #30
    2aa0:	d4fc      	bmi.n	2a9c <set_arm_clock+0x17c>
	uint32_t div_ipg = (frequency + 149999999) / 150000000;
    2aa2:	4d54      	ldr	r5, [pc, #336]	@ (2bf4 <set_arm_clock+0x2d4>)
	if (div_ipg > 4) div_ipg = 4;
    2aa4:	4954      	ldr	r1, [pc, #336]	@ (2bf8 <set_arm_clock+0x2d8>)
	uint32_t div_ipg = (frequency + 149999999) / 150000000;
    2aa6:	1945      	adds	r5, r0, r5
	if (div_ipg > 4) div_ipg = 4;
    2aa8:	428d      	cmp	r5, r1
    2aaa:	d839      	bhi.n	2b20 <set_arm_clock+0x200>
	uint32_t div_ipg = (frequency + 149999999) / 150000000;
    2aac:	4b53      	ldr	r3, [pc, #332]	@ (2bfc <set_arm_clock+0x2dc>)
    2aae:	09ed      	lsrs	r5, r5, #7
    2ab0:	fba3 3505 	umull	r3, r5, r3, r5
    2ab4:	0b2d      	lsrs	r5, r5, #12
	if ((cbcdr & CCM_CBCDR_IPG_PODF_MASK) != (CCM_CBCDR_IPG_PODF(div_ipg - 1))) {
    2ab6:	1e6b      	subs	r3, r5, #1
    2ab8:	021b      	lsls	r3, r3, #8
    2aba:	ea8e 0103 	eor.w	r1, lr, r3
    2abe:	f411 7f40 	tst.w	r1, #768	@ 0x300
    2ac2:	d007      	beq.n	2ad4 <set_arm_clock+0x1b4>
		cbcdr &= ~CCM_CBCDR_IPG_PODF_MASK;
    2ac4:	f42e 7e40 	bic.w	lr, lr, #768	@ 0x300
		cbcdr |= CCM_CBCDR_IPG_PODF(div_ipg - 1);
    2ac8:	f403 7340 	and.w	r3, r3, #768	@ 0x300
		CCM_CBCDR = cbcdr;
    2acc:	493f      	ldr	r1, [pc, #252]	@ (2bcc <set_arm_clock+0x2ac>)
		cbcdr |= CCM_CBCDR_IPG_PODF(div_ipg - 1);
    2ace:	ea43 030e 	orr.w	r3, r3, lr
		CCM_CBCDR = cbcdr;
    2ad2:	614b      	str	r3, [r1, #20]
	CCM_CBCDR &= ~CCM_CBCDR_PERIPH_CLK_SEL;
    2ad4:	493d      	ldr	r1, [pc, #244]	@ (2bcc <set_arm_clock+0x2ac>)
    2ad6:	694b      	ldr	r3, [r1, #20]
    2ad8:	f023 7300 	bic.w	r3, r3, #33554432	@ 0x2000000
    2adc:	614b      	str	r3, [r1, #20]
	while (CCM_CDHIPR & CCM_CDHIPR_PERIPH_CLK_SEL_BUSY) ; // wait
    2ade:	6c8b      	ldr	r3, [r1, #72]	@ 0x48
    2ae0:	069b      	lsls	r3, r3, #26
    2ae2:	d4fc      	bmi.n	2ade <set_arm_clock+0x1be>
	scale_cpu_cycles_to_microseconds = 0xFFFFFFFFu / (uint32_t)(frequency / 1000000u);
    2ae4:	4b46      	ldr	r3, [pc, #280]	@ (2c00 <set_arm_clock+0x2e0>)
	if ((dcdc & DCDC_REG3_TRG_MASK) > DCDC_REG3_TRG((voltage - 800) / 25)) {
    2ae6:	42a2      	cmp	r2, r4
	scale_cpu_cycles_to_microseconds = 0xFFFFFFFFu / (uint32_t)(frequency / 1000000u);
    2ae8:	fba3 1300 	umull	r1, r3, r3, r0
    2aec:	f04f 31ff 	mov.w	r1, #4294967295
    2af0:	ea4f 4393 	mov.w	r3, r3, lsr #18
	F_BUS_ACTUAL = frequency / div_ipg;
    2af4:	fbb0 f5f5 	udiv	r5, r0, r5
	scale_cpu_cycles_to_microseconds = 0xFFFFFFFFu / (uint32_t)(frequency / 1000000u);
    2af8:	fbb1 f3f3 	udiv	r3, r1, r3
	F_CPU_ACTUAL = frequency;
    2afc:	4941      	ldr	r1, [pc, #260]	@ (2c04 <set_arm_clock+0x2e4>)
    2afe:	6008      	str	r0, [r1, #0]
	F_BUS_ACTUAL = frequency / div_ipg;
    2b00:	4941      	ldr	r1, [pc, #260]	@ (2c08 <set_arm_clock+0x2e8>)
    2b02:	600d      	str	r5, [r1, #0]
	scale_cpu_cycles_to_microseconds = 0xFFFFFFFFu / (uint32_t)(frequency / 1000000u);
    2b04:	4941      	ldr	r1, [pc, #260]	@ (2c0c <set_arm_clock+0x2ec>)
    2b06:	600b      	str	r3, [r1, #0]
	if ((dcdc & DCDC_REG3_TRG_MASK) > DCDC_REG3_TRG((voltage - 800) / 25)) {
    2b08:	d208      	bcs.n	2b1c <set_arm_clock+0x1fc>
		printf("Decreasing voltage to %u mV\n", voltage);
		dcdc &= ~DCDC_REG3_TRG_MASK;
    2b0a:	f02c 0c1f 	bic.w	ip, ip, #31
		dcdc |= DCDC_REG3_TRG((voltage - 800) / 25);
		DCDC_REG3 = dcdc;
    2b0e:	4930      	ldr	r1, [pc, #192]	@ (2bd0 <set_arm_clock+0x2b0>)
		dcdc |= DCDC_REG3_TRG((voltage - 800) / 25);
    2b10:	ea4c 0202 	orr.w	r2, ip, r2
		DCDC_REG3 = dcdc;
    2b14:	60ca      	str	r2, [r1, #12]
		while (!(DCDC_REG0 & DCDC_REG0_STS_DC_OK)) ; // wait voltage settling
    2b16:	680b      	ldr	r3, [r1, #0]
    2b18:	2b00      	cmp	r3, #0
    2b1a:	dafc      	bge.n	2b16 <set_arm_clock+0x1f6>
	}

	return frequency;
}
    2b1c:	e8bd 87f0 	ldmia.w	sp!, {r4, r5, r6, r7, r8, r9, sl, pc}
    2b20:	f44f 7340 	mov.w	r3, #768	@ 0x300
	if (div_ipg > 4) div_ipg = 4;
    2b24:	2504      	movs	r5, #4
    2b26:	e7c8      	b.n	2aba <set_arm_clock+0x19a>
	if ((cbcdr & CCM_CBCDR_AHB_PODF_MASK) != CCM_CBCDR_AHB_PODF(div_ahb - 1)) {
    2b28:	1e77      	subs	r7, r6, #1
	uint32_t mult = (frequency * div_arm * div_ahb + 6000000) / 12000000;
    2b2a:	492e      	ldr	r1, [pc, #184]	@ (2be4 <set_arm_clock+0x2c4>)
    2b2c:	f04f 0807 	mov.w	r8, #7
	if ((cbcdr & CCM_CBCDR_AHB_PODF_MASK) != CCM_CBCDR_AHB_PODF(div_ahb - 1)) {
    2b30:	ea4f 2a87 	mov.w	sl, r7, lsl #10
	uint32_t mult = (frequency * div_arm * div_ahb + 6000000) / 12000000;
    2b34:	1859      	adds	r1, r3, r1
	if ((cbcdr & CCM_CBCDR_AHB_PODF_MASK) != CCM_CBCDR_AHB_PODF(div_ahb - 1)) {
    2b36:	ea8e 2787 	eor.w	r7, lr, r7, lsl #10
	if (mult < 54) mult = 54;
    2b3a:	4b29      	ldr	r3, [pc, #164]	@ (2be0 <set_arm_clock+0x2c0>)
    2b3c:	4299      	cmp	r1, r3
    2b3e:	d81c      	bhi.n	2b7a <set_arm_clock+0x25a>
    2b40:	f8df 90e8 	ldr.w	r9, [pc, #232]	@ 2c2c <set_arm_clock+0x30c>
    2b44:	2336      	movs	r3, #54	@ 0x36
    2b46:	4832      	ldr	r0, [pc, #200]	@ (2c10 <set_arm_clock+0x2f0>)
    2b48:	e77e      	b.n	2a48 <set_arm_clock+0x128>
	} else if (frequency < 460000000) {
    2b4a:	4b32      	ldr	r3, [pc, #200]	@ (2c14 <set_arm_clock+0x2f4>)
    2b4c:	4298      	cmp	r0, r3
    2b4e:	d801      	bhi.n	2b54 <set_arm_clock+0x234>
    2b50:	220e      	movs	r2, #14
    2b52:	e70a      	b.n	296a <set_arm_clock+0x4a>
	} else if (frequency <= 528000000) {
    2b54:	4b30      	ldr	r3, [pc, #192]	@ (2c18 <set_arm_clock+0x2f8>)
    2b56:	4298      	cmp	r0, r3
    2b58:	d928      	bls.n	2bac <set_arm_clock+0x28c>
	} else if (frequency <= 600000000) {
    2b5a:	4a30      	ldr	r2, [pc, #192]	@ (2c1c <set_arm_clock+0x2fc>)
    2b5c:	4290      	cmp	r0, r2
    2b5e:	d927      	bls.n	2bb0 <set_arm_clock+0x290>
		voltage = 1250 + ((frequency - 600000000) / OVERCLOCK_STEPSIZE) * 25;
    2b60:	1a82      	subs	r2, r0, r2
    2b62:	4b2f      	ldr	r3, [pc, #188]	@ (2c20 <set_arm_clock+0x300>)
    2b64:	0a12      	lsrs	r2, r2, #8
    2b66:	fba3 3202 	umull	r3, r2, r3, r2
    2b6a:	09d2      	lsrs	r2, r2, #7
    2b6c:	eb02 0282 	add.w	r2, r2, r2, lsl #2
    2b70:	eb02 0282 	add.w	r2, r2, r2, lsl #2
    2b74:	f202 42e2 	addw	r2, r2, #1250	@ 0x4e2
    2b78:	e6ed      	b.n	2956 <set_arm_clock+0x36>
	uint32_t mult = (frequency * div_arm * div_ahb + 6000000) / 12000000;
    2b7a:	f1a3 5382 	sub.w	r3, r3, #272629760	@ 0x10400000
	frequency = mult * 12000000 / div_arm / div_ahb;
    2b7e:	4829      	ldr	r0, [pc, #164]	@ (2c24 <set_arm_clock+0x304>)
	  | CCM_ANALOG_PLL_ARM_ENABLE | CCM_ANALOG_PLL_ARM_DIV_SELECT(mult))) {
    2b80:	f8df 90ac 	ldr.w	r9, [pc, #172]	@ 2c30 <set_arm_clock+0x310>
	uint32_t mult = (frequency * div_arm * div_ahb + 6000000) / 12000000;
    2b84:	f5a3 3389 	sub.w	r3, r3, #70144	@ 0x11200
    2b88:	3b7e      	subs	r3, #126	@ 0x7e
    2b8a:	fba3 3101 	umull	r3, r1, r3, r1
    2b8e:	0d0b      	lsrs	r3, r1, #20
	frequency = mult * 12000000 / div_arm / div_ahb;
    2b90:	fb03 f000 	mul.w	r0, r3, r0
	  | CCM_ANALOG_PLL_ARM_ENABLE | CCM_ANALOG_PLL_ARM_DIV_SELECT(mult))) {
    2b94:	ea43 0909 	orr.w	r9, r3, r9
    2b98:	e756      	b.n	2a48 <set_arm_clock+0x128>
				div_arm = 1;
    2b9a:	2501      	movs	r5, #1
    2b9c:	e744      	b.n	2a28 <set_arm_clock+0x108>
		if ((cbcdr & CCM_CBCDR_PERIPH_CLK2_PODF_MASK) != CCM_CBCDR_PERIPH_CLK2_PODF(div)) {
    2b9e:	461f      	mov	r7, r3
    2ba0:	f08e 56c0 	eor.w	r6, lr, #402653184	@ 0x18000000
    2ba4:	460d      	mov	r5, r1
    2ba6:	f04f 53c0 	mov.w	r3, #402653184	@ 0x18000000
    2baa:	e703      	b.n	29b4 <set_arm_clock+0x94>
    2bac:	220f      	movs	r2, #15
    2bae:	e6dc      	b.n	296a <set_arm_clock+0x4a>
    2bb0:	2212      	movs	r2, #18
    2bb2:	e6da      	b.n	296a <set_arm_clock+0x4a>
	uint32_t div_ahb = 1;
    2bb4:	2601      	movs	r6, #1
	while (frequency * div_arm * div_ahb < 648000000) {
    2bb6:	4603      	mov	r3, r0
    2bb8:	f04f 0a00 	mov.w	sl, #0
    2bbc:	4677      	mov	r7, lr
    2bbe:	f04f 0800 	mov.w	r8, #0
	uint32_t div_arm = 1;
    2bc2:	4635      	mov	r5, r6
    2bc4:	e737      	b.n	2a36 <set_arm_clock+0x116>
    2bc6:	bf00      	nop
    2bc8:	0e4e1c00 	.word	0x0e4e1c00
    2bcc:	400fc000 	.word	0x400fc000
    2bd0:	40080000 	.word	0x40080000
    2bd4:	51eb851f 	.word	0x51eb851f
    2bd8:	400d8000 	.word	0x400d8000
    2bdc:	80003040 	.word	0x80003040
    2be0:	269fb1ff 	.word	0x269fb1ff
    2be4:	005b8d80 	.word	0x005b8d80
    2be8:	4df67eff 	.word	0x4df67eff
    2bec:	4d3f6400 	.word	0x4d3f6400
    2bf0:	8001307f 	.word	0x8001307f
    2bf4:	08f0d17f 	.word	0x08f0d17f
    2bf8:	2cb4177f 	.word	0x2cb4177f
    2bfc:	00e5109f 	.word	0x00e5109f
    2c00:	431bde83 	.word	0x431bde83
    2c04:	20000c7c 	.word	0x20000c7c
    2c08:	20000c78 	.word	0x20000c78
    2c0c:	200025f0 	.word	0x200025f0
    2c10:	269fb200 	.word	0x269fb200
    2c14:	1b6b0aff 	.word	0x1b6b0aff
    2c18:	1f78a400 	.word	0x1f78a400
    2c1c:	23c34600 	.word	0x23c34600
    2c20:	004cb223 	.word	0x004cb223
    2c24:	00b71b00 	.word	0x00b71b00
    2c28:	8000206c 	.word	0x8000206c
    2c2c:	80002036 	.word	0x80002036
    2c30:	80002000 	.word	0x80002000

00002c34 <delay>:
// or delayNanoseconds().
void delay(uint32_t msec)
{
	uint32_t start;

	if (msec == 0) return;
    2c34:	b900      	cbnz	r0, 2c38 <delay+0x4>
    2c36:	4770      	bx	lr
{
    2c38:	e92d 4ff8 	stmdb	sp!, {r3, r4, r5, r6, r7, r8, r9, sl, fp, lr}
 */
__attribute__( ( always_inline ) ) __STATIC_INLINE uint32_t __STREXW(uint32_t value, volatile uint32_t *addr)
{
   uint32_t result;

   __ASM volatile ("strex %0, %2, [%1]" : "=&r" (result) : "r" (addr), "r" (value) );
    2c3c:	2101      	movs	r1, #1
    2c3e:	4681      	mov	r9, r0
    2c40:	4c22      	ldr	r4, [pc, #136]	@ (2ccc <delay+0x98>)
    2c42:	4e23      	ldr	r6, [pc, #140]	@ (2cd0 <delay+0x9c>)
    2c44:	4d23      	ldr	r5, [pc, #140]	@ (2cd4 <delay+0xa0>)
   __ASM volatile ("ldrex %0, [%1]" : "=r" (result) : "r" (addr) );
    2c46:	e854 3f00 	ldrex	r3, [r4]
uint32_t micros(void)
{
	uint32_t smc, scc;
	do {
		__LDREXW(&systick_safe_read);
		smc = systick_millis_count;
    2c4a:	6832      	ldr	r2, [r6, #0]
		scc = systick_cycle_count;
    2c4c:	6828      	ldr	r0, [r5, #0]
   __ASM volatile ("strex %0, %2, [%1]" : "=&r" (result) : "r" (addr), "r" (value) );
    2c4e:	e844 1300 	strex	r3, r1, [r4]
	} while ( __STREXW(1, &systick_safe_read));
    2c52:	2b00      	cmp	r3, #0
    2c54:	d1f7      	bne.n	2c46 <delay+0x12>
	uint32_t cyccnt = ARM_DWT_CYCCNT;
    2c56:	4920      	ldr	r1, [pc, #128]	@ (2cd8 <delay+0xa4>)
    2c58:	684b      	ldr	r3, [r1, #4]
	asm volatile("" : : : "memory");
	uint32_t ccdelta = cyccnt - scc;
	uint32_t frac = ((uint64_t)ccdelta * scale_cpu_cycles_to_microseconds) >> 32;
	if (frac > 1000) frac = 1000;
	uint32_t usec = 1000*smc + frac;
    2c5a:	f44f 7b7a 	mov.w	fp, #1000	@ 0x3e8
	uint32_t frac = ((uint64_t)ccdelta * scale_cpu_cycles_to_microseconds) >> 32;
    2c5e:	f8df a07c 	ldr.w	sl, [pc, #124]	@ 2cdc <delay+0xa8>
	uint32_t ccdelta = cyccnt - scc;
    2c62:	1a1b      	subs	r3, r3, r0
    2c64:	2701      	movs	r7, #1
	uint32_t usec = 1000*smc + frac;
    2c66:	fb0b f802 	mul.w	r8, fp, r2
	uint32_t frac = ((uint64_t)ccdelta * scale_cpu_cycles_to_microseconds) >> 32;
    2c6a:	f8da 2000 	ldr.w	r2, [sl]
    2c6e:	fba2 2303 	umull	r2, r3, r2, r3
	uint32_t usec = 1000*smc + frac;
    2c72:	455b      	cmp	r3, fp
    2c74:	bf94      	ite	ls
    2c76:	4498      	addls	r8, r3
    2c78:	44d8      	addhi	r8, fp
   __ASM volatile ("ldrex %0, [%1]" : "=r" (result) : "r" (addr) );
    2c7a:	e854 3f00 	ldrex	r3, [r4]
		smc = systick_millis_count;
    2c7e:	6832      	ldr	r2, [r6, #0]
		scc = systick_cycle_count;
    2c80:	6828      	ldr	r0, [r5, #0]
   __ASM volatile ("strex %0, %2, [%1]" : "=&r" (result) : "r" (addr), "r" (value) );
    2c82:	e844 7300 	strex	r3, r7, [r4]
	} while ( __STREXW(1, &systick_safe_read));
    2c86:	2b00      	cmp	r3, #0
    2c88:	d1f7      	bne.n	2c7a <delay+0x46>
	uint32_t cyccnt = ARM_DWT_CYCCNT;
    2c8a:	684b      	ldr	r3, [r1, #4]
	uint32_t frac = ((uint64_t)ccdelta * scale_cpu_cycles_to_microseconds) >> 32;
    2c8c:	f8da c000 	ldr.w	ip, [sl]
	uint32_t ccdelta = cyccnt - scc;
    2c90:	1a1b      	subs	r3, r3, r0
	uint32_t usec = 1000*smc + frac;
    2c92:	fb0b f202 	mul.w	r2, fp, r2
	uint32_t frac = ((uint64_t)ccdelta * scale_cpu_cycles_to_microseconds) >> 32;
    2c96:	fbac c303 	umull	ip, r3, ip, r3
	uint32_t usec = 1000*smc + frac;
    2c9a:	f5b3 7f7a 	cmp.w	r3, #1000	@ 0x3e8
    2c9e:	bf94      	ite	ls
    2ca0:	18d2      	addls	r2, r2, r3
    2ca2:	f502 727a 	addhi.w	r2, r2, #1000	@ 0x3e8
		while ((micros() - start) >= 1000) {
    2ca6:	eba2 0208 	sub.w	r2, r2, r8
    2caa:	f5b2 7f7a 	cmp.w	r2, #1000	@ 0x3e8
    2cae:	d308      	bcc.n	2cc2 <delay+0x8e>
			if (--msec == 0) return;
    2cb0:	f1b9 0f01 	cmp.w	r9, #1
			start += 1000;
    2cb4:	f508 787a 	add.w	r8, r8, #1000	@ 0x3e8
			if (--msec == 0) return;
    2cb8:	f109 39ff 	add.w	r9, r9, #4294967295
    2cbc:	d1dd      	bne.n	2c7a <delay+0x46>
}
    2cbe:	e8bd 8ff8 	ldmia.w	sp!, {r3, r4, r5, r6, r7, r8, r9, sl, fp, pc}
		yield();
    2cc2:	f001 fdd7 	bl	4874 <yield>
		while ((micros() - start) >= 1000) {
    2cc6:	4904      	ldr	r1, [pc, #16]	@ (2cd8 <delay+0xa4>)
    2cc8:	e7d7      	b.n	2c7a <delay+0x46>
    2cca:	bf00      	nop
    2ccc:	20002664 	.word	0x20002664
    2cd0:	20002660 	.word	0x20002660
    2cd4:	2000265c 	.word	0x2000265c
    2cd8:	e0001000 	.word	0xe0001000
    2cdc:	200025f0 	.word	0x200025f0

00002ce0 <micros>:
{
    2ce0:	b510      	push	{r4, lr}
    2ce2:	4b0f      	ldr	r3, [pc, #60]	@ (2d20 <micros+0x40>)
    2ce4:	f04f 0c01 	mov.w	ip, #1
    2ce8:	4c0e      	ldr	r4, [pc, #56]	@ (2d24 <micros+0x44>)
    2cea:	f8df e044 	ldr.w	lr, [pc, #68]	@ 2d30 <micros+0x50>
   __ASM volatile ("ldrex %0, [%1]" : "=r" (result) : "r" (addr) );
    2cee:	e853 2f00 	ldrex	r2, [r3]
		smc = systick_millis_count;
    2cf2:	6820      	ldr	r0, [r4, #0]
		scc = systick_cycle_count;
    2cf4:	f8de 1000 	ldr.w	r1, [lr]
   __ASM volatile ("strex %0, %2, [%1]" : "=&r" (result) : "r" (addr), "r" (value) );
    2cf8:	e843 c200 	strex	r2, ip, [r3]
	} while ( __STREXW(1, &systick_safe_read));
    2cfc:	2a00      	cmp	r2, #0
    2cfe:	d1f6      	bne.n	2cee <micros+0xe>
	uint32_t cyccnt = ARM_DWT_CYCCNT;
    2d00:	4b09      	ldr	r3, [pc, #36]	@ (2d28 <micros+0x48>)
    2d02:	685b      	ldr	r3, [r3, #4]
	uint32_t frac = ((uint64_t)ccdelta * scale_cpu_cycles_to_microseconds) >> 32;
    2d04:	4a09      	ldr	r2, [pc, #36]	@ (2d2c <micros+0x4c>)
	uint32_t ccdelta = cyccnt - scc;
    2d06:	1a5b      	subs	r3, r3, r1
	uint32_t usec = 1000*smc + frac;
    2d08:	f44f 717a 	mov.w	r1, #1000	@ 0x3e8
	uint32_t frac = ((uint64_t)ccdelta * scale_cpu_cycles_to_microseconds) >> 32;
    2d0c:	6812      	ldr	r2, [r2, #0]
	uint32_t usec = 1000*smc + frac;
    2d0e:	fb01 f000 	mul.w	r0, r1, r0
	uint32_t frac = ((uint64_t)ccdelta * scale_cpu_cycles_to_microseconds) >> 32;
    2d12:	fba2 2303 	umull	r2, r3, r2, r3
	return usec;
}
    2d16:	428b      	cmp	r3, r1
    2d18:	bf94      	ite	ls
    2d1a:	18c0      	addls	r0, r0, r3
    2d1c:	1840      	addhi	r0, r0, r1
    2d1e:	bd10      	pop	{r4, pc}
    2d20:	20002664 	.word	0x20002664
    2d24:	20002660 	.word	0x20002660
    2d28:	e0001000 	.word	0xe0001000
    2d2c:	200025f0 	.word	0x200025f0
    2d30:	2000265c 	.word	0x2000265c

00002d34 <pinMode>:

void pinMode(uint8_t pin, uint8_t mode)
{
	const struct digital_pin_bitband_and_config_table_struct *p;

	if (pin >= CORE_NUM_DIGITAL) return;
    2d34:	2827      	cmp	r0, #39	@ 0x27
    2d36:	d831      	bhi.n	2d9c <pinMode+0x68>
	p = digital_pin_to_info_PGM + pin;
    2d38:	0102      	lsls	r2, r0, #4
    2d3a:	4b1b      	ldr	r3, [pc, #108]	@ (2da8 <pinMode+0x74>)
	if (mode == OUTPUT || mode == OUTPUT_OPENDRAIN) {
    2d3c:	2901      	cmp	r1, #1
	p = digital_pin_to_info_PGM + pin;
    2d3e:	eb03 1000 	add.w	r0, r3, r0, lsl #4
		*(p->reg + 1) |= p->mask; // TODO: atomic
    2d42:	589b      	ldr	r3, [r3, r2]
{
    2d44:	b500      	push	{lr}
			*(p->pad) = IOMUXC_PAD_DSE(7);
		} else { // OUTPUT_OPENDRAIN
			*(p->pad) = IOMUXC_PAD_DSE(7) | IOMUXC_PAD_ODE;
		}
	} else {
		*(p->reg + 1) &= ~(p->mask); // TODO: atomic
    2d46:	685a      	ldr	r2, [r3, #4]
			*(p->pad) = IOMUXC_PAD_DSE(7);
    2d48:	e9d0 ec02 	ldrd	lr, ip, [r0, #8]
	if (mode == OUTPUT || mode == OUTPUT_OPENDRAIN) {
    2d4c:	d012      	beq.n	2d74 <pinMode+0x40>
    2d4e:	2904      	cmp	r1, #4
    2d50:	d010      	beq.n	2d74 <pinMode+0x40>
		*(p->reg + 1) &= ~(p->mask); // TODO: atomic
    2d52:	ea22 020c 	bic.w	r2, r2, ip
    2d56:	605a      	str	r2, [r3, #4]
		if (mode == INPUT) {
    2d58:	b1c9      	cbz	r1, 2d8e <pinMode+0x5a>
			*(p->pad) = IOMUXC_PAD_DSE(7);
		} else if (mode == INPUT_PULLUP) {
    2d5a:	2902      	cmp	r1, #2
    2d5c:	d01f      	beq.n	2d9e <pinMode+0x6a>
			*(p->pad) = IOMUXC_PAD_DSE(7) | IOMUXC_PAD_PKE | IOMUXC_PAD_PUE | IOMUXC_PAD_PUS(3) | IOMUXC_PAD_HYS;
		} else if (mode == INPUT_PULLDOWN) {
    2d5e:	2903      	cmp	r1, #3
			*(p->pad) = IOMUXC_PAD_DSE(7) | IOMUXC_PAD_PKE | IOMUXC_PAD_PUE | IOMUXC_PAD_PUS(0) | IOMUXC_PAD_HYS;
		} else { // INPUT_DISABLE
			*(p->pad) = IOMUXC_PAD_DSE(7) | IOMUXC_PAD_HYS;
		}
	}
	*(p->mux) = 5 | 0x10;
    2d60:	f04f 0215 	mov.w	r2, #21
			*(p->pad) = IOMUXC_PAD_DSE(7) | IOMUXC_PAD_PKE | IOMUXC_PAD_PUE | IOMUXC_PAD_PUS(0) | IOMUXC_PAD_HYS;
    2d64:	bf0c      	ite	eq
    2d66:	4b11      	ldreq	r3, [pc, #68]	@ (2dac <pinMode+0x78>)
			*(p->pad) = IOMUXC_PAD_DSE(7) | IOMUXC_PAD_HYS;
    2d68:	4b11      	ldrne	r3, [pc, #68]	@ (2db0 <pinMode+0x7c>)
    2d6a:	f8ce 3000 	str.w	r3, [lr]
	*(p->mux) = 5 | 0x10;
    2d6e:	6843      	ldr	r3, [r0, #4]
    2d70:	601a      	str	r2, [r3, #0]
}
    2d72:	bd00      	pop	{pc}
		*(p->reg + 1) |= p->mask; // TODO: atomic
    2d74:	ea42 020c 	orr.w	r2, r2, ip
		if (mode == OUTPUT) {
    2d78:	2901      	cmp	r1, #1
		*(p->reg + 1) |= p->mask; // TODO: atomic
    2d7a:	605a      	str	r2, [r3, #4]
		if (mode == OUTPUT) {
    2d7c:	d007      	beq.n	2d8e <pinMode+0x5a>
			*(p->pad) = IOMUXC_PAD_DSE(7) | IOMUXC_PAD_ODE;
    2d7e:	f640 0338 	movw	r3, #2104	@ 0x838
    2d82:	f8ce 3000 	str.w	r3, [lr]
	*(p->mux) = 5 | 0x10;
    2d86:	6843      	ldr	r3, [r0, #4]
    2d88:	2215      	movs	r2, #21
    2d8a:	601a      	str	r2, [r3, #0]
}
    2d8c:	bd00      	pop	{pc}
			*(p->pad) = IOMUXC_PAD_DSE(7);
    2d8e:	2338      	movs	r3, #56	@ 0x38
	*(p->mux) = 5 | 0x10;
    2d90:	2215      	movs	r2, #21
			*(p->pad) = IOMUXC_PAD_DSE(7);
    2d92:	f8ce 3000 	str.w	r3, [lr]
	*(p->mux) = 5 | 0x10;
    2d96:	6843      	ldr	r3, [r0, #4]
    2d98:	601a      	str	r2, [r3, #0]
}
    2d9a:	bd00      	pop	{pc}
    2d9c:	4770      	bx	lr
			*(p->pad) = IOMUXC_PAD_DSE(7) | IOMUXC_PAD_PKE | IOMUXC_PAD_PUE | IOMUXC_PAD_PUS(3) | IOMUXC_PAD_HYS;
    2d9e:	4b05      	ldr	r3, [pc, #20]	@ (2db4 <pinMode+0x80>)
    2da0:	f8ce 3000 	str.w	r3, [lr]
    2da4:	e7ef      	b.n	2d86 <pinMode+0x52>
    2da6:	bf00      	nop
    2da8:	20000710 	.word	0x20000710
    2dac:	00013038 	.word	0x00013038
    2db0:	00010038 	.word	0x00010038
    2db4:	0001f038 	.word	0x0001f038

00002db8 <flash_wait>:
#define WRITE_SDR       FLEXSPI_LUT_OPCODE_WRITE_SDR
#define PINS1           FLEXSPI_LUT_NUM_PADS_1
#define PINS4           FLEXSPI_LUT_NUM_PADS_4

static void flash_wait()
{
    2db8:	b410      	push	{r4}
	FLEXSPI_LUT60 = LUT0(CMD_SDR, PINS1, 0x05) | LUT1(READ_SDR, PINS1, 1); // 05 = read status
    2dba:	4a13      	ldr	r2, [pc, #76]	@ (2e08 <flash_wait+0x50>)
	FLEXSPI_LUT61 = 0;
    2dbc:	2000      	movs	r0, #0
	FLEXSPI_LUT60 = LUT0(CMD_SDR, PINS1, 0x05) | LUT1(READ_SDR, PINS1, 1); // 05 = read status
    2dbe:	4b13      	ldr	r3, [pc, #76]	@ (2e0c <flash_wait+0x54>)
	uint8_t status;
	do {
		FLEXSPI_IPRXFCR = FLEXSPI_IPRXFCR_CLRIPRXF; // clear rx fifo
    2dc0:	2101      	movs	r1, #1
		FLEXSPI_IPCR0 = 0;
		FLEXSPI_IPCR1 = FLEXSPI_IPCR1_ISEQID(15) | FLEXSPI_IPCR1_IDATSZ(1);
    2dc2:	4c13      	ldr	r4, [pc, #76]	@ (2e10 <flash_wait+0x58>)
		FLEXSPI_IPCMD = FLEXSPI_IPCMD_TRG;
		while (!(FLEXSPI_INTR & FLEXSPI_INTR_IPCMDDONE)) {;}
		FLEXSPI_INTR = FLEXSPI_INTR_IPCMDDONE;
		asm("":::"memory");
		status = *(uint8_t *)&FLEXSPI_RFDR0;
    2dc4:	f8df c04c 	ldr.w	ip, [pc, #76]	@ 2e14 <flash_wait+0x5c>
	FLEXSPI_LUT60 = LUT0(CMD_SDR, PINS1, 0x05) | LUT1(READ_SDR, PINS1, 1); // 05 = read status
    2dc8:	f8c2 32f0 	str.w	r3, [r2, #752]	@ 0x2f0
	FLEXSPI_LUT61 = 0;
    2dcc:	f8c2 02f4 	str.w	r0, [r2, #756]	@ 0x2f4
		FLEXSPI_IPRXFCR = FLEXSPI_IPRXFCR_CLRIPRXF; // clear rx fifo
    2dd0:	f8c2 10b8 	str.w	r1, [r2, #184]	@ 0xb8
		FLEXSPI_IPCR0 = 0;
    2dd4:	f8c2 00a0 	str.w	r0, [r2, #160]	@ 0xa0
		FLEXSPI_IPCR1 = FLEXSPI_IPCR1_ISEQID(15) | FLEXSPI_IPCR1_IDATSZ(1);
    2dd8:	f8c2 40a4 	str.w	r4, [r2, #164]	@ 0xa4
		FLEXSPI_IPCMD = FLEXSPI_IPCMD_TRG;
    2ddc:	f8c2 10b0 	str.w	r1, [r2, #176]	@ 0xb0
		while (!(FLEXSPI_INTR & FLEXSPI_INTR_IPCMDDONE)) {;}
    2de0:	6953      	ldr	r3, [r2, #20]
    2de2:	07db      	lsls	r3, r3, #31
    2de4:	d5fc      	bpl.n	2de0 <flash_wait+0x28>
		FLEXSPI_INTR = FLEXSPI_INTR_IPCMDDONE;
    2de6:	6151      	str	r1, [r2, #20]
	} while (status & 1);
    2de8:	f89c 3000 	ldrb.w	r3, [ip]
    2dec:	07db      	lsls	r3, r3, #31
    2dee:	d4ef      	bmi.n	2dd0 <flash_wait+0x18>
	FLEXSPI_MCR0 |= FLEXSPI_MCR0_SWRESET; // purge stale data from FlexSPI's AHB FIFO
    2df0:	6813      	ldr	r3, [r2, #0]
	while (FLEXSPI_MCR0 & FLEXSPI_MCR0_SWRESET) ; // wait
    2df2:	4905      	ldr	r1, [pc, #20]	@ (2e08 <flash_wait+0x50>)
	FLEXSPI_MCR0 |= FLEXSPI_MCR0_SWRESET; // purge stale data from FlexSPI's AHB FIFO
    2df4:	f043 0301 	orr.w	r3, r3, #1
    2df8:	6013      	str	r3, [r2, #0]
	while (FLEXSPI_MCR0 & FLEXSPI_MCR0_SWRESET) ; // wait
    2dfa:	680b      	ldr	r3, [r1, #0]
    2dfc:	07db      	lsls	r3, r3, #31
    2dfe:	d4fc      	bmi.n	2dfa <flash_wait+0x42>
	__enable_irq();
    2e00:	b662      	cpsie	i
}
    2e02:	bc10      	pop	{r4}
    2e04:	4770      	bx	lr
    2e06:	bf00      	nop
    2e08:	402a8000 	.word	0x402a8000
    2e0c:	24010405 	.word	0x24010405
    2e10:	000f0001 	.word	0x000f0001
    2e14:	402a8100 	.word	0x402a8100

00002e18 <eeprom_initialize>:
{
    2e18:	b510      	push	{r4, lr}
    2e1a:	f8df e040 	ldr.w	lr, [pc, #64]	@ 2e5c <eeprom_initialize+0x44>
			if (*p++ == 0xFFFF) break;
    2e1e:	f64f 7cff 	movw	ip, #65535	@ 0xffff
{
    2e22:	480c      	ldr	r0, [pc, #48]	@ (2e54 <eeprom_initialize+0x3c>)
    2e24:	f10e 041e 	add.w	r4, lr, #30
		const uint16_t *p = (uint16_t *)(FLASH_BASEADDR + sector * 4096);
    2e28:	f5a0 5380 	sub.w	r3, r0, #4096	@ 0x1000
		uint16_t index = 0;
    2e2c:	2200      	movs	r2, #0
    2e2e:	e003      	b.n	2e38 <eeprom_initialize+0x20>
		} while (p < end);
    2e30:	4283      	cmp	r3, r0
			index++;
    2e32:	f102 0201 	add.w	r2, r2, #1
		} while (p < end);
    2e36:	d203      	bcs.n	2e40 <eeprom_initialize+0x28>
			if (*p++ == 0xFFFF) break;
    2e38:	8819      	ldrh	r1, [r3, #0]
    2e3a:	3302      	adds	r3, #2
    2e3c:	4561      	cmp	r1, ip
    2e3e:	d1f7      	bne.n	2e30 <eeprom_initialize+0x18>
		sector_index[sector] = index;
    2e40:	f82e 2f02 	strh.w	r2, [lr, #2]!
	for (sector=0; sector < FLASH_SECTORS; sector++) {
    2e44:	45a6      	cmp	lr, r4
    2e46:	f500 5080 	add.w	r0, r0, #4096	@ 0x1000
    2e4a:	d1ed      	bne.n	2e28 <eeprom_initialize+0x10>
	initialized = 1;
    2e4c:	4b02      	ldr	r3, [pc, #8]	@ (2e58 <eeprom_initialize+0x40>)
    2e4e:	2201      	movs	r2, #1
    2e50:	701a      	strb	r2, [r3, #0]
}
    2e52:	bd10      	pop	{r4, pc}
    2e54:	601f1000 	.word	0x601f1000
    2e58:	20002695 	.word	0x20002695
    2e5c:	200025f2 	.word	0x200025f2

00002e60 <eeprom_read_byte>:
	if (addr > E2END) return 0xFF;
    2e60:	f5b0 6f87 	cmp.w	r0, #1080	@ 0x438
    2e64:	d235      	bcs.n	2ed2 <eeprom_read_byte+0x72>
	if (!initialized) eeprom_initialize();
    2e66:	4b1c      	ldr	r3, [pc, #112]	@ (2ed8 <eeprom_read_byte+0x78>)
{
    2e68:	b510      	push	{r4, lr}
	if (!initialized) eeprom_initialize();
    2e6a:	781b      	ldrb	r3, [r3, #0]
{
    2e6c:	b082      	sub	sp, #8
	if (!initialized) eeprom_initialize();
    2e6e:	b343      	cbz	r3, 2ec2 <eeprom_read_byte+0x62>
	sector = (addr >> 2) % FLASH_SECTORS;
    2e70:	0882      	lsrs	r2, r0, #2
    2e72:	4b1a      	ldr	r3, [pc, #104]	@ (2edc <eeprom_read_byte+0x7c>)
	end = p + sector_index[sector];
    2e74:	f8df c06c 	ldr.w	ip, [pc, #108]	@ 2ee4 <eeprom_read_byte+0x84>
	sector = (addr >> 2) % FLASH_SECTORS;
    2e78:	fba3 1302 	umull	r1, r3, r3, r2
	p = (uint16_t *)(FLASH_BASEADDR + sector * 4096);
    2e7c:	4918      	ldr	r1, [pc, #96]	@ (2ee0 <eeprom_read_byte+0x80>)
	sector = (addr >> 2) % FLASH_SECTORS;
    2e7e:	08db      	lsrs	r3, r3, #3
    2e80:	ebc3 1e03 	rsb	lr, r3, r3, lsl #4
    2e84:	461c      	mov	r4, r3
    2e86:	eba2 030e 	sub.w	r3, r2, lr
	end = p + sector_index[sector];
    2e8a:	f83c c013 	ldrh.w	ip, [ip, r3, lsl #1]
	p = (uint16_t *)(FLASH_BASEADDR + sector * 4096);
    2e8e:	1859      	adds	r1, r3, r1
	end = p + sector_index[sector];
    2e90:	ea4f 0c4c 	mov.w	ip, ip, lsl #1
	p = (uint16_t *)(FLASH_BASEADDR + sector * 4096);
    2e94:	030a      	lsls	r2, r1, #12
	end = p + sector_index[sector];
    2e96:	eb0c 3c01 	add.w	ip, ip, r1, lsl #12
	while (p < end) {
    2e9a:	ebbc 3f01 	cmp.w	ip, r1, lsl #12
    2e9e:	d915      	bls.n	2ecc <eeprom_read_byte+0x6c>
	offset = (addr & 3) | (((addr >> 2) / FLASH_SECTORS) << 2);
    2ea0:	f000 0e03 	and.w	lr, r0, #3
	uint8_t data=0xFF;
    2ea4:	20ff      	movs	r0, #255	@ 0xff
	offset = (addr & 3) | (((addr >> 2) / FLASH_SECTORS) << 2);
    2ea6:	ea4e 0e84 	orr.w	lr, lr, r4, lsl #2
		uint32_t val = *p++;
    2eaa:	4613      	mov	r3, r2
    2eac:	3202      	adds	r2, #2
    2eae:	881b      	ldrh	r3, [r3, #0]
		if ((val & 255) == offset) data = val >> 8;
    2eb0:	b2d9      	uxtb	r1, r3
    2eb2:	0a1b      	lsrs	r3, r3, #8
    2eb4:	458e      	cmp	lr, r1
    2eb6:	bf08      	it	eq
    2eb8:	4618      	moveq	r0, r3
	while (p < end) {
    2eba:	4594      	cmp	ip, r2
    2ebc:	d8f5      	bhi.n	2eaa <eeprom_read_byte+0x4a>
}
    2ebe:	b002      	add	sp, #8
    2ec0:	bd10      	pop	{r4, pc}
    2ec2:	9001      	str	r0, [sp, #4]
	if (!initialized) eeprom_initialize();
    2ec4:	f7ff ffa8 	bl	2e18 <eeprom_initialize>
    2ec8:	9801      	ldr	r0, [sp, #4]
    2eca:	e7d1      	b.n	2e70 <eeprom_read_byte+0x10>
	if (addr > E2END) return 0xFF;
    2ecc:	20ff      	movs	r0, #255	@ 0xff
}
    2ece:	b002      	add	sp, #8
    2ed0:	bd10      	pop	{r4, pc}
	if (addr > E2END) return 0xFF;
    2ed2:	20ff      	movs	r0, #255	@ 0xff
}
    2ed4:	4770      	bx	lr
    2ed6:	bf00      	nop
    2ed8:	20002695 	.word	0x20002695
    2edc:	88888889 	.word	0x88888889
    2ee0:	000601f0 	.word	0x000601f0
    2ee4:	200025f4 	.word	0x200025f4

00002ee8 <eepromemu_flash_write>:

// write bytes into flash memory (which is already erased to 0xFF)
void eepromemu_flash_write(void *addr, const void *data, uint32_t len)
{
    2ee8:	b530      	push	{r4, r5, lr}
    2eea:	b083      	sub	sp, #12
	__disable_irq();
    2eec:	b672      	cpsid	i
	FLEXSPI_LUTKEY = FLEXSPI_LUTKEY_VALUE;
    2eee:	4b33      	ldr	r3, [pc, #204]	@ (2fbc <eepromemu_flash_write+0xd4>)
	FLEXSPI_LUTCR = FLEXSPI_LUTCR_UNLOCK;
	FLEXSPI_IPCR0 = 0;
	FLEXSPI_LUT60 = LUT0(CMD_SDR, PINS1, 0x06); // 06 = write enable
    2ef0:	f240 4506 	movw	r5, #1030	@ 0x406
	FLEXSPI_LUTKEY = FLEXSPI_LUTKEY_VALUE;
    2ef4:	4c32      	ldr	r4, [pc, #200]	@ (2fc0 <eepromemu_flash_write+0xd8>)
    2ef6:	619c      	str	r4, [r3, #24]
	FLEXSPI_LUTCR = FLEXSPI_LUTCR_UNLOCK;
    2ef8:	2402      	movs	r4, #2
    2efa:	61dc      	str	r4, [r3, #28]
	FLEXSPI_IPCR0 = 0;
    2efc:	2400      	movs	r4, #0
    2efe:	f8c3 40a0 	str.w	r4, [r3, #160]	@ 0xa0
	FLEXSPI_LUT60 = LUT0(CMD_SDR, PINS1, 0x06); // 06 = write enable
    2f02:	f8c3 52f0 	str.w	r5, [r3, #752]	@ 0x2f0
// read is certain to access the physical memory.
__attribute__((always_inline, unused))
static inline void arm_dcache_delete(void *addr, uint32_t size)
{
	uint32_t location = (uint32_t)addr & 0xFFFFFFE0;
	uint32_t end_addr = (uint32_t)addr + size;
    2f06:	1885      	adds	r5, r0, r2
	FLEXSPI_LUT61 = 0;
    2f08:	f8c3 42f4 	str.w	r4, [r3, #756]	@ 0x2f4
	FLEXSPI_LUT62 = 0;
    2f0c:	f8c3 42f8 	str.w	r4, [r3, #760]	@ 0x2f8
	FLEXSPI_LUT63 = 0;
    2f10:	f8c3 42fc 	str.w	r4, [r3, #764]	@ 0x2fc
	FLEXSPI_IPCR1 = FLEXSPI_IPCR1_ISEQID(15);
    2f14:	f44f 2470 	mov.w	r4, #983040	@ 0xf0000
    2f18:	f8c3 40a4 	str.w	r4, [r3, #164]	@ 0xa4
	FLEXSPI_IPCMD = FLEXSPI_IPCMD_TRG;
    2f1c:	2401      	movs	r4, #1
    2f1e:	f8c3 40b0 	str.w	r4, [r3, #176]	@ 0xb0
	uint32_t location = (uint32_t)addr & 0xFFFFFFE0;
    2f22:	f020 031f 	bic.w	r3, r0, #31
	asm volatile("": : :"memory");
	asm("dsb");
    2f26:	f3bf 8f4f 	dsb	sy
	do {
		SCB_CACHE_DCIMVAC = location;
    2f2a:	f04f 24e0 	mov.w	r4, #3758153728	@ 0xe000e000
    2f2e:	f8c4 3f5c 	str.w	r3, [r4, #3932]	@ 0xf5c
		location += 32;
    2f32:	3320      	adds	r3, #32
	} while (location < end_addr);
    2f34:	429d      	cmp	r5, r3
    2f36:	d8fa      	bhi.n	2f2e <eepromemu_flash_write+0x46>
	asm("dsb");
    2f38:	f3bf 8f4f 	dsb	sy
	asm("isb");
    2f3c:	f3bf 8f6f 	isb	sy
	arm_dcache_delete(addr, len); // purge old data from ARM's cache
	while (!(FLEXSPI_INTR & FLEXSPI_INTR_IPCMDDONE)) ; // wait
    2f40:	4d1e      	ldr	r5, [pc, #120]	@ (2fbc <eepromemu_flash_write+0xd4>)
    2f42:	696b      	ldr	r3, [r5, #20]
    2f44:	07dc      	lsls	r4, r3, #31
    2f46:	d5fc      	bpl.n	2f42 <eepromemu_flash_write+0x5a>
	FLEXSPI_INTR = FLEXSPI_INTR_IPCMDDONE;
    2f48:	2301      	movs	r3, #1
	FLEXSPI_LUT60 = LUT0(CMD_SDR, PINS1, 0x32) | LUT1(ADDR_SDR, PINS1, 24); // 32 = quad write
    2f4a:	f8df c07c 	ldr.w	ip, [pc, #124]	@ 2fc8 <eepromemu_flash_write+0xe0>
	FLEXSPI_LUT61 = LUT0(WRITE_SDR, PINS4, 1);
	FLEXSPI_IPTXFCR = FLEXSPI_IPTXFCR_CLRIPTXF; // clear tx fifo
	FLEXSPI_IPCR0 = (uint32_t)addr & 0x00FFFFFF;
	FLEXSPI_IPCR1 = FLEXSPI_IPCR1_ISEQID(15) | FLEXSPI_IPCR1_IDATSZ(len);
    2f4e:	b294      	uxth	r4, r2
	FLEXSPI_IPCR0 = (uint32_t)addr & 0x00FFFFFF;
    2f50:	f020 407f 	bic.w	r0, r0, #4278190080	@ 0xff000000
	FLEXSPI_INTR = FLEXSPI_INTR_IPCMDDONE;
    2f54:	616b      	str	r3, [r5, #20]
	FLEXSPI_IPCR1 = FLEXSPI_IPCR1_ISEQID(15) | FLEXSPI_IPCR1_IDATSZ(len);
    2f56:	f444 2470 	orr.w	r4, r4, #983040	@ 0xf0000
	FLEXSPI_LUT60 = LUT0(CMD_SDR, PINS1, 0x32) | LUT1(ADDR_SDR, PINS1, 24); // 32 = quad write
    2f5a:	f8c5 c2f0 	str.w	ip, [r5, #752]	@ 0x2f0
	FLEXSPI_LUT61 = LUT0(WRITE_SDR, PINS4, 1);
    2f5e:	f242 2c01 	movw	ip, #8705	@ 0x2201
    2f62:	f8c5 c2f4 	str.w	ip, [r5, #756]	@ 0x2f4
	FLEXSPI_IPTXFCR = FLEXSPI_IPTXFCR_CLRIPTXF; // clear tx fifo
    2f66:	f8c5 30bc 	str.w	r3, [r5, #188]	@ 0xbc
	FLEXSPI_IPCR0 = (uint32_t)addr & 0x00FFFFFF;
    2f6a:	f8c5 00a0 	str.w	r0, [r5, #160]	@ 0xa0
	FLEXSPI_IPCR1 = FLEXSPI_IPCR1_ISEQID(15) | FLEXSPI_IPCR1_IDATSZ(len);
    2f6e:	f8c5 40a4 	str.w	r4, [r5, #164]	@ 0xa4
	FLEXSPI_IPCMD = FLEXSPI_IPCMD_TRG;
	const uint8_t *src = (const uint8_t *)data;
	uint32_t n;
	while (!((n = FLEXSPI_INTR) & FLEXSPI_INTR_IPCMDDONE)) {
    2f72:	4c12      	ldr	r4, [pc, #72]	@ (2fbc <eepromemu_flash_write+0xd4>)
	FLEXSPI_IPCMD = FLEXSPI_IPCMD_TRG;
    2f74:	f8c5 30b0 	str.w	r3, [r5, #176]	@ 0xb0
	while (!((n = FLEXSPI_INTR) & FLEXSPI_INTR_IPCMDDONE)) {
    2f78:	e001      	b.n	2f7e <eepromemu_flash_write+0x96>
		if (n & FLEXSPI_INTR_IPTXWE) {
    2f7a:	065b      	lsls	r3, r3, #25
    2f7c:	d40a      	bmi.n	2f94 <eepromemu_flash_write+0xac>
	while (!((n = FLEXSPI_INTR) & FLEXSPI_INTR_IPCMDDONE)) {
    2f7e:	6963      	ldr	r3, [r4, #20]
    2f80:	f013 0501 	ands.w	r5, r3, #1
    2f84:	d0f9      	beq.n	2f7a <eepromemu_flash_write+0x92>
				len -= wrlen;
			}
			FLEXSPI_INTR = FLEXSPI_INTR_IPTXWE;
		}
	}
	FLEXSPI_INTR = FLEXSPI_INTR_IPCMDDONE | FLEXSPI_INTR_IPTXWE;
    2f86:	2341      	movs	r3, #65	@ 0x41
    2f88:	6163      	str	r3, [r4, #20]
	flash_wait();
}
    2f8a:	b003      	add	sp, #12
    2f8c:	e8bd 4030 	ldmia.w	sp!, {r4, r5, lr}
	flash_wait();
    2f90:	f7ff bf12 	b.w	2db8 <flash_wait>
			if (wrlen > 8) wrlen = 8;
    2f94:	2a08      	cmp	r2, #8
    2f96:	d80d      	bhi.n	2fb4 <eepromemu_flash_write+0xcc>
			if (wrlen > 0) {
    2f98:	b142      	cbz	r2, 2fac <eepromemu_flash_write+0xc4>
				memcpy((void *)&FLEXSPI_TFDR0, src, wrlen);
    2f9a:	480a      	ldr	r0, [pc, #40]	@ (2fc4 <eepromemu_flash_write+0xdc>)
    2f9c:	e9cd 1200 	strd	r1, r2, [sp]
    2fa0:	f000 f918 	bl	31d4 <memcpy>
				src += wrlen;
    2fa4:	e9dd 1200 	ldrd	r1, r2, [sp]
    2fa8:	4411      	add	r1, r2
				len -= wrlen;
    2faa:	462a      	mov	r2, r5
			FLEXSPI_INTR = FLEXSPI_INTR_IPTXWE;
    2fac:	4b03      	ldr	r3, [pc, #12]	@ (2fbc <eepromemu_flash_write+0xd4>)
    2fae:	2040      	movs	r0, #64	@ 0x40
    2fb0:	6158      	str	r0, [r3, #20]
    2fb2:	e7e4      	b.n	2f7e <eepromemu_flash_write+0x96>
				len -= wrlen;
    2fb4:	f1a2 0508 	sub.w	r5, r2, #8
			if (wrlen > 8) wrlen = 8;
    2fb8:	2208      	movs	r2, #8
    2fba:	e7ee      	b.n	2f9a <eepromemu_flash_write+0xb2>
    2fbc:	402a8000 	.word	0x402a8000
    2fc0:	5af05af0 	.word	0x5af05af0
    2fc4:	402a8180 	.word	0x402a8180
    2fc8:	08180432 	.word	0x08180432

00002fcc <eepromemu_flash_erase_sector>:

// erase a 4K sector
void eepromemu_flash_erase_sector(void *addr)
{
    2fcc:	b500      	push	{lr}
    2fce:	4686      	mov	lr, r0
	__disable_irq();
    2fd0:	b672      	cpsid	i
	FLEXSPI_LUTKEY = FLEXSPI_LUTKEY_VALUE;
    2fd2:	4b29      	ldr	r3, [pc, #164]	@ (3078 <eepromemu_flash_erase_sector+0xac>)
	FLEXSPI_LUTCR = FLEXSPI_LUTCR_UNLOCK;
    2fd4:	2102      	movs	r1, #2
	FLEXSPI_LUTKEY = FLEXSPI_LUTKEY_VALUE;
    2fd6:	4829      	ldr	r0, [pc, #164]	@ (307c <eepromemu_flash_erase_sector+0xb0>)
	FLEXSPI_LUT60 = LUT0(CMD_SDR, PINS1, 0x06); // 06 = write enable
	FLEXSPI_LUT61 = 0;
    2fd8:	2200      	movs	r2, #0
	FLEXSPI_LUTKEY = FLEXSPI_LUTKEY_VALUE;
    2fda:	6198      	str	r0, [r3, #24]
	FLEXSPI_LUT62 = 0;
	FLEXSPI_LUT63 = 0;
	FLEXSPI_IPCR0 = 0;
	FLEXSPI_IPCR1 = FLEXSPI_IPCR1_ISEQID(15);
    2fdc:	f44f 2070 	mov.w	r0, #983040	@ 0xf0000
	FLEXSPI_LUTCR = FLEXSPI_LUTCR_UNLOCK;
    2fe0:	61d9      	str	r1, [r3, #28]
	FLEXSPI_LUT60 = LUT0(CMD_SDR, PINS1, 0x06); // 06 = write enable
    2fe2:	f240 4106 	movw	r1, #1030	@ 0x406
    2fe6:	f8c3 12f0 	str.w	r1, [r3, #752]	@ 0x2f0
	FLEXSPI_IPCMD = FLEXSPI_IPCMD_TRG;
    2fea:	2101      	movs	r1, #1
	FLEXSPI_LUT61 = 0;
    2fec:	f8c3 22f4 	str.w	r2, [r3, #756]	@ 0x2f4
	FLEXSPI_LUT62 = 0;
    2ff0:	f8c3 22f8 	str.w	r2, [r3, #760]	@ 0x2f8
	FLEXSPI_LUT63 = 0;
    2ff4:	f8c3 22fc 	str.w	r2, [r3, #764]	@ 0x2fc
	FLEXSPI_IPCR0 = 0;
    2ff8:	f8c3 20a0 	str.w	r2, [r3, #160]	@ 0xa0
	arm_dcache_delete((void *)((uint32_t)addr & 0xFFFFF000), 4096); // purge data from cache
    2ffc:	4a20      	ldr	r2, [pc, #128]	@ (3080 <eepromemu_flash_erase_sector+0xb4>)
	FLEXSPI_IPCR1 = FLEXSPI_IPCR1_ISEQID(15);
    2ffe:	f8c3 00a4 	str.w	r0, [r3, #164]	@ 0xa4
	arm_dcache_delete((void *)((uint32_t)addr & 0xFFFFF000), 4096); // purge data from cache
    3002:	ea0e 0202 	and.w	r2, lr, r2
	FLEXSPI_IPCMD = FLEXSPI_IPCMD_TRG;
    3006:	f8c3 10b0 	str.w	r1, [r3, #176]	@ 0xb0
	asm("dsb");
    300a:	f3bf 8f4f 	dsb	sy
    300e:	f102 0320 	add.w	r3, r2, #32
    3012:	f502 5180 	add.w	r1, r2, #4096	@ 0x1000
		SCB_CACHE_DCIMVAC = location;
    3016:	f04f 2ce0 	mov.w	ip, #3758153728	@ 0xe000e000
    301a:	428b      	cmp	r3, r1
    301c:	bf2c      	ite	cs
    301e:	2101      	movcs	r1, #1
    3020:	2180      	movcc	r1, #128	@ 0x80
    3022:	eb02 1141 	add.w	r1, r2, r1, lsl #5
	} while (location < end_addr);
    3026:	428b      	cmp	r3, r1
		SCB_CACHE_DCIMVAC = location;
    3028:	f8cc 2f5c 	str.w	r2, [ip, #3932]	@ 0xf5c
		location += 32;
    302c:	461a      	mov	r2, r3
	} while (location < end_addr);
    302e:	f103 0320 	add.w	r3, r3, #32
    3032:	d1f8      	bne.n	3026 <eepromemu_flash_erase_sector+0x5a>
	asm("dsb");
    3034:	f3bf 8f4f 	dsb	sy
	asm("isb");
    3038:	f3bf 8f6f 	isb	sy
	while (!(FLEXSPI_INTR & FLEXSPI_INTR_IPCMDDONE)) ; // wait
    303c:	4a0e      	ldr	r2, [pc, #56]	@ (3078 <eepromemu_flash_erase_sector+0xac>)
    303e:	6953      	ldr	r3, [r2, #20]
    3040:	07d9      	lsls	r1, r3, #31
    3042:	d5fc      	bpl.n	303e <eepromemu_flash_erase_sector+0x72>
	FLEXSPI_INTR = FLEXSPI_INTR_IPCMDDONE;
    3044:	2001      	movs	r0, #1
	FLEXSPI_LUT60 = LUT0(CMD_SDR, PINS1, 0x20) | LUT1(ADDR_SDR, PINS1, 24); // 20 = sector erase
    3046:	490f      	ldr	r1, [pc, #60]	@ (3084 <eepromemu_flash_erase_sector+0xb8>)
	FLEXSPI_IPCR0 = (uint32_t)addr & 0x00FFF000;
    3048:	4b0f      	ldr	r3, [pc, #60]	@ (3088 <eepromemu_flash_erase_sector+0xbc>)
	FLEXSPI_IPCR1 = FLEXSPI_IPCR1_ISEQID(15);
    304a:	f44f 2c70 	mov.w	ip, #983040	@ 0xf0000
	FLEXSPI_INTR = FLEXSPI_INTR_IPCMDDONE;
    304e:	6150      	str	r0, [r2, #20]
	FLEXSPI_IPCR0 = (uint32_t)addr & 0x00FFF000;
    3050:	ea0e 0303 	and.w	r3, lr, r3
	FLEXSPI_LUT60 = LUT0(CMD_SDR, PINS1, 0x20) | LUT1(ADDR_SDR, PINS1, 24); // 20 = sector erase
    3054:	f8c2 12f0 	str.w	r1, [r2, #752]	@ 0x2f0
	FLEXSPI_IPCMD = FLEXSPI_IPCMD_TRG;
	while (!(FLEXSPI_INTR & FLEXSPI_INTR_IPCMDDONE)) ; // wait
    3058:	4907      	ldr	r1, [pc, #28]	@ (3078 <eepromemu_flash_erase_sector+0xac>)
	FLEXSPI_IPCR0 = (uint32_t)addr & 0x00FFF000;
    305a:	f8c2 30a0 	str.w	r3, [r2, #160]	@ 0xa0
	FLEXSPI_IPCR1 = FLEXSPI_IPCR1_ISEQID(15);
    305e:	f8c2 c0a4 	str.w	ip, [r2, #164]	@ 0xa4
	FLEXSPI_IPCMD = FLEXSPI_IPCMD_TRG;
    3062:	f8c2 00b0 	str.w	r0, [r2, #176]	@ 0xb0
	while (!(FLEXSPI_INTR & FLEXSPI_INTR_IPCMDDONE)) ; // wait
    3066:	694b      	ldr	r3, [r1, #20]
    3068:	07db      	lsls	r3, r3, #31
    306a:	d5fc      	bpl.n	3066 <eepromemu_flash_erase_sector+0x9a>
	FLEXSPI_INTR = FLEXSPI_INTR_IPCMDDONE;
    306c:	2301      	movs	r3, #1
	flash_wait();
}
    306e:	f85d eb04 	ldr.w	lr, [sp], #4
	FLEXSPI_INTR = FLEXSPI_INTR_IPCMDDONE;
    3072:	614b      	str	r3, [r1, #20]
	flash_wait();
    3074:	f7ff bea0 	b.w	2db8 <flash_wait>
    3078:	402a8000 	.word	0x402a8000
    307c:	5af05af0 	.word	0x5af05af0
    3080:	fffff000 	.word	0xfffff000
    3084:	08180420 	.word	0x08180420
    3088:	00fff000 	.word	0x00fff000

0000308c <eeprom_write_byte>:
	if (addr > E2END) return;
    308c:	f5b0 6f87 	cmp.w	r0, #1080	@ 0x438
    3090:	f080 808a 	bcs.w	31a8 <eeprom_write_byte+0x11c>
	if (!initialized) eeprom_initialize();
    3094:	4b46      	ldr	r3, [pc, #280]	@ (31b0 <eeprom_write_byte+0x124>)
{
    3096:	e92d 47f0 	stmdb	sp!, {r4, r5, r6, r7, r8, r9, sl, lr}
	if (!initialized) eeprom_initialize();
    309a:	781b      	ldrb	r3, [r3, #0]
{
    309c:	b0c2      	sub	sp, #264	@ 0x108
    309e:	460e      	mov	r6, r1
    30a0:	4605      	mov	r5, r0
	if (!initialized) eeprom_initialize();
    30a2:	2b00      	cmp	r3, #0
    30a4:	d07d      	beq.n	31a2 <eeprom_write_byte+0x116>
	sector = (addr >> 2) % FLASH_SECTORS; 
    30a6:	08ab      	lsrs	r3, r5, #2
    30a8:	4f42      	ldr	r7, [pc, #264]	@ (31b4 <eeprom_write_byte+0x128>)
	offset = (addr & 3) | (((addr >> 2) / FLASH_SECTORS) << 2);
    30aa:	f005 0503 	and.w	r5, r5, #3
	sector = (addr >> 2) % FLASH_SECTORS; 
    30ae:	fba7 2703 	umull	r2, r7, r7, r3
	end = p + sector_index[sector];
    30b2:	4a41      	ldr	r2, [pc, #260]	@ (31b8 <eeprom_write_byte+0x12c>)
	sector = (addr >> 2) % FLASH_SECTORS; 
    30b4:	08ff      	lsrs	r7, r7, #3
	offset = (addr & 3) | (((addr >> 2) / FLASH_SECTORS) << 2);
    30b6:	ea45 0587 	orr.w	r5, r5, r7, lsl #2
	sector = (addr >> 2) % FLASH_SECTORS; 
    30ba:	ebc7 1707 	rsb	r7, r7, r7, lsl #4
    30be:	1bdf      	subs	r7, r3, r7
	p = (uint16_t *)(FLASH_BASEADDR + sector * 4096);
    30c0:	4b3e      	ldr	r3, [pc, #248]	@ (31bc <eeprom_write_byte+0x130>)
	end = p + sector_index[sector];
    30c2:	f832 4017 	ldrh.w	r4, [r2, r7, lsl #1]
	p = (uint16_t *)(FLASH_BASEADDR + sector * 4096);
    30c6:	18fb      	adds	r3, r7, r3
	end = p + sector_index[sector];
    30c8:	0060      	lsls	r0, r4, #1
	p = (uint16_t *)(FLASH_BASEADDR + sector * 4096);
    30ca:	ea4f 3803 	mov.w	r8, r3, lsl #12
	end = p + sector_index[sector];
    30ce:	eb00 3003 	add.w	r0, r0, r3, lsl #12
	while (p < end) {
    30d2:	ebb0 3f03 	cmp.w	r0, r3, lsl #12
    30d6:	d968      	bls.n	31aa <eeprom_write_byte+0x11e>
	p = (uint16_t *)(FLASH_BASEADDR + sector * 4096);
    30d8:	4642      	mov	r2, r8
	uint8_t olddata=0xFF;
    30da:	21ff      	movs	r1, #255	@ 0xff
		uint16_t val = *p++;
    30dc:	4613      	mov	r3, r2
    30de:	3202      	adds	r2, #2
    30e0:	881b      	ldrh	r3, [r3, #0]
		if ((val & 255) == offset) olddata = val >> 8;
    30e2:	fa5f fc83 	uxtb.w	ip, r3
    30e6:	0a1b      	lsrs	r3, r3, #8
    30e8:	45ac      	cmp	ip, r5
    30ea:	bf08      	it	eq
    30ec:	4619      	moveq	r1, r3
	while (p < end) {
    30ee:	4282      	cmp	r2, r0
    30f0:	d3f4      	bcc.n	30dc <eeprom_write_byte+0x50>
	if (data == olddata) return;
    30f2:	428e      	cmp	r6, r1
    30f4:	d044      	beq.n	3180 <eeprom_write_byte+0xf4>
	if (sector_index[sector] < 2048) {
    30f6:	f5b4 6f00 	cmp.w	r4, #2048	@ 0x800
    30fa:	d344      	bcc.n	3186 <eeprom_write_byte+0xfa>
		memset(buf, 0xFF, sizeof(buf));
    30fc:	ac02      	add	r4, sp, #8
    30fe:	f44f 7280 	mov.w	r2, #256	@ 0x100
    3102:	21ff      	movs	r1, #255	@ 0xff
    3104:	4620      	mov	r0, r4
    3106:	f001 fe45 	bl	4d94 <memset>
		while (p < end) {
    310a:	f108 0202 	add.w	r2, r8, #2
    310e:	f508 5380 	add.w	r3, r8, #4096	@ 0x1000
    3112:	482b      	ldr	r0, [pc, #172]	@ (31c0 <eeprom_write_byte+0x134>)
    3114:	4293      	cmp	r3, r2
    3116:	bf94      	ite	ls
    3118:	2301      	movls	r3, #1
    311a:	f44f 6300 	movhi.w	r3, #2048	@ 0x800
		p = (uint16_t *)(FLASH_BASEADDR + sector * 4096);
    311e:	4642      	mov	r2, r8
    3120:	eb03 23c7 	add.w	r3, r3, r7, lsl #11
    3124:	1818      	adds	r0, r3, r0
    3126:	0040      	lsls	r0, r0, #1
			uint16_t val = *p++;
    3128:	4613      	mov	r3, r2
    312a:	3202      	adds	r2, #2
    312c:	881b      	ldrh	r3, [r3, #0]
		while (p < end) {
    312e:	4282      	cmp	r2, r0
			buf[val & 255] = val >> 8;
    3130:	b2d9      	uxtb	r1, r3
    3132:	ea4f 2313 	mov.w	r3, r3, lsr #8
    3136:	5463      	strb	r3, [r4, r1]
		while (p < end) {
    3138:	d1f6      	bne.n	3128 <eeprom_write_byte+0x9c>
		buf[offset] = data;
    313a:	f10d 0907 	add.w	r9, sp, #7
    313e:	5566      	strb	r6, [r4, r5]
		eepromemu_flash_erase_sector(p);
    3140:	f20d 1a07 	addw	sl, sp, #263	@ 0x107
		index = 0;
    3144:	2500      	movs	r5, #0
		eepromemu_flash_erase_sector(p);
    3146:	464c      	mov	r4, r9
    3148:	4640      	mov	r0, r8
    314a:	f7ff ff3f 	bl	2fcc <eepromemu_flash_erase_sector>
			if (buf[i] != 0xFF) {
    314e:	f814 cf01 	ldrb.w	ip, [r4, #1]!
				eepromemu_flash_write(p + index, &newval, 2);
    3152:	2202      	movs	r2, #2
    3154:	f10d 0106 	add.w	r1, sp, #6
    3158:	eb08 0045 	add.w	r0, r8, r5, lsl #1
				uint16_t newval = i | (buf[i] << 8);
    315c:	1e63      	subs	r3, r4, #1
			if (buf[i] != 0xFF) {
    315e:	f1bc 0fff 	cmp.w	ip, #255	@ 0xff
				uint16_t newval = i | (buf[i] << 8);
    3162:	eba3 0309 	sub.w	r3, r3, r9
			if (buf[i] != 0xFF) {
    3166:	d006      	beq.n	3176 <eeprom_write_byte+0xea>
				uint16_t newval = i | (buf[i] << 8);
    3168:	ea43 230c 	orr.w	r3, r3, ip, lsl #8
				index = index + 1;
    316c:	3501      	adds	r5, #1
				uint16_t newval = i | (buf[i] << 8);
    316e:	f8ad 3006 	strh.w	r3, [sp, #6]
				eepromemu_flash_write(p + index, &newval, 2);
    3172:	f7ff feb9 	bl	2ee8 <eepromemu_flash_write>
		for (i=0; i < 256; i++) {
    3176:	45a2      	cmp	sl, r4
    3178:	d1e9      	bne.n	314e <eeprom_write_byte+0xc2>
		sector_index[sector] = index;
    317a:	4b0f      	ldr	r3, [pc, #60]	@ (31b8 <eeprom_write_byte+0x12c>)
    317c:	f823 5017 	strh.w	r5, [r3, r7, lsl #1]
}
    3180:	b042      	add	sp, #264	@ 0x108
    3182:	e8bd 87f0 	ldmia.w	sp!, {r4, r5, r6, r7, r8, r9, sl, pc}
		uint16_t newdata = offset | (data << 8);
    3186:	a902      	add	r1, sp, #8
    3188:	ea45 2506 	orr.w	r5, r5, r6, lsl #8
		eepromemu_flash_write(end, &newdata, 2);
    318c:	2202      	movs	r2, #2
		sector_index[sector] = sector_index[sector] + 1;
    318e:	3401      	adds	r4, #1
		uint16_t newdata = offset | (data << 8);
    3190:	800d      	strh	r5, [r1, #0]
		eepromemu_flash_write(end, &newdata, 2);
    3192:	f7ff fea9 	bl	2ee8 <eepromemu_flash_write>
		sector_index[sector] = sector_index[sector] + 1;
    3196:	4b08      	ldr	r3, [pc, #32]	@ (31b8 <eeprom_write_byte+0x12c>)
    3198:	f823 4017 	strh.w	r4, [r3, r7, lsl #1]
}
    319c:	b042      	add	sp, #264	@ 0x108
    319e:	e8bd 87f0 	ldmia.w	sp!, {r4, r5, r6, r7, r8, r9, sl, pc}
	if (!initialized) eeprom_initialize();
    31a2:	f7ff fe39 	bl	2e18 <eeprom_initialize>
    31a6:	e77e      	b.n	30a6 <eeprom_write_byte+0x1a>
    31a8:	4770      	bx	lr
	uint8_t olddata=0xFF;
    31aa:	21ff      	movs	r1, #255	@ 0xff
    31ac:	e7a1      	b.n	30f2 <eeprom_write_byte+0x66>
    31ae:	bf00      	nop
    31b0:	20002695 	.word	0x20002695
    31b4:	88888889 	.word	0x88888889
    31b8:	200025f4 	.word	0x200025f4
    31bc:	000601f0 	.word	0x000601f0
    31c0:	300f8000 	.word	0x300f8000

000031c4 <main>:
 */

#include <Arduino.h>

extern "C" int main(void)
{
    31c4:	b508      	push	{r3, lr}
	}


#else
	// Arduino's main() function just calls setup() and loop()....
	setup();
    31c6:	f7fe f919 	bl	13fc <setup>
	while (1) {
		loop();
    31ca:	f7fe f9dd 	bl	1588 <loop>
		yield();
    31ce:	f001 fb51 	bl	4874 <yield>
	while (1) {
    31d2:	e7fa      	b.n	31ca <main+0x6>

000031d4 <memcpy>:
	@ r1: src
	@ r2: len
#ifdef __ARM_FEATURE_UNALIGNED
	/* In case of UNALIGNED access supported, ip is not used in
	   function body.  */
	mov	ip, r0
    31d4:	4684      	mov	ip, r0
#else
	push	{r0}
#endif
	orr	r3, r1, r0
    31d6:	ea41 0300 	orr.w	r3, r1, r0
	ands	r3, r3, #3
    31da:	f013 0303 	ands.w	r3, r3, #3
	bne	.Lmisaligned_copy
    31de:	d16d      	bne.n	32bc <memcpy+0xe8>

.Lbig_block:
	subs	r2, __OPT_BIG_BLOCK_SIZE
    31e0:	3a40      	subs	r2, #64	@ 0x40
	blo	.Lmid_block
    31e2:	d341      	bcc.n	3268 <memcpy+0x94>
	/* Kernel loop for big block copy */
	.align 2
.Lbig_block_loop:
	BEGIN_UNROLL_BIG_BLOCK
#ifdef __ARM_ARCH_7EM__
	ldr	r3, [r1], #4
    31e4:	f851 3b04 	ldr.w	r3, [r1], #4
	str	r3, [r0], #4
    31e8:	f840 3b04 	str.w	r3, [r0], #4
	ldr	r3, [r1], #4
    31ec:	f851 3b04 	ldr.w	r3, [r1], #4
	str	r3, [r0], #4
    31f0:	f840 3b04 	str.w	r3, [r0], #4
	ldr	r3, [r1], #4
    31f4:	f851 3b04 	ldr.w	r3, [r1], #4
	str	r3, [r0], #4
    31f8:	f840 3b04 	str.w	r3, [r0], #4
	ldr	r3, [r1], #4
    31fc:	f851 3b04 	ldr.w	r3, [r1], #4
	str	r3, [r0], #4
    3200:	f840 3b04 	str.w	r3, [r0], #4
	ldr	r3, [r1], #4
    3204:	f851 3b04 	ldr.w	r3, [r1], #4
	str	r3, [r0], #4
    3208:	f840 3b04 	str.w	r3, [r0], #4
	ldr	r3, [r1], #4
    320c:	f851 3b04 	ldr.w	r3, [r1], #4
	str	r3, [r0], #4
    3210:	f840 3b04 	str.w	r3, [r0], #4
	ldr	r3, [r1], #4
    3214:	f851 3b04 	ldr.w	r3, [r1], #4
	str	r3, [r0], #4
    3218:	f840 3b04 	str.w	r3, [r0], #4
	ldr	r3, [r1], #4
    321c:	f851 3b04 	ldr.w	r3, [r1], #4
	str	r3, [r0], #4
    3220:	f840 3b04 	str.w	r3, [r0], #4
	ldr	r3, [r1], #4
    3224:	f851 3b04 	ldr.w	r3, [r1], #4
	str	r3, [r0], #4
    3228:	f840 3b04 	str.w	r3, [r0], #4
	ldr	r3, [r1], #4
    322c:	f851 3b04 	ldr.w	r3, [r1], #4
	str	r3, [r0], #4
    3230:	f840 3b04 	str.w	r3, [r0], #4
	ldr	r3, [r1], #4
    3234:	f851 3b04 	ldr.w	r3, [r1], #4
	str	r3, [r0], #4
    3238:	f840 3b04 	str.w	r3, [r0], #4
	ldr	r3, [r1], #4
    323c:	f851 3b04 	ldr.w	r3, [r1], #4
	str	r3, [r0], #4
    3240:	f840 3b04 	str.w	r3, [r0], #4
	ldr	r3, [r1], #4
    3244:	f851 3b04 	ldr.w	r3, [r1], #4
	str	r3, [r0], #4
    3248:	f840 3b04 	str.w	r3, [r0], #4
	ldr	r3, [r1], #4
    324c:	f851 3b04 	ldr.w	r3, [r1], #4
	str	r3, [r0], #4
    3250:	f840 3b04 	str.w	r3, [r0], #4
	ldr	r3, [r1], #4
    3254:	f851 3b04 	ldr.w	r3, [r1], #4
	str	r3, [r0], #4
    3258:	f840 3b04 	str.w	r3, [r0], #4
	ldr	r3, [r1], #4
    325c:	f851 3b04 	ldr.w	r3, [r1], #4
	str	r3, [r0], #4
    3260:	f840 3b04 	str.w	r3, [r0], #4
	str	r3, [r0, \offset]
	END_UNROLL
	adds	r0, __OPT_BIG_BLOCK_SIZE
	adds	r1, __OPT_BIG_BLOCK_SIZE
#endif
	subs	r2, __OPT_BIG_BLOCK_SIZE
    3264:	3a40      	subs	r2, #64	@ 0x40
	bhs .Lbig_block_loop
    3266:	d2bd      	bcs.n	31e4 <memcpy+0x10>

.Lmid_block:
	adds	r2, __OPT_BIG_BLOCK_SIZE - __OPT_MID_BLOCK_SIZE
    3268:	3230      	adds	r2, #48	@ 0x30
	blo	.Lcopy_word_by_word
    326a:	d311      	bcc.n	3290 <memcpy+0xbc>
	/* Kernel loop for mid-block copy */
	.align 2
.Lmid_block_loop:
	BEGIN_UNROLL_MID_BLOCK
#ifdef __ARM_ARCH_7EM__
	ldr	r3, [r1], #4
    326c:	f851 3b04 	ldr.w	r3, [r1], #4
	str	r3, [r0], #4
    3270:	f840 3b04 	str.w	r3, [r0], #4
	ldr	r3, [r1], #4
    3274:	f851 3b04 	ldr.w	r3, [r1], #4
	str	r3, [r0], #4
    3278:	f840 3b04 	str.w	r3, [r0], #4
	ldr	r3, [r1], #4
    327c:	f851 3b04 	ldr.w	r3, [r1], #4
	str	r3, [r0], #4
    3280:	f840 3b04 	str.w	r3, [r0], #4
	ldr	r3, [r1], #4
    3284:	f851 3b04 	ldr.w	r3, [r1], #4
	str	r3, [r0], #4
    3288:	f840 3b04 	str.w	r3, [r0], #4
	str	r3, [r0, \offset]
	END_UNROLL
	adds    r0, __OPT_MID_BLOCK_SIZE
	adds    r1, __OPT_MID_BLOCK_SIZE
#endif
	subs	r2, __OPT_MID_BLOCK_SIZE
    328c:	3a10      	subs	r2, #16
	bhs	.Lmid_block_loop
    328e:	d2ed      	bcs.n	326c <memcpy+0x98>

.Lcopy_word_by_word:
	adds	r2, __OPT_MID_BLOCK_SIZE - 4
    3290:	320c      	adds	r2, #12
	blo	.Lcopy_less_than_4
    3292:	d305      	bcc.n	32a0 <memcpy+0xcc>

	/* Kernel loop for small block copy */
	.align 2
.Lcopy_word_by_word_loop:
	ldr	r3, [r1], #4
    3294:	f851 3b04 	ldr.w	r3, [r1], #4
	str	r3, [r0], #4
    3298:	f840 3b04 	str.w	r3, [r0], #4
	subs	r2, #4
    329c:	3a04      	subs	r2, #4
	bhs	.Lcopy_word_by_word_loop
    329e:	d2f9      	bcs.n	3294 <memcpy+0xc0>

.Lcopy_less_than_4:
	adds	r2, #4
    32a0:	3204      	adds	r2, #4
	beq	.Ldone
    32a2:	d008      	beq.n	32b6 <memcpy+0xe2>

	lsls	r2, r2, #31
    32a4:	07d2      	lsls	r2, r2, #31
	itt ne
    32a6:	bf1c      	itt	ne
	ldrbne  r3, [r1], #1
    32a8:	f811 3b01 	ldrbne.w	r3, [r1], #1
	strbne  r3, [r0], #1
    32ac:	f800 3b01 	strbne.w	r3, [r0], #1

	bcc	.Ldone
    32b0:	d301      	bcc.n	32b6 <memcpy+0xe2>
#ifdef __ARM_FEATURE_UNALIGNED
	ldrh	r3, [r1]
    32b2:	880b      	ldrh	r3, [r1, #0]
	strh	r3, [r0]
    32b4:	8003      	strh	r3, [r0, #0]
	strb	r3, [r0, #1]
#endif /* __ARM_FEATURE_UNALIGNED */

.Ldone:
#ifdef __ARM_FEATURE_UNALIGNED
	mov	r0, ip
    32b6:	4660      	mov	r0, ip
#else
	pop	{r0}
#endif
	bx	lr
    32b8:	4770      	bx	lr
    32ba:	bf00      	nop
#define Ldst_aligned Lbig_block

	/* Copy word by word using LDR when alignment can be done in hardware,
	i.e., SCTLR.A is set, supporting unaligned access in LDR and STR.  */

	cmp	r2, #8
    32bc:	2a08      	cmp	r2, #8
	blo	.Lbyte_copy
    32be:	d313      	bcc.n	32e8 <memcpy+0x114>

	/* if src is aligned, just go to the big block loop.  */
	lsls	r3, r1, #30
    32c0:	078b      	lsls	r3, r1, #30
	beq	.Ldst_aligned
    32c2:	d08d      	beq.n	31e0 <memcpy+0xc>
	handling of aligned src and misaligned dst need more overhead than
	otherwise.  By doing this the worst case is when initial src is aligned,
	additional up to 4 byte additional copy will executed, which is
	acceptable.  */

	ands	r3, r0, #3
    32c4:	f010 0303 	ands.w	r3, r0, #3
	beq	.Ldst_aligned
    32c8:	d08a      	beq.n	31e0 <memcpy+0xc>

	rsb	r3, #4
    32ca:	f1c3 0304 	rsb	r3, r3, #4
	subs	r2, r3
    32ce:	1ad2      	subs	r2, r2, r3

	lsls    r3, r3, #31
    32d0:	07db      	lsls	r3, r3, #31
	itt ne
    32d2:	bf1c      	itt	ne
	ldrbne  r3, [r1], #1
    32d4:	f811 3b01 	ldrbne.w	r3, [r1], #1
	strbne  r3, [r0], #1
    32d8:	f800 3b01 	strbne.w	r3, [r0], #1

	bcc .Ldst_aligned
    32dc:	d380      	bcc.n	31e0 <memcpy+0xc>

#ifdef __ARM_FEATURE_UNALIGNED
	ldrh    r3, [r1], #2
    32de:	f831 3b02 	ldrh.w	r3, [r1], #2
	strh    r3, [r0], #2
    32e2:	f820 3b02 	strh.w	r3, [r0], #2
	b	.Ldst_aligned
    32e6:	e77b      	b.n	31e0 <memcpy+0xc>
	pop	{r4, r5}

#endif /* __ARM_FEATURE_UNALIGNED */

.Lbyte_copy:
	subs	r2, #4
    32e8:	3a04      	subs	r2, #4
	blo	.Lcopy_less_than_4
    32ea:	d3d9      	bcc.n	32a0 <memcpy+0xcc>

.Lbyte_copy_loop:
	subs    r2, #1
    32ec:	3a01      	subs	r2, #1
	ldrb    r3, [r1], #1
    32ee:	f811 3b01 	ldrb.w	r3, [r1], #1
	strb    r3, [r0], #1
    32f2:	f800 3b01 	strb.w	r3, [r0], #1
	bhs	.Lbyte_copy_loop
    32f6:	d2f9      	bcs.n	32ec <memcpy+0x118>

	ldrb	r3, [r1]
    32f8:	780b      	ldrb	r3, [r1, #0]
	strb	r3, [r0]
    32fa:	7003      	strb	r3, [r0, #0]
	ldrb	r3, [r1, #1]
    32fc:	784b      	ldrb	r3, [r1, #1]
	strb	r3, [r0, #1]
    32fe:	7043      	strb	r3, [r0, #1]
	ldrb	r3, [r1, #2]
    3300:	788b      	ldrb	r3, [r1, #2]
	strb	r3, [r0, #2]
    3302:	7083      	strb	r3, [r0, #2]

#ifdef __ARM_FEATURE_UNALIGNED
	mov	r0, ip
    3304:	4660      	mov	r0, ip
#else
	pop	{r0}
#endif
	bx	lr
    3306:	4770      	bx	lr

00003308 <ultoa>:
    3308:	f101 3cff 	add.w	ip, r1, #4294967295
#include <stdlib.h>
#include <math.h>


char * ultoa(unsigned long val, char *buf, int radix)
{
    330c:	b570      	push	{r4, r5, r6, lr}
	unsigned digit;
	int i=0, j;
	char t;

	while (1) {
		digit = val % radix;
    330e:	4666      	mov	r6, ip
	int i=0, j;
    3310:	f04f 0e00 	mov.w	lr, #0
    3314:	e001      	b.n	331a <ultoa+0x12>
		buf[i] = ((digit < 10) ? '0' + digit : 'A' + digit - 10);
		val /= radix;
		if (val == 0) break;
		i++;
    3316:	f10e 0e01 	add.w	lr, lr, #1
		digit = val % radix;
    331a:	fbb0 f4f2 	udiv	r4, r0, r2
    331e:	fb02 0314 	mls	r3, r2, r4, r0
		buf[i] = ((digit < 10) ? '0' + digit : 'A' + digit - 10);
    3322:	2b09      	cmp	r3, #9
    3324:	f103 0537 	add.w	r5, r3, #55	@ 0x37
    3328:	bf98      	it	ls
    332a:	f103 0530 	addls.w	r5, r3, #48	@ 0x30
		if (val == 0) break;
    332e:	4290      	cmp	r0, r2
		val /= radix;
    3330:	4620      	mov	r0, r4
		buf[i] = ((digit < 10) ? '0' + digit : 'A' + digit - 10);
    3332:	f806 5f01 	strb.w	r5, [r6, #1]!
		if (val == 0) break;
    3336:	d2ee      	bcs.n	3316 <ultoa+0xe>
	}
	buf[i + 1] = 0;
    3338:	eb01 030e 	add.w	r3, r1, lr
    333c:	2200      	movs	r2, #0
    333e:	705a      	strb	r2, [r3, #1]
	for (j=0; j < i; j++, i--) {
    3340:	f1be 0f00 	cmp.w	lr, #0
    3344:	d011      	beq.n	336a <ultoa+0x62>
    3346:	1c48      	adds	r0, r1, #1
    3348:	4470      	add	r0, lr
    334a:	f10c 0202 	add.w	r2, ip, #2
		t = buf[j];
    334e:	f81c 4f01 	ldrb.w	r4, [ip, #1]!
		buf[j] = buf[i];
    3352:	f810 5d01 	ldrb.w	r5, [r0, #-1]!
	for (j=0; j < i; j++, i--) {
    3356:	eba1 030c 	sub.w	r3, r1, ip
    335a:	1a52      	subs	r2, r2, r1
		buf[j] = buf[i];
    335c:	f88c 5000 	strb.w	r5, [ip]
	for (j=0; j < i; j++, i--) {
    3360:	3b01      	subs	r3, #1
		buf[i] = t;
    3362:	7004      	strb	r4, [r0, #0]
	for (j=0; j < i; j++, i--) {
    3364:	4473      	add	r3, lr
    3366:	429a      	cmp	r2, r3
    3368:	dbef      	blt.n	334a <ultoa+0x42>
	}
	return buf;
}
    336a:	4608      	mov	r0, r1
    336c:	bd70      	pop	{r4, r5, r6, pc}
    336e:	bf00      	nop

00003370 <unused_interrupt_vector>:
	__disable_irq();
    3370:	b672      	cpsid	i
	asm volatile("mrs %0, ipsr\n" : "=r" (ipsr) :: "memory");
    3372:	f3ef 8305 	mrs	r3, IPSR
	info->ipsr = ipsr;
    3376:	4c52      	ldr	r4, [pc, #328]	@ (34c0 <unused_interrupt_vector+0x150>)
    3378:	f8c4 3084 	str.w	r3, [r4, #132]	@ 0x84
	asm volatile("tst lr, #4\nite eq\nmrseq %0, msp\nmrsne %0, psp\n" : "=r" (stack) :: "memory");
    337c:	f01e 0f04 	tst.w	lr, #4
    3380:	bf0c      	ite	eq
    3382:	f3ef 8208 	mrseq	r2, MSP
    3386:	f3ef 8209 	mrsne	r2, PSP
	info->cfsr = SCB_CFSR;
    338a:	f04f 23e0 	mov.w	r3, #3758153728	@ 0xe000e000
	p = (uint32_t *)info;
    338e:	4d4d      	ldr	r5, [pc, #308]	@ (34c4 <unused_interrupt_vector+0x154>)
	info->cfsr = SCB_CFSR;
    3390:	f8d3 0d28 	ldr.w	r0, [r3, #3368]	@ 0xd28
	info->hfsr = SCB_HFSR;
    3394:	f8d3 1d2c 	ldr.w	r1, [r3, #3372]	@ 0xd2c
    3398:	e9c4 0122 	strd	r0, r1, [r4, #136]	@ 0x88
	info->mmfar = SCB_MMFAR;
    339c:	f8d3 1d34 	ldr.w	r1, [r3, #3380]	@ 0xd34
	info->bfar = SCB_BFAR;
    33a0:	f8d3 3d38 	ldr.w	r3, [r3, #3384]	@ 0xd38
    33a4:	e9c4 1324 	strd	r1, r3, [r4, #144]	@ 0x90
	info->ret = stack[6];
    33a8:	6993      	ldr	r3, [r2, #24]
	while (p < end) {
    33aa:	34a8      	adds	r4, #168	@ 0xa8
	info->ret = stack[6];
    33ac:	f844 3c10 	str.w	r3, [r4, #-16]
	info->xpsr = stack[7];
    33b0:	69d3      	ldr	r3, [r2, #28]
    33b2:	f844 3c0c 	str.w	r3, [r4, #-12]
	info->temp = tempmonGetTemp();
    33b6:	f000 f8a1 	bl	34fc <tempmonGetTemp>
    33ba:	ed04 0a02 	vstr	s0, [r4, #-8]
	info->time = rtc_get();
    33be:	f001 fb79 	bl	4ab4 <rtc_get>
	info->len = sizeof(*info) / 4;
    33c2:	230b      	movs	r3, #11
	info->time = rtc_get();
    33c4:	f844 0c04 	str.w	r0, [r4, #-4]
	crc = 0xFFFFFFFF;
    33c8:	f04f 32ff 	mov.w	r2, #4294967295
		for (i=0; i < 32; i++) crc = (crc >> 1) ^ (crc & 1)*0xEDB88320;
    33cc:	483e      	ldr	r0, [pc, #248]	@ (34c8 <unused_interrupt_vector+0x158>)
	info->len = sizeof(*info) / 4;
    33ce:	f844 3c28 	str.w	r3, [r4, #-40]
		crc ^= *p++;
    33d2:	682b      	ldr	r3, [r5, #0]
    33d4:	2120      	movs	r1, #32
    33d6:	3504      	adds	r5, #4
    33d8:	405a      	eors	r2, r3
		for (i=0; i < 32; i++) crc = (crc >> 1) ^ (crc & 1)*0xEDB88320;
    33da:	f342 0300 	sbfx	r3, r2, #0, #1
    33de:	3901      	subs	r1, #1
    33e0:	ea03 0300 	and.w	r3, r3, r0
    33e4:	ea83 0252 	eor.w	r2, r3, r2, lsr #1
    33e8:	d1f7      	bne.n	33da <unused_interrupt_vector+0x6a>
	while (p < end) {
    33ea:	42a5      	cmp	r5, r4
    33ec:	d1f1      	bne.n	33d2 <unused_interrupt_vector+0x62>
	info->crc = crc;
    33ee:	4b34      	ldr	r3, [pc, #208]	@ (34c0 <unused_interrupt_vector+0x150>)
    33f0:	f8c3 20a8 	str.w	r2, [r3, #168]	@ 0xa8
static inline void arm_dcache_flush_delete(void *addr, uint32_t size)
{
	uint32_t location = (uint32_t)addr & 0xFFFFFFE0;
	uint32_t end_addr = (uint32_t)addr + size;
	asm volatile("": : :"memory");
	asm("dsb");
    33f4:	f3bf 8f4f 	dsb	sy
	do {
		SCB_CACHE_DCCIMVAC = location;
    33f8:	f04f 23e0 	mov.w	r3, #3758153728	@ 0xe000e000
    33fc:	4931      	ldr	r1, [pc, #196]	@ (34c4 <unused_interrupt_vector+0x154>)
    33fe:	4a33      	ldr	r2, [pc, #204]	@ (34cc <unused_interrupt_vector+0x15c>)
    3400:	f8c3 1f70 	str.w	r1, [r3, #3952]	@ 0xf70
    3404:	f8c3 2f70 	str.w	r2, [r3, #3952]	@ 0xf70
		location += 32;
	} while (location < end_addr);
	asm("dsb");
    3408:	f3bf 8f4f 	dsb	sy
	asm("isb");
    340c:	f3bf 8f6f 	isb	sy
	CCM_CCGR1 |= CCM_CCGR1_PIT(CCM_CCGR_ON);
    3410:	4a2f      	ldr	r2, [pc, #188]	@ (34d0 <unused_interrupt_vector+0x160>)
	PIT_MCR = PIT_MCR_MDIS;
    3412:	2402      	movs	r4, #2
    3414:	482f      	ldr	r0, [pc, #188]	@ (34d4 <unused_interrupt_vector+0x164>)
	CCM_CCGR1 |= CCM_CCGR1_PIT(CCM_CCGR_ON);
    3416:	6ed3      	ldr	r3, [r2, #108]	@ 0x6c
  	if (F_CPU_ACTUAL > 198000000) set_arm_clock(198000000);
    3418:	492f      	ldr	r1, [pc, #188]	@ (34d8 <unused_interrupt_vector+0x168>)
	CCM_CCGR1 |= CCM_CCGR1_PIT(CCM_CCGR_ON);
    341a:	f443 5340 	orr.w	r3, r3, #12288	@ 0x3000
    341e:	66d3      	str	r3, [r2, #108]	@ 0x6c
	PIT_MCR = PIT_MCR_MDIS;
    3420:	6004      	str	r4, [r0, #0]
	CCM_CSCMR1 = (CCM_CSCMR1 & ~CCM_CSCMR1_PERCLK_PODF(0x3F)) | CCM_CSCMR1_PERCLK_CLK_SEL;
    3422:	69d3      	ldr	r3, [r2, #28]
  	if (F_CPU_ACTUAL > 198000000) set_arm_clock(198000000);
    3424:	482d      	ldr	r0, [pc, #180]	@ (34dc <unused_interrupt_vector+0x16c>)
	CCM_CSCMR1 = (CCM_CSCMR1 & ~CCM_CSCMR1_PERCLK_PODF(0x3F)) | CCM_CSCMR1_PERCLK_CLK_SEL;
    3426:	f023 037f 	bic.w	r3, r3, #127	@ 0x7f
    342a:	f043 0340 	orr.w	r3, r3, #64	@ 0x40
    342e:	61d3      	str	r3, [r2, #28]
  	if (F_CPU_ACTUAL > 198000000) set_arm_clock(198000000);
    3430:	680b      	ldr	r3, [r1, #0]
    3432:	4283      	cmp	r3, r0
    3434:	d840      	bhi.n	34b8 <unused_interrupt_vector+0x148>
	PIT_MCR = 0;
    3436:	4d27      	ldr	r5, [pc, #156]	@ (34d4 <unused_interrupt_vector+0x164>)
    3438:	2000      	movs	r0, #0
	NVIC_ICER0 = 0xFFFFFFFF;
    343a:	f04f 23e0 	mov.w	r3, #3758153728	@ 0xe000e000
    343e:	f04f 32ff 	mov.w	r2, #4294967295
	PIT_MCR = 0;
    3442:	6028      	str	r0, [r5, #0]
	PIT_TCTRL0 = PIT_TCTRL_TEN;
    3444:	2101      	movs	r1, #1
	PIT_TCTRL0 = 0;
    3446:	f8c5 0108 	str.w	r0, [r5, #264]	@ 0x108
	PIT_LDVAL0 = 2400000; // 2400000 = 100ms
    344a:	4825      	ldr	r0, [pc, #148]	@ (34e0 <unused_interrupt_vector+0x170>)
    344c:	460c      	mov	r4, r1
			PIT_TFLG0 = 1;
    344e:	460e      	mov	r6, r1
	PIT_LDVAL0 = 2400000; // 2400000 = 100ms
    3450:	f8c5 0100 	str.w	r0, [r5, #256]	@ 0x100
	PIT_TCTRL0 = PIT_TCTRL_TEN;
    3454:	f8c5 1108 	str.w	r1, [r5, #264]	@ 0x108
	NVIC_ICER0 = 0xFFFFFFFF;
    3458:	f8c3 2180 	str.w	r2, [r3, #384]	@ 0x180
	NVIC_ICER1 = 0xFFFFFFFF;
    345c:	f8c3 2184 	str.w	r2, [r3, #388]	@ 0x184
	NVIC_ICER2 = 0xFFFFFFFF;
    3460:	f8c3 2188 	str.w	r2, [r3, #392]	@ 0x188
	NVIC_ICER3 = 0xFFFFFFFF;
    3464:	f8c3 218c 	str.w	r2, [r3, #396]	@ 0x18c
	NVIC_ICER4 = 0xFFFFFFFF;
    3468:	f8c3 2190 	str.w	r2, [r3, #400]	@ 0x190
	count = 0;
    346c:	e001      	b.n	3472 <unused_interrupt_vector+0x102>
		usb_isr();
    346e:	f000 f9a1 	bl	37b4 <usb_isr>
		if (PIT_TFLG0) {
    3472:	f8d5 310c 	ldr.w	r3, [r5, #268]	@ 0x10c
    3476:	2b00      	cmp	r3, #0
    3478:	d0f9      	beq.n	346e <unused_interrupt_vector+0xfe>
			if (++count >= 80) break;  // reboot after 8 seconds
    347a:	2c4f      	cmp	r4, #79	@ 0x4f
			PIT_TFLG0 = 1;
    347c:	f8c5 610c 	str.w	r6, [r5, #268]	@ 0x10c
			if (++count >= 80) break;  // reboot after 8 seconds
    3480:	f104 0401 	add.w	r4, r4, #1
    3484:	d9f3      	bls.n	346e <unused_interrupt_vector+0xfe>
	USBPHY1_CTRL_SET = USBPHY_CTRL_SFTRST;
    3486:	4b17      	ldr	r3, [pc, #92]	@ (34e4 <unused_interrupt_vector+0x174>)
	USB1_USBCMD = USB_USBCMD_RST;
    3488:	2002      	movs	r0, #2
    348a:	4917      	ldr	r1, [pc, #92]	@ (34e8 <unused_interrupt_vector+0x178>)
	USBPHY1_CTRL_SET = USBPHY_CTRL_SFTRST;
    348c:	f04f 4200 	mov.w	r2, #2147483648	@ 0x80000000
	USB1_USBCMD = USB_USBCMD_RST;
    3490:	f8c1 0140 	str.w	r0, [r1, #320]	@ 0x140
	USBPHY1_CTRL_SET = USBPHY_CTRL_SFTRST;
    3494:	635a      	str	r2, [r3, #52]	@ 0x34
	while (PIT_TFLG0 == 0) /* wait 0.1 second for PC to know USB unplugged */
    3496:	f8d5 310c 	ldr.w	r3, [r5, #268]	@ 0x10c
    349a:	b93b      	cbnz	r3, 34ac <unused_interrupt_vector+0x13c>
	SRC_GPR5 = 0x0BAD00F1;
    349c:	4813      	ldr	r0, [pc, #76]	@ (34ec <unused_interrupt_vector+0x17c>)
    349e:	4914      	ldr	r1, [pc, #80]	@ (34f0 <unused_interrupt_vector+0x180>)
	while (PIT_TFLG0 == 0) /* wait 0.1 second for PC to know USB unplugged */
    34a0:	4a0c      	ldr	r2, [pc, #48]	@ (34d4 <unused_interrupt_vector+0x164>)
	SRC_GPR5 = 0x0BAD00F1;
    34a2:	6301      	str	r1, [r0, #48]	@ 0x30
	while (PIT_TFLG0 == 0) /* wait 0.1 second for PC to know USB unplugged */
    34a4:	f8d2 310c 	ldr.w	r3, [r2, #268]	@ 0x10c
    34a8:	2b00      	cmp	r3, #0
    34aa:	d0fa      	beq.n	34a2 <unused_interrupt_vector+0x132>
	SCB_AIRCR = 0x05FA0004;
    34ac:	f04f 23e0 	mov.w	r3, #3758153728	@ 0xe000e000
    34b0:	4a10      	ldr	r2, [pc, #64]	@ (34f4 <unused_interrupt_vector+0x184>)
    34b2:	f8c3 2d0c 	str.w	r2, [r3, #3340]	@ 0xd0c
	while (1) ;
    34b6:	e7fe      	b.n	34b6 <unused_interrupt_vector+0x146>
  	if (F_CPU_ACTUAL > 198000000) set_arm_clock(198000000);
    34b8:	f7ff fa32 	bl	2920 <set_arm_clock>
    34bc:	e7bb      	b.n	3436 <unused_interrupt_vector+0xc6>
    34be:	bf00      	nop
    34c0:	2027ff00 	.word	0x2027ff00
    34c4:	2027ff80 	.word	0x2027ff80
    34c8:	edb88320 	.word	0xedb88320
    34cc:	2027ffa0 	.word	0x2027ffa0
    34d0:	400fc000 	.word	0x400fc000
    34d4:	40084000 	.word	0x40084000
    34d8:	20000c7c 	.word	0x20000c7c
    34dc:	0bcd3d80 	.word	0x0bcd3d80
    34e0:	00249f00 	.word	0x00249f00
    34e4:	400d9000 	.word	0x400d9000
    34e8:	402e0000 	.word	0x402e0000
    34ec:	400f8000 	.word	0x400f8000
    34f0:	0bad00f1 	.word	0x0bad00f1
    34f4:	05fa0004 	.word	0x05fa0004

000034f8 <Panic_Temp_isr>:
  unused_interrupt_vector();
    34f8:	f7ff bf3a 	b.w	3370 <unused_interrupt_vector>

000034fc <tempmonGetTemp>:
float tempmonGetTemp(void)
{
    uint32_t nmeas;
    float tmeas;

    while (!(TEMPMON_TEMPSENSE0 & 0x4U))
    34fc:	4a12      	ldr	r2, [pc, #72]	@ (3548 <tempmonGetTemp+0x4c>)
    34fe:	f8d2 3080 	ldr.w	r3, [r2, #128]	@ 0x80
    3502:	075b      	lsls	r3, r3, #29
    3504:	d5fb      	bpl.n	34fe <tempmonGetTemp+0x2>
    {
    }

    /* ready to read temperature code value */
    nmeas = (TEMPMON_TEMPSENSE0 & 0xFFF00U) >> 8U;
    3506:	f8d2 3080 	ldr.w	r3, [r2, #128]	@ 0x80
    /* Calculate temperature */
    tmeas = s_hotTemp - (((float)nmeas - (float)s_hotCount) * s_hot_ROOM / s_roomC_hotC);
    350a:	4810      	ldr	r0, [pc, #64]	@ (354c <tempmonGetTemp+0x50>)
    nmeas = (TEMPMON_TEMPSENSE0 & 0xFFF00U) >> 8U;
    350c:	f3c3 230b 	ubfx	r3, r3, #8, #12
    tmeas = s_hotTemp - (((float)nmeas - (float)s_hotCount) * s_hot_ROOM / s_roomC_hotC);
    3510:	490f      	ldr	r1, [pc, #60]	@ (3550 <tempmonGetTemp+0x54>)
    3512:	ed90 7a00 	vldr	s14, [r0]
    nmeas = (TEMPMON_TEMPSENSE0 & 0xFFF00U) >> 8U;
    3516:	ee07 3a90 	vmov	s15, r3
    tmeas = s_hotTemp - (((float)nmeas - (float)s_hotCount) * s_hot_ROOM / s_roomC_hotC);
    351a:	ed91 6a00 	vldr	s12, [r1]
    351e:	eeb8 7a47 	vcvt.f32.u32	s14, s14
    3522:	4a0c      	ldr	r2, [pc, #48]	@ (3554 <tempmonGetTemp+0x58>)
    3524:	eef8 7ae7 	vcvt.f32.s32	s15, s15
    3528:	4b0b      	ldr	r3, [pc, #44]	@ (3558 <tempmonGetTemp+0x5c>)
    352a:	edd2 6a00 	vldr	s13, [r2]
    352e:	ee77 7ac7 	vsub.f32	s15, s15, s14
    3532:	ed93 7a00 	vldr	s14, [r3]
    3536:	eeb8 7a47 	vcvt.f32.u32	s14, s14
    353a:	ee67 7a86 	vmul.f32	s15, s15, s12
    353e:	ee87 0aa6 	vdiv.f32	s0, s15, s13

    return tmeas;
}
    3542:	ee37 0a40 	vsub.f32	s0, s14, s0
    3546:	4770      	bx	lr
    3548:	400d8100 	.word	0x400d8100
    354c:	200025e0 	.word	0x200025e0
    3550:	200025e8 	.word	0x200025e8
    3554:	200025ec 	.word	0x200025ec
    3558:	200025e4 	.word	0x200025e4

0000355c <endpoint0_receive>:
	endpoint0_notify_mask = (notify ? (1 << 0) : 0);
	while (USB1_ENDPTPRIME) ;
}

static void endpoint0_receive(void *data, uint32_t len, int notify)
{
    355c:	b500      	push	{lr}
	//printf("rx %lu\n", len);
	if (len > 0) {
    355e:	bb21      	cbnz	r1, 35aa <endpoint0_receive+0x4e>
    3560:	f8df c0ac 	ldr.w	ip, [pc, #172]	@ 3610 <endpoint0_receive+0xb4>
		endpoint_queue_head[0].next = (uint32_t)&endpoint0_transfer_data;
		endpoint_queue_head[0].status = 0;
		USB1_ENDPTPRIME |= (1<<0);
		while (USB1_ENDPTPRIME) ;
	}
	endpoint0_transfer_ack.next = 1;
    3564:	4b26      	ldr	r3, [pc, #152]	@ (3600 <endpoint0_receive+0xa4>)
	endpoint0_transfer_ack.status = (1<<7) | (notify ? (1 << 15) : 0);
    3566:	2a00      	cmp	r2, #0
	endpoint0_transfer_ack.next = 1;
    3568:	f04f 0001 	mov.w	r0, #1
	endpoint0_transfer_ack.status = (1<<7) | (notify ? (1 << 15) : 0);
    356c:	f248 0180 	movw	r1, #32896	@ 0x8080
    3570:	bf08      	it	eq
    3572:	2180      	moveq	r1, #128	@ 0x80
	endpoint0_transfer_ack.pointer0 = 0;
	endpoint_queue_head[1].next = (uint32_t)&endpoint0_transfer_ack;
    3574:	f8cc 3048 	str.w	r3, [ip, #72]	@ 0x48
	endpoint0_transfer_ack.next = 1;
    3578:	6018      	str	r0, [r3, #0]
	endpoint0_transfer_ack.pointer0 = 0;
    357a:	2000      	movs	r0, #0
	endpoint0_transfer_ack.status = (1<<7) | (notify ? (1 << 15) : 0);
    357c:	6059      	str	r1, [r3, #4]
	endpoint_queue_head[1].status = 0;
	USB1_ENDPTCOMPLETE = (1<<0) | (1<<16);
	USB1_ENDPTPRIME |= (1<<16);
	endpoint0_notify_mask = (notify ? (1 << 16) : 0);
    357e:	0412      	lsls	r2, r2, #16
	endpoint_queue_head[1].status = 0;
    3580:	f8cc 004c 	str.w	r0, [ip, #76]	@ 0x4c
	USB1_ENDPTCOMPLETE = (1<<0) | (1<<16);
    3584:	f04f 1c01 	mov.w	ip, #65537	@ 0x10001
    3588:	491e      	ldr	r1, [pc, #120]	@ (3604 <endpoint0_receive+0xa8>)
	endpoint0_transfer_ack.pointer0 = 0;
    358a:	6098      	str	r0, [r3, #8]
	USB1_ENDPTCOMPLETE = (1<<0) | (1<<16);
    358c:	f8c1 c1bc 	str.w	ip, [r1, #444]	@ 0x1bc
	USB1_ENDPTPRIME |= (1<<16);
    3590:	f8d1 31b0 	ldr.w	r3, [r1, #432]	@ 0x1b0
	endpoint0_notify_mask = (notify ? (1 << 16) : 0);
    3594:	481c      	ldr	r0, [pc, #112]	@ (3608 <endpoint0_receive+0xac>)
	USB1_ENDPTPRIME |= (1<<16);
    3596:	f443 3380 	orr.w	r3, r3, #65536	@ 0x10000
    359a:	f8c1 31b0 	str.w	r3, [r1, #432]	@ 0x1b0
	endpoint0_notify_mask = (notify ? (1 << 16) : 0);
    359e:	6002      	str	r2, [r0, #0]
	while (USB1_ENDPTPRIME) ;
    35a0:	f8d1 31b0 	ldr.w	r3, [r1, #432]	@ 0x1b0
    35a4:	2b00      	cmp	r3, #0
    35a6:	d1fb      	bne.n	35a0 <endpoint0_receive+0x44>
}
    35a8:	bd00      	pop	{pc}
		endpoint0_transfer_data.status = (len << 16) | (1<<7);
    35aa:	0409      	lsls	r1, r1, #16
		endpoint0_transfer_data.next = 1;
    35ac:	4b17      	ldr	r3, [pc, #92]	@ (360c <endpoint0_receive+0xb0>)
    35ae:	f04f 0c01 	mov.w	ip, #1
		endpoint_queue_head[0].status = 0;
    35b2:	f04f 0e00 	mov.w	lr, #0
		endpoint0_transfer_data.status = (len << 16) | (1<<7);
    35b6:	f041 0180 	orr.w	r1, r1, #128	@ 0x80
		endpoint0_transfer_data.pointer0 = addr; // format: table 55-60, pg 3159
    35ba:	6098      	str	r0, [r3, #8]
		endpoint0_transfer_data.next = 1;
    35bc:	f8c3 c000 	str.w	ip, [r3]
		endpoint0_transfer_data.status = (len << 16) | (1<<7);
    35c0:	6059      	str	r1, [r3, #4]
		endpoint0_transfer_data.pointer1 = addr + 4096;
    35c2:	f500 5180 	add.w	r1, r0, #4096	@ 0x1000
		endpoint_queue_head[0].next = (uint32_t)&endpoint0_transfer_data;
    35c6:	f8df c048 	ldr.w	ip, [pc, #72]	@ 3610 <endpoint0_receive+0xb4>
		endpoint0_transfer_data.pointer1 = addr + 4096;
    35ca:	60d9      	str	r1, [r3, #12]
		endpoint0_transfer_data.pointer2 = addr + 8192;
    35cc:	f500 5100 	add.w	r1, r0, #8192	@ 0x2000
		endpoint_queue_head[0].status = 0;
    35d0:	f8cc e00c 	str.w	lr, [ip, #12]
		endpoint0_transfer_data.pointer2 = addr + 8192;
    35d4:	6119      	str	r1, [r3, #16]
		endpoint0_transfer_data.pointer3 = addr + 12288;
    35d6:	f500 5140 	add.w	r1, r0, #12288	@ 0x3000
		endpoint0_transfer_data.pointer4 = addr + 16384;
    35da:	f500 4080 	add.w	r0, r0, #16384	@ 0x4000
		endpoint_queue_head[0].next = (uint32_t)&endpoint0_transfer_data;
    35de:	f8cc 3008 	str.w	r3, [ip, #8]
		endpoint0_transfer_data.pointer3 = addr + 12288;
    35e2:	6159      	str	r1, [r3, #20]
		USB1_ENDPTPRIME |= (1<<0);
    35e4:	4907      	ldr	r1, [pc, #28]	@ (3604 <endpoint0_receive+0xa8>)
		endpoint0_transfer_data.pointer4 = addr + 16384;
    35e6:	6198      	str	r0, [r3, #24]
		USB1_ENDPTPRIME |= (1<<0);
    35e8:	f8d1 31b0 	ldr.w	r3, [r1, #432]	@ 0x1b0
    35ec:	f043 0301 	orr.w	r3, r3, #1
    35f0:	f8c1 31b0 	str.w	r3, [r1, #432]	@ 0x1b0
		while (USB1_ENDPTPRIME) ;
    35f4:	f8d1 31b0 	ldr.w	r3, [r1, #432]	@ 0x1b0
    35f8:	2b00      	cmp	r3, #0
    35fa:	d1fb      	bne.n	35f4 <endpoint0_receive+0x98>
    35fc:	e7b2      	b.n	3564 <endpoint0_receive+0x8>
    35fe:	bf00      	nop
    3600:	200012e0 	.word	0x200012e0
    3604:	402e0000 	.word	0x402e0000
    3608:	200024b4 	.word	0x200024b4
    360c:	20001300 	.word	0x20001300
    3610:	20000000 	.word	0x20000000

00003614 <schedule_transfer>:
{
	// when we stop at 6, why is the last transfer missing from the USB output?
	//if (transfer_log_count >= 6) return;

	//uint32_t ret = (*(const uint8_t *)transfer->pointer0) << 8;
	if (endpoint->callback_function) {
    3614:	6b83      	ldr	r3, [r0, #56]	@ 0x38
{
    3616:	b570      	push	{r4, r5, r6, lr}
    3618:	4686      	mov	lr, r0
    361a:	460e      	mov	r6, r1
    361c:	4610      	mov	r0, r2
	if (endpoint->callback_function) {
    361e:	b11b      	cbz	r3, 3628 <schedule_transfer+0x14>
		transfer->status |= (1<<15);
    3620:	6853      	ldr	r3, [r2, #4]
    3622:	f443 4300 	orr.w	r3, r3, #32768	@ 0x8000
    3626:	6053      	str	r3, [r2, #4]
	}
	__disable_irq();
    3628:	b672      	cpsid	i
	//digitalWriteFast(1, HIGH);
	// Executing A Transfer Descriptor, page 2468 (RT1060 manual, Rev 1, 12/2018)
	transfer_t *last = endpoint->last_transfer;
    362a:	f8de 2034 	ldr.w	r2, [lr, #52]	@ 0x34
	if (last) {
    362e:	b342      	cbz	r2, 3682 <schedule_transfer+0x6e>
		last->next = (uint32_t)transfer;
		if (USB1_ENDPTPRIME & epmask) goto end;
    3630:	4b1b      	ldr	r3, [pc, #108]	@ (36a0 <schedule_transfer+0x8c>)
		last->next = (uint32_t)transfer;
    3632:	6010      	str	r0, [r2, #0]
		if (USB1_ENDPTPRIME & epmask) goto end;
    3634:	f8d3 21b0 	ldr.w	r2, [r3, #432]	@ 0x1b0
    3638:	4232      	tst	r2, r6
    363a:	d11e      	bne.n	367a <schedule_transfer+0x66>
		//digitalWriteFast(2, HIGH);
		//ret |= 0x01;
		uint32_t status, cyccnt=ARM_DWT_CYCCNT;
    363c:	4c19      	ldr	r4, [pc, #100]	@ (36a4 <schedule_transfer+0x90>)
    363e:	6865      	ldr	r5, [r4, #4]
    3640:	e005      	b.n	364e <schedule_transfer+0x3a>
		do {
			USB1_USBCMD |= USB_USBCMD_ATDTW;
			status = USB1_ENDPTSTATUS;
		} while (!(USB1_USBCMD & USB_USBCMD_ATDTW) && (ARM_DWT_CYCCNT - cyccnt < 2400));
    3642:	6862      	ldr	r2, [r4, #4]
    3644:	eba2 0c05 	sub.w	ip, r2, r5
    3648:	f5bc 6f16 	cmp.w	ip, #2400	@ 0x960
    364c:	d20b      	bcs.n	3666 <schedule_transfer+0x52>
			USB1_USBCMD |= USB_USBCMD_ATDTW;
    364e:	f8d3 2140 	ldr.w	r2, [r3, #320]	@ 0x140
    3652:	f442 4280 	orr.w	r2, r2, #16384	@ 0x4000
    3656:	f8c3 2140 	str.w	r2, [r3, #320]	@ 0x140
			status = USB1_ENDPTSTATUS;
    365a:	f8d3 11b8 	ldr.w	r1, [r3, #440]	@ 0x1b8
		} while (!(USB1_USBCMD & USB_USBCMD_ATDTW) && (ARM_DWT_CYCCNT - cyccnt < 2400));
    365e:	f8d3 2140 	ldr.w	r2, [r3, #320]	@ 0x140
    3662:	0452      	lsls	r2, r2, #17
    3664:	d5ed      	bpl.n	3642 <schedule_transfer+0x2e>
		//USB1_USBCMD &= ~USB_USBCMD_ATDTW;
		if (status & epmask) goto end;
    3666:	4031      	ands	r1, r6
    3668:	d107      	bne.n	367a <schedule_transfer+0x66>
		//ret |= 0x02;
		endpoint->next = (uint32_t)transfer;
		endpoint->status = 0;
		USB1_ENDPTPRIME |= epmask;
    366a:	4a0d      	ldr	r2, [pc, #52]	@ (36a0 <schedule_transfer+0x8c>)
		endpoint->status = 0;
    366c:	e9ce 0102 	strd	r0, r1, [lr, #8]
		USB1_ENDPTPRIME |= epmask;
    3670:	f8d2 31b0 	ldr.w	r3, [r2, #432]	@ 0x1b0
    3674:	4333      	orrs	r3, r6
    3676:	f8c2 31b0 	str.w	r3, [r2, #432]	@ 0x1b0
	endpoint->next = (uint32_t)transfer;
	endpoint->status = 0;
	USB1_ENDPTPRIME |= epmask;
	endpoint->first_transfer = transfer;
end:
	endpoint->last_transfer = transfer;
    367a:	f8ce 0034 	str.w	r0, [lr, #52]	@ 0x34
	__enable_irq();
    367e:	b662      	cpsie	i
	//digitalWriteFast(2, LOW);
	//digitalWriteFast(1, LOW);
	//if (transfer_log_head > LOG_SIZE) transfer_log_head = 0;
	//transfer_log[transfer_log_head++] = ret;
	//transfer_log_count++;
}
    3680:	bd70      	pop	{r4, r5, r6, pc}
	USB1_ENDPTPRIME |= epmask;
    3682:	4907      	ldr	r1, [pc, #28]	@ (36a0 <schedule_transfer+0x8c>)
	endpoint->status = 0;
    3684:	e9ce 0202 	strd	r0, r2, [lr, #8]
	USB1_ENDPTPRIME |= epmask;
    3688:	f8d1 31b0 	ldr.w	r3, [r1, #432]	@ 0x1b0
    368c:	4333      	orrs	r3, r6
    368e:	f8c1 31b0 	str.w	r3, [r1, #432]	@ 0x1b0
	endpoint->first_transfer = transfer;
    3692:	f8ce 0030 	str.w	r0, [lr, #48]	@ 0x30
	endpoint->last_transfer = transfer;
    3696:	f8ce 0034 	str.w	r0, [lr, #52]	@ 0x34
	__enable_irq();
    369a:	b662      	cpsie	i
}
    369c:	bd70      	pop	{r4, r5, r6, pc}
    369e:	bf00      	nop
    36a0:	402e0000 	.word	0x402e0000
    36a4:	e0001000 	.word	0xe0001000

000036a8 <run_callbacks>:
	void (*callback_function)(transfer_t *completed_transfer);
	uint32_t unused1;
};*/

static void run_callbacks(endpoint_t *ep)
{
    36a8:	b570      	push	{r4, r5, r6, lr}
	//printf("run_callbacks\n");
	transfer_t *first = ep->first_transfer;
    36aa:	6b05      	ldr	r5, [r0, #48]	@ 0x30
	if (first == NULL) return;
    36ac:	b195      	cbz	r5, 36d4 <run_callbacks+0x2c>

	// count how many transfers are completed, then remove them from the endpoint's list
	uint32_t count = 0;
	transfer_t *t = first;
    36ae:	462b      	mov	r3, r5
	uint32_t count = 0;
    36b0:	2400      	movs	r4, #0
    36b2:	e003      	b.n	36bc <run_callbacks+0x14>
			//printf(" still active\n");
			ep->first_transfer = t;
			break;
		}
		count++;
		t = (transfer_t *)t->next;
    36b4:	681b      	ldr	r3, [r3, #0]
		count++;
    36b6:	3401      	adds	r4, #1
		if ((uint32_t)t == 1) {
    36b8:	2b01      	cmp	r3, #1
    36ba:	d00c      	beq.n	36d6 <run_callbacks+0x2e>
		if (t->status & (1<<7)) {
    36bc:	685a      	ldr	r2, [r3, #4]
    36be:	0612      	lsls	r2, r2, #24
    36c0:	d5f8      	bpl.n	36b4 <run_callbacks+0xc>
			ep->first_transfer = t;
    36c2:	6303      	str	r3, [r0, #48]	@ 0x30
			ep->last_transfer = NULL;
			break;
		}
	}
	// do all the callbacks
	while (count) {
    36c4:	4606      	mov	r6, r0
    36c6:	b12c      	cbz	r4, 36d4 <run_callbacks+0x2c>
		transfer_t *next = (transfer_t *)first->next;
    36c8:	4628      	mov	r0, r5
		ep->callback_function(first);
    36ca:	6bb3      	ldr	r3, [r6, #56]	@ 0x38
		transfer_t *next = (transfer_t *)first->next;
    36cc:	682d      	ldr	r5, [r5, #0]
		ep->callback_function(first);
    36ce:	4798      	blx	r3
	while (count) {
    36d0:	3c01      	subs	r4, #1
    36d2:	d1f9      	bne.n	36c8 <run_callbacks+0x20>
		first = next;
		count--;
	}
}
    36d4:	bd70      	pop	{r4, r5, r6, pc}
			ep->first_transfer = NULL;
    36d6:	2200      	movs	r2, #0
    36d8:	2300      	movs	r3, #0
    36da:	e9c0 230c 	strd	r2, r3, [r0, #48]	@ 0x30
			break;
    36de:	e7f1      	b.n	36c4 <run_callbacks+0x1c>

000036e0 <endpoint0_transmit.constprop.0>:
static void endpoint0_transmit(const void *data, uint32_t len, int notify)
    36e0:	b500      	push	{lr}
	if (len > 0) {
    36e2:	bb01      	cbnz	r1, 3726 <endpoint0_transmit.constprop.0+0x46>
    36e4:	f8df c0a0 	ldr.w	ip, [pc, #160]	@ 3788 <endpoint0_transmit.constprop.0+0xa8>
	endpoint0_transfer_ack.next = 1;
    36e8:	4b23      	ldr	r3, [pc, #140]	@ (3778 <endpoint0_transmit.constprop.0+0x98>)
	endpoint0_transfer_ack.pointer0 = 0;
    36ea:	2100      	movs	r1, #0
	USB1_ENDPTCOMPLETE = (1<<0) | (1<<16);
    36ec:	4a23      	ldr	r2, [pc, #140]	@ (377c <endpoint0_transmit.constprop.0+0x9c>)
	endpoint0_transfer_ack.next = 1;
    36ee:	f04f 0e01 	mov.w	lr, #1
	USB1_ENDPTCOMPLETE = (1<<0) | (1<<16);
    36f2:	f04f 1001 	mov.w	r0, #65537	@ 0x10001
	endpoint0_transfer_ack.pointer0 = 0;
    36f6:	6099      	str	r1, [r3, #8]
	endpoint0_transfer_ack.next = 1;
    36f8:	f8c3 e000 	str.w	lr, [r3]
	endpoint_queue_head[0].status = 0;
    36fc:	e9cc 3102 	strd	r3, r1, [ip, #8]
	endpoint0_transfer_ack.status = (1<<7) | (notify ? (1 << 15) : 0);
    3700:	f04f 0c80 	mov.w	ip, #128	@ 0x80
    3704:	f8c3 c004 	str.w	ip, [r3, #4]
	USB1_ENDPTCOMPLETE = (1<<0) | (1<<16);
    3708:	f8c2 01bc 	str.w	r0, [r2, #444]	@ 0x1bc
	USB1_ENDPTPRIME |= (1<<0);
    370c:	f8d2 31b0 	ldr.w	r3, [r2, #432]	@ 0x1b0
	endpoint0_notify_mask = (notify ? (1 << 0) : 0);
    3710:	481b      	ldr	r0, [pc, #108]	@ (3780 <endpoint0_transmit.constprop.0+0xa0>)
	USB1_ENDPTPRIME |= (1<<0);
    3712:	ea43 030e 	orr.w	r3, r3, lr
    3716:	f8c2 31b0 	str.w	r3, [r2, #432]	@ 0x1b0
	endpoint0_notify_mask = (notify ? (1 << 0) : 0);
    371a:	6001      	str	r1, [r0, #0]
	while (USB1_ENDPTPRIME) ;
    371c:	f8d2 31b0 	ldr.w	r3, [r2, #432]	@ 0x1b0
    3720:	2b00      	cmp	r3, #0
    3722:	d1fb      	bne.n	371c <endpoint0_transmit.constprop.0+0x3c>
}
    3724:	bd00      	pop	{pc}
		endpoint0_transfer_data.status = (len << 16) | (1<<7);
    3726:	0409      	lsls	r1, r1, #16
		endpoint0_transfer_data.next = 1;
    3728:	4b16      	ldr	r3, [pc, #88]	@ (3784 <endpoint0_transmit.constprop.0+0xa4>)
		endpoint_queue_head[1].next = (uint32_t)&endpoint0_transfer_data;
    372a:	f8df c05c 	ldr.w	ip, [pc, #92]	@ 3788 <endpoint0_transmit.constprop.0+0xa8>
		endpoint0_transfer_data.next = 1;
    372e:	f04f 0e01 	mov.w	lr, #1
		endpoint0_transfer_data.status = (len << 16) | (1<<7);
    3732:	f041 0180 	orr.w	r1, r1, #128	@ 0x80
		endpoint0_transfer_data.pointer0 = addr; // format: table 55-60, pg 3159
    3736:	6098      	str	r0, [r3, #8]
		USB1_ENDPTPRIME |= (1<<16);
    3738:	4a10      	ldr	r2, [pc, #64]	@ (377c <endpoint0_transmit.constprop.0+0x9c>)
		endpoint0_transfer_data.status = (len << 16) | (1<<7);
    373a:	6059      	str	r1, [r3, #4]
		endpoint0_transfer_data.pointer1 = addr + 4096;
    373c:	f500 5180 	add.w	r1, r0, #4096	@ 0x1000
		endpoint0_transfer_data.next = 1;
    3740:	f8c3 e000 	str.w	lr, [r3]
		endpoint0_transfer_data.pointer1 = addr + 4096;
    3744:	60d9      	str	r1, [r3, #12]
		endpoint0_transfer_data.pointer2 = addr + 8192;
    3746:	f500 5100 	add.w	r1, r0, #8192	@ 0x2000
		endpoint_queue_head[1].next = (uint32_t)&endpoint0_transfer_data;
    374a:	f8cc 3048 	str.w	r3, [ip, #72]	@ 0x48
		endpoint0_transfer_data.pointer2 = addr + 8192;
    374e:	6119      	str	r1, [r3, #16]
		endpoint0_transfer_data.pointer3 = addr + 12288;
    3750:	f500 5140 	add.w	r1, r0, #12288	@ 0x3000
		endpoint0_transfer_data.pointer4 = addr + 16384;
    3754:	f500 4080 	add.w	r0, r0, #16384	@ 0x4000
		endpoint0_transfer_data.pointer3 = addr + 12288;
    3758:	6159      	str	r1, [r3, #20]
		endpoint_queue_head[1].status = 0;
    375a:	2100      	movs	r1, #0
		endpoint0_transfer_data.pointer4 = addr + 16384;
    375c:	6198      	str	r0, [r3, #24]
		endpoint_queue_head[1].status = 0;
    375e:	f8cc 104c 	str.w	r1, [ip, #76]	@ 0x4c
		USB1_ENDPTPRIME |= (1<<16);
    3762:	f8d2 31b0 	ldr.w	r3, [r2, #432]	@ 0x1b0
    3766:	f443 3380 	orr.w	r3, r3, #65536	@ 0x10000
    376a:	f8c2 31b0 	str.w	r3, [r2, #432]	@ 0x1b0
		while (USB1_ENDPTPRIME) ;
    376e:	f8d2 31b0 	ldr.w	r3, [r2, #432]	@ 0x1b0
    3772:	2b00      	cmp	r3, #0
    3774:	d1fb      	bne.n	376e <endpoint0_transmit.constprop.0+0x8e>
    3776:	e7b7      	b.n	36e8 <endpoint0_transmit.constprop.0+0x8>
    3778:	200012e0 	.word	0x200012e0
    377c:	402e0000 	.word	0x402e0000
    3780:	200024b4 	.word	0x200024b4
    3784:	20001300 	.word	0x20001300
    3788:	20000000 	.word	0x20000000

0000378c <usb_stop_sof_interrupts>:
	sof_usage &= ~(1 << interface);
    378c:	4907      	ldr	r1, [pc, #28]	@ (37ac <usb_stop_sof_interrupts+0x20>)
    378e:	2201      	movs	r2, #1
    3790:	780b      	ldrb	r3, [r1, #0]
    3792:	4082      	lsls	r2, r0
    3794:	ea23 0302 	bic.w	r3, r3, r2
    3798:	700b      	strb	r3, [r1, #0]
	if (sof_usage == 0) {
    379a:	b933      	cbnz	r3, 37aa <usb_stop_sof_interrupts+0x1e>
		USB1_USBINTR &= ~USB_USBINTR_SRE;
    379c:	4a04      	ldr	r2, [pc, #16]	@ (37b0 <usb_stop_sof_interrupts+0x24>)
    379e:	f8d2 3148 	ldr.w	r3, [r2, #328]	@ 0x148
    37a2:	f023 0380 	bic.w	r3, r3, #128	@ 0x80
    37a6:	f8c2 3148 	str.w	r3, [r2, #328]	@ 0x148
}
    37aa:	4770      	bx	lr
    37ac:	20002699 	.word	0x20002699
    37b0:	402e0000 	.word	0x402e0000

000037b4 <usb_isr>:
{
    37b4:	e92d 47f0 	stmdb	sp!, {r4, r5, r6, r7, r8, r9, sl, lr}
	uint32_t status = USB1_USBSTS;
    37b8:	4cac      	ldr	r4, [pc, #688]	@ (3a6c <usb_isr+0x2b8>)
{
    37ba:	b082      	sub	sp, #8
	uint32_t status = USB1_USBSTS;
    37bc:	f8d4 6144 	ldr.w	r6, [r4, #324]	@ 0x144
	if (status & USB_USBSTS_UI) {
    37c0:	07f5      	lsls	r5, r6, #31
	USB1_USBSTS = status;
    37c2:	f8c4 6144 	str.w	r6, [r4, #324]	@ 0x144
	if (status & USB_USBSTS_UI) {
    37c6:	d550      	bpl.n	386a <usb_isr+0xb6>
		uint32_t setupstatus = USB1_ENDPTSETUPSTAT;
    37c8:	f8d4 31ac 	ldr.w	r3, [r4, #428]	@ 0x1ac
		while (setupstatus) {
    37cc:	2b00      	cmp	r3, #0
    37ce:	d047      	beq.n	3860 <usb_isr+0xac>
    37d0:	4da7      	ldr	r5, [pc, #668]	@ (3a70 <usb_isr+0x2bc>)
			USB1_ENDPTFLUSH = (1<<16) | (1<<0); // page 3174
    37d2:	f04f 1701 	mov.w	r7, #65537	@ 0x10001
    37d6:	f8df 82c0 	ldr.w	r8, [pc, #704]	@ 3a98 <usb_isr+0x2e4>
	endpoint0_transfer_ack.next = 1;
    37da:	f8df 92c0 	ldr.w	r9, [pc, #704]	@ 3a9c <usb_isr+0x2e8>
			USB1_ENDPTSETUPSTAT = setupstatus;
    37de:	f8c4 31ac 	str.w	r3, [r4, #428]	@ 0x1ac
				s.word1 = endpoint_queue_head[0].setup0;
    37e2:	e9d5 020a 	ldrd	r0, r2, [r5, #40]	@ 0x28
				USB1_USBCMD |= USB_USBCMD_SUTW;
    37e6:	f8d4 3140 	ldr.w	r3, [r4, #320]	@ 0x140
    37ea:	f443 5300 	orr.w	r3, r3, #8192	@ 0x2000
    37ee:	f8c4 3140 	str.w	r3, [r4, #320]	@ 0x140
			} while (!(USB1_USBCMD & USB_USBCMD_SUTW));
    37f2:	f8d4 3140 	ldr.w	r3, [r4, #320]	@ 0x140
    37f6:	0499      	lsls	r1, r3, #18
    37f8:	d5f5      	bpl.n	37e6 <usb_isr+0x32>
			USB1_USBCMD &= ~USB_USBCMD_SUTW;
    37fa:	f8d4 3140 	ldr.w	r3, [r4, #320]	@ 0x140
    37fe:	f423 5300 	bic.w	r3, r3, #8192	@ 0x2000
    3802:	f8c4 3140 	str.w	r3, [r4, #320]	@ 0x140
			USB1_ENDPTFLUSH = (1<<16) | (1<<0); // page 3174
    3806:	f8c4 71b4 	str.w	r7, [r4, #436]	@ 0x1b4
			while (USB1_ENDPTFLUSH & ((1<<16) | (1<<0))) ;
    380a:	f8d4 31b4 	ldr.w	r3, [r4, #436]	@ 0x1b4
    380e:	f013 1301 	ands.w	r3, r3, #65537	@ 0x10001
    3812:	d1fa      	bne.n	380a <usb_isr+0x56>
			endpoint0_notify_mask = 0;
    3814:	fa1f fc80 	uxth.w	ip, r0
    3818:	f8c8 3000 	str.w	r3, [r8]
	switch (setup.wRequestAndType) {
    381c:	f5bc 6f08 	cmp.w	ip, #2176	@ 0x880
    3820:	f000 8155 	beq.w	3ace <usb_isr+0x31a>
    3824:	f200 809a 	bhi.w	395c <usb_isr+0x1a8>
    3828:	f240 3102 	movw	r1, #770	@ 0x302
    382c:	458c      	cmp	ip, r1
    382e:	f000 81aa 	beq.w	3b86 <usb_isr+0x3d2>
    3832:	f200 80aa 	bhi.w	398a <usb_isr+0x1d6>
    3836:	f1bc 0f82 	cmp.w	ip, #130	@ 0x82
    383a:	f000 81fa 	beq.w	3c32 <usb_isr+0x47e>
    383e:	f5bc 7f81 	cmp.w	ip, #258	@ 0x102
    3842:	f000 81cb 	beq.w	3bdc <usb_isr+0x428>
    3846:	f1bc 0f80 	cmp.w	ip, #128	@ 0x80
    384a:	f040 809b 	bne.w	3984 <usb_isr+0x1d0>
		reply_buffer[0] = 0;
    384e:	4889      	ldr	r0, [pc, #548]	@ (3a74 <usb_isr+0x2c0>)
		endpoint0_transmit(reply_buffer, 2, 0);
    3850:	2102      	movs	r1, #2
		reply_buffer[0] = 0;
    3852:	8003      	strh	r3, [r0, #0]
		endpoint0_transmit(reply_buffer, 2, 0);
    3854:	f7ff ff44 	bl	36e0 <endpoint0_transmit.constprop.0>
			setupstatus = USB1_ENDPTSETUPSTAT; // page 3175
    3858:	f8d4 31ac 	ldr.w	r3, [r4, #428]	@ 0x1ac
		while (setupstatus) {
    385c:	2b00      	cmp	r3, #0
    385e:	d1be      	bne.n	37de <usb_isr+0x2a>
		uint32_t completestatus = USB1_ENDPTCOMPLETE;
    3860:	4b82      	ldr	r3, [pc, #520]	@ (3a6c <usb_isr+0x2b8>)
    3862:	f8d3 41bc 	ldr.w	r4, [r3, #444]	@ 0x1bc
		if (completestatus) {
    3866:	2c00      	cmp	r4, #0
    3868:	d142      	bne.n	38f0 <usb_isr+0x13c>
	if (status & USB_USBSTS_URI) { // page 3164
    386a:	0670      	lsls	r0, r6, #25
    386c:	d516      	bpl.n	389c <usb_isr+0xe8>
		USB1_ENDPTSETUPSTAT = USB1_ENDPTSETUPSTAT; // Clear all setup token semaphores
    386e:	4b7f      	ldr	r3, [pc, #508]	@ (3a6c <usb_isr+0x2b8>)
    3870:	f8d3 21ac 	ldr.w	r2, [r3, #428]	@ 0x1ac
    3874:	f8c3 21ac 	str.w	r2, [r3, #428]	@ 0x1ac
		USB1_ENDPTCOMPLETE = USB1_ENDPTCOMPLETE; // Clear all the endpoint complete status
    3878:	f8d3 21bc 	ldr.w	r2, [r3, #444]	@ 0x1bc
    387c:	f8c3 21bc 	str.w	r2, [r3, #444]	@ 0x1bc
		while (USB1_ENDPTPRIME != 0) ; // Wait for any endpoint priming
    3880:	f8d3 41b0 	ldr.w	r4, [r3, #432]	@ 0x1b0
    3884:	2c00      	cmp	r4, #0
    3886:	d1fb      	bne.n	3880 <usb_isr+0xcc>
		USB1_ENDPTFLUSH = 0xFFFFFFFF;  // Cancel all endpoint primed status
    3888:	f04f 32ff 	mov.w	r2, #4294967295
    388c:	f8c3 21b4 	str.w	r2, [r3, #436]	@ 0x1b4
		if ((USB1_PORTSC1 & USB_PORTSC1_PR)) {
    3890:	f8d3 3184 	ldr.w	r3, [r3, #388]	@ 0x184
		usb_serial_reset();
    3894:	f000 fdf6 	bl	4484 <usb_serial_reset>
		endpointN_notify_mask = 0;
    3898:	4b77      	ldr	r3, [pc, #476]	@ (3a78 <usb_isr+0x2c4>)
    389a:	601c      	str	r4, [r3, #0]
	if (status & USB_USBSTS_TI0) {
    389c:	01f4      	lsls	r4, r6, #7
    389e:	d503      	bpl.n	38a8 <usb_isr+0xf4>
		if (usb_timer0_callback != NULL) usb_timer0_callback();
    38a0:	4b76      	ldr	r3, [pc, #472]	@ (3a7c <usb_isr+0x2c8>)
    38a2:	681b      	ldr	r3, [r3, #0]
    38a4:	b103      	cbz	r3, 38a8 <usb_isr+0xf4>
    38a6:	4798      	blx	r3
	if (status & USB_USBSTS_TI1) {
    38a8:	01b0      	lsls	r0, r6, #6
    38aa:	d503      	bpl.n	38b4 <usb_isr+0x100>
		if (usb_timer1_callback != NULL) usb_timer1_callback();
    38ac:	4b74      	ldr	r3, [pc, #464]	@ (3a80 <usb_isr+0x2cc>)
    38ae:	681b      	ldr	r3, [r3, #0]
    38b0:	b103      	cbz	r3, 38b4 <usb_isr+0x100>
    38b2:	4798      	blx	r3
	if (status & USB_USBSTS_PCI) {
    38b4:	0771      	lsls	r1, r6, #29
    38b6:	d508      	bpl.n	38ca <usb_isr+0x116>
		if (USB1_PORTSC1 & USB_PORTSC1_HSP) {
    38b8:	4b6c      	ldr	r3, [pc, #432]	@ (3a6c <usb_isr+0x2b8>)
    38ba:	f8d3 3184 	ldr.w	r3, [r3, #388]	@ 0x184
    38be:	f413 7300 	ands.w	r3, r3, #512	@ 0x200
    38c2:	d048      	beq.n	3956 <usb_isr+0x1a2>
			usb_high_speed = 1;
    38c4:	4b6f      	ldr	r3, [pc, #444]	@ (3a84 <usb_isr+0x2d0>)
    38c6:	2201      	movs	r2, #1
    38c8:	701a      	strb	r2, [r3, #0]
	if ((USB1_USBINTR & USB_USBINTR_SRE) && (status & USB_USBSTS_SRI)) {
    38ca:	4b68      	ldr	r3, [pc, #416]	@ (3a6c <usb_isr+0x2b8>)
    38cc:	f8d3 3148 	ldr.w	r3, [r3, #328]	@ 0x148
    38d0:	061a      	lsls	r2, r3, #24
    38d2:	d50a      	bpl.n	38ea <usb_isr+0x136>
    38d4:	0633      	lsls	r3, r6, #24
    38d6:	d508      	bpl.n	38ea <usb_isr+0x136>
		if (usb_reboot_timer) {
    38d8:	4a6b      	ldr	r2, [pc, #428]	@ (3a88 <usb_isr+0x2d4>)
    38da:	7813      	ldrb	r3, [r2, #0]
    38dc:	b12b      	cbz	r3, 38ea <usb_isr+0x136>
			if (--usb_reboot_timer == 0) {
    38de:	3b01      	subs	r3, #1
    38e0:	b2db      	uxtb	r3, r3
    38e2:	7013      	strb	r3, [r2, #0]
    38e4:	2b00      	cmp	r3, #0
    38e6:	f000 823a 	beq.w	3d5e <usb_isr+0x5aa>
}
    38ea:	b002      	add	sp, #8
    38ec:	e8bd 87f0 	ldmia.w	sp!, {r4, r5, r6, r7, r8, r9, sl, pc}
			if (completestatus & endpoint0_notify_mask) {
    38f0:	f8df 81a4 	ldr.w	r8, [pc, #420]	@ 3a98 <usb_isr+0x2e4>
			USB1_ENDPTCOMPLETE = completestatus;
    38f4:	f8c3 41bc 	str.w	r4, [r3, #444]	@ 0x1bc
			if (completestatus & endpoint0_notify_mask) {
    38f8:	f8d8 2000 	ldr.w	r2, [r8]
    38fc:	4214      	tst	r4, r2
    38fe:	f040 81ae 	bne.w	3c5e <usb_isr+0x4aa>
			completestatus &= endpointN_notify_mask;
    3902:	4b5d      	ldr	r3, [pc, #372]	@ (3a78 <usb_isr+0x2c4>)
    3904:	681b      	ldr	r3, [r3, #0]
			if (completestatus) {
    3906:	401c      	ands	r4, r3
    3908:	d0af      	beq.n	386a <usb_isr+0xb6>
				uint32_t rx = completestatus & 0xffff;
    390a:	fa1f f884 	uxth.w	r8, r4
    390e:	4d58      	ldr	r5, [pc, #352]	@ (3a70 <usb_isr+0x2bc>)
				while (tx) {
    3910:	0c24      	lsrs	r4, r4, #16
    3912:	d011      	beq.n	3938 <usb_isr+0x184>
					tx &= ~(1<<p);
    3914:	f04f 0901 	mov.w	r9, #1
					int p=__builtin_ctz(tx);
    3918:	fa94 f7a4 	rbit	r7, r4
    391c:	fab7 f787 	clz	r7, r7
					run_callbacks(endpoint_queue_head + p * 2 + 1);
    3920:	eb05 10c7 	add.w	r0, r5, r7, lsl #7
					tx &= ~(1<<p);
    3924:	fa09 f707 	lsl.w	r7, r9, r7
					run_callbacks(endpoint_queue_head + p * 2 + 1);
    3928:	3040      	adds	r0, #64	@ 0x40
    392a:	f7ff febd 	bl	36a8 <run_callbacks>
				while (tx) {
    392e:	43bc      	bics	r4, r7
    3930:	d1f2      	bne.n	3918 <usb_isr+0x164>
				while(rx) {
    3932:	f1b8 0f00 	cmp.w	r8, #0
    3936:	d098      	beq.n	386a <usb_isr+0xb6>
					rx &= ~(1<<p);
    3938:	2701      	movs	r7, #1
					int p=__builtin_ctz(rx);
    393a:	fa98 f4a8 	rbit	r4, r8
    393e:	fab4 f484 	clz	r4, r4
					run_callbacks(endpoint_queue_head + p * 2);
    3942:	eb05 10c4 	add.w	r0, r5, r4, lsl #7
					rx &= ~(1<<p);
    3946:	fa07 f404 	lsl.w	r4, r7, r4
					run_callbacks(endpoint_queue_head + p * 2);
    394a:	f7ff fead 	bl	36a8 <run_callbacks>
				while(rx) {
    394e:	ea38 0804 	bics.w	r8, r8, r4
    3952:	d1f2      	bne.n	393a <usb_isr+0x186>
    3954:	e789      	b.n	386a <usb_isr+0xb6>
			usb_high_speed = 0;
    3956:	4a4b      	ldr	r2, [pc, #300]	@ (3a84 <usb_isr+0x2d0>)
    3958:	7013      	strb	r3, [r2, #0]
    395a:	e7b6      	b.n	38ca <usb_isr+0x116>
	switch (setup.wRequestAndType) {
    395c:	f242 0121 	movw	r1, #8225	@ 0x2021
    3960:	458c      	cmp	ip, r1
    3962:	f000 809d 	beq.w	3aa0 <usb_isr+0x2ec>
    3966:	d85f      	bhi.n	3a28 <usb_isr+0x274>
    3968:	f5bc 6f10 	cmp.w	ip, #2304	@ 0x900
    396c:	f000 80b7 	beq.w	3ade <usb_isr+0x32a>
    3970:	f640 1321 	movw	r3, #2337	@ 0x921
    3974:	459c      	cmp	ip, r3
    3976:	d105      	bne.n	3984 <usb_isr+0x1d0>
		if (setup.wLength <= sizeof(endpoint0_buffer)) {
    3978:	f5b2 2f10 	cmp.w	r2, #589824	@ 0x90000
    397c:	ea4f 4112 	mov.w	r1, r2, lsr #16
    3980:	f0c0 81a3 	bcc.w	3cca <usb_isr+0x516>
	USB1_ENDPTCTRL0 = 0x000010001; // stall
    3984:	f8c4 71c0 	str.w	r7, [r4, #448]	@ 0x1c0
    3988:	e766      	b.n	3858 <usb_isr+0xa4>
	switch (setup.wRequestAndType) {
    398a:	f5bc 6fa0 	cmp.w	ip, #1280	@ 0x500
    398e:	f000 80dc 	beq.w	3b4a <usb_isr+0x396>
    3992:	f5ac 6cd0 	sub.w	ip, ip, #1664	@ 0x680
    3996:	f1bc 0f01 	cmp.w	ip, #1
    399a:	d8f3      	bhi.n	3984 <usb_isr+0x1d0>
		for (list = usb_descriptor_list; list->addr != NULL; list++) {
    399c:	4b3b      	ldr	r3, [pc, #236]	@ (3a8c <usb_isr+0x2d8>)
    399e:	6859      	ldr	r1, [r3, #4]
    39a0:	2900      	cmp	r1, #0
    39a2:	d0ef      	beq.n	3984 <usb_isr+0x1d0>
    39a4:	0c00      	lsrs	r0, r0, #16
			if (setup.wValue == list->wValue && setup.wIndex == list->wIndex) {
    39a6:	fa1f fe82 	uxth.w	lr, r2
    39aa:	e003      	b.n	39b4 <usb_isr+0x200>
		for (list = usb_descriptor_list; list->addr != NULL; list++) {
    39ac:	6919      	ldr	r1, [r3, #16]
    39ae:	330c      	adds	r3, #12
    39b0:	2900      	cmp	r1, #0
    39b2:	d0e7      	beq.n	3984 <usb_isr+0x1d0>
			if (setup.wValue == list->wValue && setup.wIndex == list->wIndex) {
    39b4:	f8b3 c000 	ldrh.w	ip, [r3]
    39b8:	4584      	cmp	ip, r0
    39ba:	d1f7      	bne.n	39ac <usb_isr+0x1f8>
    39bc:	f8b3 c002 	ldrh.w	ip, [r3, #2]
    39c0:	45f4      	cmp	ip, lr
    39c2:	d1f3      	bne.n	39ac <usb_isr+0x1f8>
				if ((setup.wValue >> 8) == 3) {
    39c4:	ea4f 2c10 	mov.w	ip, r0, lsr #8
				if (datalen > setup.wLength) datalen = setup.wLength;
    39c8:	0c12      	lsrs	r2, r2, #16
				if ((setup.wValue >> 8) == 3) {
    39ca:	f1bc 0f03 	cmp.w	ip, #3
    39ce:	f000 8187 	beq.w	3ce0 <usb_isr+0x52c>
					datalen = list->length;
    39d2:	891b      	ldrh	r3, [r3, #8]
				if (datalen > setup.wLength) datalen = setup.wLength;
    39d4:	429a      	cmp	r2, r3
    39d6:	bf28      	it	cs
    39d8:	461a      	movcs	r2, r3
				if (setup.wValue == 0x200) {
    39da:	f5b0 7f00 	cmp.w	r0, #512	@ 0x200
    39de:	f040 81a7 	bne.w	3d30 <usb_isr+0x57c>
					if (usb_high_speed) src = usb_config_descriptor_480;
    39e2:	4b28      	ldr	r3, [pc, #160]	@ (3a84 <usb_isr+0x2d0>)
    39e4:	781b      	ldrb	r3, [r3, #0]
    39e6:	2b00      	cmp	r3, #0
    39e8:	f040 81b5 	bne.w	3d56 <usb_isr+0x5a2>
					const uint8_t *src = usb_config_descriptor_12;
    39ec:	4928      	ldr	r1, [pc, #160]	@ (3a90 <usb_isr+0x2dc>)
					memcpy(usb_descriptor_buffer, list->addr, datalen);
    39ee:	4829      	ldr	r0, [pc, #164]	@ (3a94 <usb_isr+0x2e0>)
    39f0:	9201      	str	r2, [sp, #4]
    39f2:	f7ff fbef 	bl	31d4 <memcpy>
    39f6:	f8df a09c 	ldr.w	sl, [pc, #156]	@ 3a94 <usb_isr+0x2e0>
    39fa:	9a01      	ldr	r2, [sp, #4]
	uint32_t location = (uint32_t)addr & 0xFFFFFFE0;
    39fc:	f02a 031f 	bic.w	r3, sl, #31
	uint32_t end_addr = (uint32_t)addr + size;
    3a00:	eb0a 0102 	add.w	r1, sl, r2
	asm("dsb");
    3a04:	f3bf 8f4f 	dsb	sy
		SCB_CACHE_DCCIMVAC = location;
    3a08:	f04f 20e0 	mov.w	r0, #3758153728	@ 0xe000e000
    3a0c:	f8c0 3f70 	str.w	r3, [r0, #3952]	@ 0xf70
		location += 32;
    3a10:	3320      	adds	r3, #32
	} while (location < end_addr);
    3a12:	4299      	cmp	r1, r3
    3a14:	d8fa      	bhi.n	3a0c <usb_isr+0x258>
	asm("dsb");
    3a16:	f3bf 8f4f 	dsb	sy
	asm("isb");
    3a1a:	f3bf 8f6f 	isb	sy
				endpoint0_transmit(usb_descriptor_buffer, datalen, 0);
    3a1e:	481d      	ldr	r0, [pc, #116]	@ (3a94 <usb_isr+0x2e0>)
    3a20:	4611      	mov	r1, r2
    3a22:	f7ff fe5d 	bl	36e0 <endpoint0_transmit.constprop.0>
				return;
    3a26:	e717      	b.n	3858 <usb_isr+0xa4>
	switch (setup.wRequestAndType) {
    3a28:	f242 2321 	movw	r3, #8737	@ 0x2221
    3a2c:	459c      	cmp	ip, r3
    3a2e:	d043      	beq.n	3ab8 <usb_isr+0x304>
    3a30:	f242 3321 	movw	r3, #8993	@ 0x2321
    3a34:	459c      	cmp	ip, r3
    3a36:	d1a5      	bne.n	3984 <usb_isr+0x1d0>
	endpoint0_transfer_ack.pointer0 = 0;
    3a38:	2300      	movs	r3, #0
	endpoint_queue_head[1].next = (uint32_t)&endpoint0_transfer_ack;
    3a3a:	f8c5 9048 	str.w	r9, [r5, #72]	@ 0x48
	endpoint_queue_head[1].status = 0;
    3a3e:	64eb      	str	r3, [r5, #76]	@ 0x4c
	endpoint0_transfer_ack.pointer0 = 0;
    3a40:	f8c9 3008 	str.w	r3, [r9, #8]
	endpoint0_transfer_ack.next = 1;
    3a44:	2301      	movs	r3, #1
    3a46:	f8c9 3000 	str.w	r3, [r9]
	endpoint0_transfer_ack.status = (1<<7) | (notify ? (1 << 15) : 0);
    3a4a:	2380      	movs	r3, #128	@ 0x80
    3a4c:	f8c9 3004 	str.w	r3, [r9, #4]
	USB1_ENDPTCOMPLETE = (1<<0) | (1<<16);
    3a50:	f8c4 71bc 	str.w	r7, [r4, #444]	@ 0x1bc
	USB1_ENDPTPRIME |= (1<<16);
    3a54:	f8d4 31b0 	ldr.w	r3, [r4, #432]	@ 0x1b0
    3a58:	f443 3380 	orr.w	r3, r3, #65536	@ 0x10000
    3a5c:	f8c4 31b0 	str.w	r3, [r4, #432]	@ 0x1b0
	while (USB1_ENDPTPRIME) ;
    3a60:	f8d4 31b0 	ldr.w	r3, [r4, #432]	@ 0x1b0
    3a64:	2b00      	cmp	r3, #0
    3a66:	d1fb      	bne.n	3a60 <usb_isr+0x2ac>
    3a68:	e6f6      	b.n	3858 <usb_isr+0xa4>
    3a6a:	bf00      	nop
    3a6c:	402e0000 	.word	0x402e0000
    3a70:	20000000 	.word	0x20000000
    3a74:	200025a8 	.word	0x200025a8
    3a78:	200024b8 	.word	0x200024b8
    3a7c:	20002680 	.word	0x20002680
    3a80:	20002684 	.word	0x20002684
    3a84:	200026a3 	.word	0x200026a3
    3a88:	200026a4 	.word	0x200026a4
    3a8c:	200009ac 	.word	0x200009ac
    3a90:	60001b18 	.word	0x60001b18
    3a94:	20200000 	.word	0x20200000
    3a98:	200024b4 	.word	0x200024b4
    3a9c:	200012e0 	.word	0x200012e0
		if (setup.wLength != 7) break;
    3aa0:	0c11      	lsrs	r1, r2, #16
    3aa2:	2907      	cmp	r1, #7
    3aa4:	f47f af6e 	bne.w	3984 <usb_isr+0x1d0>
		endpoint0_setupdata.bothwords = setupdata;
    3aa8:	4baf      	ldr	r3, [pc, #700]	@ (3d68 <usb_isr+0x5b4>)
    3aaa:	e9c3 0200 	strd	r0, r2, [r3]
		endpoint0_receive(endpoint0_buffer, 7, 1);
    3aae:	2201      	movs	r2, #1
    3ab0:	48ae      	ldr	r0, [pc, #696]	@ (3d6c <usb_isr+0x5b8>)
    3ab2:	f7ff fd53 	bl	355c <endpoint0_receive>
		return;
    3ab6:	e6cf      	b.n	3858 <usb_isr+0xa4>
		if (setup.wIndex == CDC_STATUS_INTERFACE) {
    3ab8:	b292      	uxth	r2, r2
    3aba:	2a00      	cmp	r2, #0
    3abc:	d1bc      	bne.n	3a38 <usb_isr+0x284>
			usb_cdc_line_rtsdtr_millis = systick_millis_count;
    3abe:	4bac      	ldr	r3, [pc, #688]	@ (3d70 <usb_isr+0x5bc>)
			usb_cdc_line_rtsdtr = setup.wValue;
    3ac0:	0c00      	lsrs	r0, r0, #16
			usb_cdc_line_rtsdtr_millis = systick_millis_count;
    3ac2:	681a      	ldr	r2, [r3, #0]
    3ac4:	4bab      	ldr	r3, [pc, #684]	@ (3d74 <usb_isr+0x5c0>)
    3ac6:	601a      	str	r2, [r3, #0]
			usb_cdc_line_rtsdtr = setup.wValue;
    3ac8:	4bab      	ldr	r3, [pc, #684]	@ (3d78 <usb_isr+0x5c4>)
    3aca:	7018      	strb	r0, [r3, #0]
    3acc:	e7b4      	b.n	3a38 <usb_isr+0x284>
		reply_buffer[0] = usb_configuration;
    3ace:	4bab      	ldr	r3, [pc, #684]	@ (3d7c <usb_isr+0x5c8>)
		endpoint0_transmit(reply_buffer, 1, 0);
    3ad0:	2101      	movs	r1, #1
		reply_buffer[0] = usb_configuration;
    3ad2:	48ab      	ldr	r0, [pc, #684]	@ (3d80 <usb_isr+0x5cc>)
    3ad4:	781b      	ldrb	r3, [r3, #0]
    3ad6:	7003      	strb	r3, [r0, #0]
		endpoint0_transmit(reply_buffer, 1, 0);
    3ad8:	f7ff fe02 	bl	36e0 <endpoint0_transmit.constprop.0>
		return;
    3adc:	e6bc      	b.n	3858 <usb_isr+0xa4>
		usb_configuration = setup.wValue;
    3ade:	0c00      	lsrs	r0, r0, #16
    3ae0:	49a6      	ldr	r1, [pc, #664]	@ (3d7c <usb_isr+0x5c8>)
		USB1_ENDPTCTRL2 = ENDPOINT2_CONFIG;
    3ae2:	4aa8      	ldr	r2, [pc, #672]	@ (3d84 <usb_isr+0x5d0>)
		usb_configuration = setup.wValue;
    3ae4:	7008      	strb	r0, [r1, #0]
		USB1_ENDPTCTRL3 = ENDPOINT3_CONFIG;
    3ae6:	f04f 11c8 	mov.w	r1, #13107400	@ 0xc800c8
    3aea:	9301      	str	r3, [sp, #4]
		USB1_ENDPTCTRL2 = ENDPOINT2_CONFIG;
    3aec:	f8c4 21c8 	str.w	r2, [r4, #456]	@ 0x1c8
		USB1_ENDPTCTRL3 = ENDPOINT3_CONFIG;
    3af0:	f8c4 11cc 	str.w	r1, [r4, #460]	@ 0x1cc
		USB1_ENDPTCTRL4 = ENDPOINT4_CONFIG;
    3af4:	f8c4 21d0 	str.w	r2, [r4, #464]	@ 0x1d0
		USB1_ENDPTCTRL5 = ENDPOINT5_CONFIG;
    3af8:	f8c4 21d4 	str.w	r2, [r4, #468]	@ 0x1d4
		USB1_ENDPTCTRL6 = ENDPOINT6_CONFIG;
    3afc:	f8c4 21d8 	str.w	r2, [r4, #472]	@ 0x1d8
		USB1_ENDPTCTRL7 = ENDPOINT7_CONFIG;
    3b00:	f8c4 21dc 	str.w	r2, [r4, #476]	@ 0x1dc
		usb_serial_configure();
    3b04:	f000 fcc0 	bl	4488 <usb_serial_configure>
		usb_keyboard_configure();
    3b08:	f000 face 	bl	40a8 <usb_keyboard_configure>
		usb_mouse_configure();
    3b0c:	f000 fae8 	bl	40e0 <usb_mouse_configure>
		usb_joystick_configure();
    3b10:	f000 fa3e 	bl	3f90 <usb_joystick_configure>
	endpoint0_transfer_ack.next = 1;
    3b14:	4a9c      	ldr	r2, [pc, #624]	@ (3d88 <usb_isr+0x5d4>)
    3b16:	2101      	movs	r1, #1
	endpoint_queue_head[1].status = 0;
    3b18:	9b01      	ldr	r3, [sp, #4]
	endpoint_queue_head[1].next = (uint32_t)&endpoint0_transfer_ack;
    3b1a:	64aa      	str	r2, [r5, #72]	@ 0x48
	endpoint0_transfer_ack.next = 1;
    3b1c:	6011      	str	r1, [r2, #0]
	endpoint0_transfer_ack.status = (1<<7) | (notify ? (1 << 15) : 0);
    3b1e:	2180      	movs	r1, #128	@ 0x80
	endpoint0_transfer_ack.pointer0 = 0;
    3b20:	6093      	str	r3, [r2, #8]
	endpoint0_transfer_ack.status = (1<<7) | (notify ? (1 << 15) : 0);
    3b22:	6051      	str	r1, [r2, #4]
	USB1_ENDPTCOMPLETE = (1<<0) | (1<<16);
    3b24:	f04f 1201 	mov.w	r2, #65537	@ 0x10001
	endpoint_queue_head[1].status = 0;
    3b28:	64eb      	str	r3, [r5, #76]	@ 0x4c
	USB1_ENDPTCOMPLETE = (1<<0) | (1<<16);
    3b2a:	f8c4 21bc 	str.w	r2, [r4, #444]	@ 0x1bc
	USB1_ENDPTPRIME |= (1<<16);
    3b2e:	f8d4 21b0 	ldr.w	r2, [r4, #432]	@ 0x1b0
    3b32:	f442 3280 	orr.w	r2, r2, #65536	@ 0x10000
    3b36:	f8c4 21b0 	str.w	r2, [r4, #432]	@ 0x1b0
	while (USB1_ENDPTPRIME) ;
    3b3a:	4a94      	ldr	r2, [pc, #592]	@ (3d8c <usb_isr+0x5d8>)
	endpoint0_notify_mask = (notify ? (1 << 16) : 0);
    3b3c:	f8c8 3000 	str.w	r3, [r8]
	while (USB1_ENDPTPRIME) ;
    3b40:	f8d2 31b0 	ldr.w	r3, [r2, #432]	@ 0x1b0
    3b44:	2b00      	cmp	r3, #0
    3b46:	d1fb      	bne.n	3b40 <usb_isr+0x38c>
    3b48:	e686      	b.n	3858 <usb_isr+0xa4>
	endpoint0_transfer_ack.next = 1;
    3b4a:	4a8f      	ldr	r2, [pc, #572]	@ (3d88 <usb_isr+0x5d4>)
	endpoint_queue_head[1].status = 0;
    3b4c:	64eb      	str	r3, [r5, #76]	@ 0x4c
	endpoint0_transfer_ack.pointer0 = 0;
    3b4e:	6093      	str	r3, [r2, #8]
	endpoint0_transfer_ack.next = 1;
    3b50:	2301      	movs	r3, #1
	endpoint_queue_head[1].next = (uint32_t)&endpoint0_transfer_ack;
    3b52:	64aa      	str	r2, [r5, #72]	@ 0x48
	endpoint0_transfer_ack.next = 1;
    3b54:	6013      	str	r3, [r2, #0]
	endpoint0_transfer_ack.status = (1<<7) | (notify ? (1 << 15) : 0);
    3b56:	2380      	movs	r3, #128	@ 0x80
    3b58:	6053      	str	r3, [r2, #4]
	USB1_ENDPTCOMPLETE = (1<<0) | (1<<16);
    3b5a:	f04f 1301 	mov.w	r3, #65537	@ 0x10001
	while (USB1_ENDPTPRIME) ;
    3b5e:	4a8b      	ldr	r2, [pc, #556]	@ (3d8c <usb_isr+0x5d8>)
	USB1_ENDPTCOMPLETE = (1<<0) | (1<<16);
    3b60:	f8c4 31bc 	str.w	r3, [r4, #444]	@ 0x1bc
	USB1_ENDPTPRIME |= (1<<16);
    3b64:	f8d4 31b0 	ldr.w	r3, [r4, #432]	@ 0x1b0
    3b68:	f443 3380 	orr.w	r3, r3, #65536	@ 0x10000
    3b6c:	f8c4 31b0 	str.w	r3, [r4, #432]	@ 0x1b0
	while (USB1_ENDPTPRIME) ;
    3b70:	f8d2 31b0 	ldr.w	r3, [r2, #432]	@ 0x1b0
    3b74:	2b00      	cmp	r3, #0
    3b76:	d1fb      	bne.n	3b70 <usb_isr+0x3bc>
		USB1_DEVICEADDR = USB_DEVICEADDR_USBADR(setup.wValue) | USB_DEVICEADDR_USBADRA;
    3b78:	0c03      	lsrs	r3, r0, #16
    3b7a:	065b      	lsls	r3, r3, #25
    3b7c:	f043 7380 	orr.w	r3, r3, #16777216	@ 0x1000000
    3b80:	f8c2 3154 	str.w	r3, [r2, #340]	@ 0x154
		return;
    3b84:	e668      	b.n	3858 <usb_isr+0xa4>
		if (endpoint > 7) break;
    3b86:	f012 0f78 	tst.w	r2, #120	@ 0x78
    3b8a:	f47f aefb 	bne.w	3984 <usb_isr+0x1d0>
		endpoint = setup.wIndex & 0x7F;
    3b8e:	f002 017f 	and.w	r1, r2, #127	@ 0x7f
			*((volatile uint32_t *)&USB1_ENDPTCTRL0 + endpoint) |= USB_ENDPTCTRL_TXS;
    3b92:	4b7f      	ldr	r3, [pc, #508]	@ (3d90 <usb_isr+0x5dc>)
		if (dir) {
    3b94:	f012 0f80 	tst.w	r2, #128	@ 0x80
			*((volatile uint32_t *)&USB1_ENDPTCTRL0 + endpoint) |= USB_ENDPTCTRL_TXS;
    3b98:	f853 2021 	ldr.w	r2, [r3, r1, lsl #2]
    3b9c:	bf14      	ite	ne
    3b9e:	f442 3280 	orrne.w	r2, r2, #65536	@ 0x10000
			*((volatile uint32_t *)&USB1_ENDPTCTRL0 + endpoint) |= USB_ENDPTCTRL_RXS;
    3ba2:	f042 0201 	orreq.w	r2, r2, #1
    3ba6:	f843 2021 	str.w	r2, [r3, r1, lsl #2]
	endpoint0_transfer_ack.pointer0 = 0;
    3baa:	2100      	movs	r1, #0
	endpoint0_transfer_ack.next = 1;
    3bac:	4b76      	ldr	r3, [pc, #472]	@ (3d88 <usb_isr+0x5d4>)
	endpoint_queue_head[1].status = 0;
    3bae:	64e9      	str	r1, [r5, #76]	@ 0x4c
	endpoint0_transfer_ack.pointer0 = 0;
    3bb0:	6099      	str	r1, [r3, #8]
	endpoint0_transfer_ack.next = 1;
    3bb2:	2101      	movs	r1, #1
	endpoint_queue_head[1].next = (uint32_t)&endpoint0_transfer_ack;
    3bb4:	64ab      	str	r3, [r5, #72]	@ 0x48
	endpoint0_transfer_ack.next = 1;
    3bb6:	6019      	str	r1, [r3, #0]
	endpoint0_transfer_ack.status = (1<<7) | (notify ? (1 << 15) : 0);
    3bb8:	2180      	movs	r1, #128	@ 0x80
	USB1_ENDPTCOMPLETE = (1<<0) | (1<<16);
    3bba:	4a74      	ldr	r2, [pc, #464]	@ (3d8c <usb_isr+0x5d8>)
	endpoint0_transfer_ack.status = (1<<7) | (notify ? (1 << 15) : 0);
    3bbc:	6059      	str	r1, [r3, #4]
	USB1_ENDPTCOMPLETE = (1<<0) | (1<<16);
    3bbe:	f04f 1301 	mov.w	r3, #65537	@ 0x10001
    3bc2:	f8c2 31bc 	str.w	r3, [r2, #444]	@ 0x1bc
	USB1_ENDPTPRIME |= (1<<16);
    3bc6:	f8d2 31b0 	ldr.w	r3, [r2, #432]	@ 0x1b0
    3bca:	f443 3380 	orr.w	r3, r3, #65536	@ 0x10000
    3bce:	f8c2 31b0 	str.w	r3, [r2, #432]	@ 0x1b0
	while (USB1_ENDPTPRIME) ;
    3bd2:	f8d2 31b0 	ldr.w	r3, [r2, #432]	@ 0x1b0
    3bd6:	2b00      	cmp	r3, #0
    3bd8:	d1fb      	bne.n	3bd2 <usb_isr+0x41e>
    3bda:	e63d      	b.n	3858 <usb_isr+0xa4>
		if (endpoint > 7) break;
    3bdc:	f012 0f78 	tst.w	r2, #120	@ 0x78
    3be0:	f47f aed0 	bne.w	3984 <usb_isr+0x1d0>
		endpoint = setup.wIndex & 0x7F;
    3be4:	f002 017f 	and.w	r1, r2, #127	@ 0x7f
			*((volatile uint32_t *)&USB1_ENDPTCTRL0 + endpoint) &= ~USB_ENDPTCTRL_TXS;
    3be8:	4b69      	ldr	r3, [pc, #420]	@ (3d90 <usb_isr+0x5dc>)
		if (dir) {
    3bea:	f012 0f80 	tst.w	r2, #128	@ 0x80
			*((volatile uint32_t *)&USB1_ENDPTCTRL0 + endpoint) &= ~USB_ENDPTCTRL_TXS;
    3bee:	f853 2021 	ldr.w	r2, [r3, r1, lsl #2]
    3bf2:	bf14      	ite	ne
    3bf4:	f422 3280 	bicne.w	r2, r2, #65536	@ 0x10000
			*((volatile uint32_t *)&USB1_ENDPTCTRL0 + endpoint) &= ~USB_ENDPTCTRL_RXS;
    3bf8:	f022 0201 	biceq.w	r2, r2, #1
    3bfc:	f843 2021 	str.w	r2, [r3, r1, lsl #2]
	endpoint0_transfer_ack.pointer0 = 0;
    3c00:	2100      	movs	r1, #0
	endpoint0_transfer_ack.next = 1;
    3c02:	4b61      	ldr	r3, [pc, #388]	@ (3d88 <usb_isr+0x5d4>)
	endpoint_queue_head[1].status = 0;
    3c04:	64e9      	str	r1, [r5, #76]	@ 0x4c
	endpoint0_transfer_ack.pointer0 = 0;
    3c06:	6099      	str	r1, [r3, #8]
	endpoint0_transfer_ack.next = 1;
    3c08:	2101      	movs	r1, #1
	endpoint_queue_head[1].next = (uint32_t)&endpoint0_transfer_ack;
    3c0a:	64ab      	str	r3, [r5, #72]	@ 0x48
	endpoint0_transfer_ack.next = 1;
    3c0c:	6019      	str	r1, [r3, #0]
	endpoint0_transfer_ack.status = (1<<7) | (notify ? (1 << 15) : 0);
    3c0e:	2180      	movs	r1, #128	@ 0x80
	USB1_ENDPTCOMPLETE = (1<<0) | (1<<16);
    3c10:	4a5e      	ldr	r2, [pc, #376]	@ (3d8c <usb_isr+0x5d8>)
	endpoint0_transfer_ack.status = (1<<7) | (notify ? (1 << 15) : 0);
    3c12:	6059      	str	r1, [r3, #4]
	USB1_ENDPTCOMPLETE = (1<<0) | (1<<16);
    3c14:	f04f 1301 	mov.w	r3, #65537	@ 0x10001
    3c18:	f8c2 31bc 	str.w	r3, [r2, #444]	@ 0x1bc
	USB1_ENDPTPRIME |= (1<<16);
    3c1c:	f8d2 31b0 	ldr.w	r3, [r2, #432]	@ 0x1b0
    3c20:	f443 3380 	orr.w	r3, r3, #65536	@ 0x10000
    3c24:	f8c2 31b0 	str.w	r3, [r2, #432]	@ 0x1b0
	while (USB1_ENDPTPRIME) ;
    3c28:	f8d2 31b0 	ldr.w	r3, [r2, #432]	@ 0x1b0
    3c2c:	2b00      	cmp	r3, #0
    3c2e:	d1fb      	bne.n	3c28 <usb_isr+0x474>
    3c30:	e612      	b.n	3858 <usb_isr+0xa4>
		if (endpoint > 7) break;
    3c32:	f012 0378 	ands.w	r3, r2, #120	@ 0x78
    3c36:	f47f aea5 	bne.w	3984 <usb_isr+0x1d0>
		ctrl = *((uint32_t *)&USB1_ENDPTCTRL0 + endpoint);
    3c3a:	4955      	ldr	r1, [pc, #340]	@ (3d90 <usb_isr+0x5dc>)
		endpoint = setup.wIndex & 0x7F;
    3c3c:	f002 007f 	and.w	r0, r2, #127	@ 0x7f
		ctrl = *((uint32_t *)&USB1_ENDPTCTRL0 + endpoint);
    3c40:	f851 0020 	ldr.w	r0, [r1, r0, lsl #2]
		reply_buffer[0] = 0;
    3c44:	494e      	ldr	r1, [pc, #312]	@ (3d80 <usb_isr+0x5cc>)
    3c46:	800b      	strh	r3, [r1, #0]
		if ((dir && (ctrl & USB_ENDPTCTRL_TXS)) || (!dir && (ctrl & USB_ENDPTCTRL_RXS))) {
    3c48:	0613      	lsls	r3, r2, #24
    3c4a:	d53b      	bpl.n	3cc4 <usb_isr+0x510>
    3c4c:	03c2      	lsls	r2, r0, #15
    3c4e:	d501      	bpl.n	3c54 <usb_isr+0x4a0>
			reply_buffer[0] = 1;
    3c50:	2301      	movs	r3, #1
    3c52:	700b      	strb	r3, [r1, #0]
		endpoint0_transmit(reply_buffer, 2, 0);
    3c54:	2102      	movs	r1, #2
    3c56:	484a      	ldr	r0, [pc, #296]	@ (3d80 <usb_isr+0x5cc>)
    3c58:	f7ff fd42 	bl	36e0 <endpoint0_transmit.constprop.0>
		return;
    3c5c:	e5fc      	b.n	3858 <usb_isr+0xa4>
				endpoint0_notify_mask = 0;
    3c5e:	2200      	movs	r2, #0
	setup.bothwords = endpoint0_setupdata.bothwords;
    3c60:	4941      	ldr	r1, [pc, #260]	@ (3d68 <usb_isr+0x5b4>)
	if (setup.wRequestAndType == 0x2021 && setup.wIndex == CDC_STATUS_INTERFACE) {
    3c62:	f242 0021 	movw	r0, #8225	@ 0x2021
				endpoint0_notify_mask = 0;
    3c66:	f8c8 2000 	str.w	r2, [r8]
	setup.bothwords = endpoint0_setupdata.bothwords;
    3c6a:	e9d1 2500 	ldrd	r2, r5, [r1]
	if (setup.wRequestAndType == 0x2021 && setup.wIndex == CDC_STATUS_INTERFACE) {
    3c6e:	b291      	uxth	r1, r2
    3c70:	4281      	cmp	r1, r0
    3c72:	d03a      	beq.n	3cea <usb_isr+0x536>
	if (setup.word1 == 0x02000921 && setup.word2 == ((1 << 16) | KEYBOARD_INTERFACE)) {
    3c74:	4b47      	ldr	r3, [pc, #284]	@ (3d94 <usb_isr+0x5e0>)
    3c76:	429a      	cmp	r2, r3
    3c78:	f47f ae43 	bne.w	3902 <usb_isr+0x14e>
    3c7c:	4b46      	ldr	r3, [pc, #280]	@ (3d98 <usb_isr+0x5e4>)
    3c7e:	429d      	cmp	r5, r3
    3c80:	f47f ae3f 	bne.w	3902 <usb_isr+0x14e>
		keyboard_leds = endpoint0_buffer[0];
    3c84:	4a39      	ldr	r2, [pc, #228]	@ (3d6c <usb_isr+0x5b8>)
	endpoint0_transfer_ack.pointer0 = 0;
    3c86:	2100      	movs	r1, #0
		keyboard_leds = endpoint0_buffer[0];
    3c88:	4b44      	ldr	r3, [pc, #272]	@ (3d9c <usb_isr+0x5e8>)
    3c8a:	7812      	ldrb	r2, [r2, #0]
	endpoint_queue_head[0].next = (uint32_t)&endpoint0_transfer_ack;
    3c8c:	4d44      	ldr	r5, [pc, #272]	@ (3da0 <usb_isr+0x5ec>)
		keyboard_leds = endpoint0_buffer[0];
    3c8e:	701a      	strb	r2, [r3, #0]
	endpoint0_transfer_ack.next = 1;
    3c90:	2301      	movs	r3, #1
    3c92:	4a3d      	ldr	r2, [pc, #244]	@ (3d88 <usb_isr+0x5d4>)
    3c94:	6013      	str	r3, [r2, #0]
	endpoint0_transfer_ack.status = (1<<7) | (notify ? (1 << 15) : 0);
    3c96:	2380      	movs	r3, #128	@ 0x80
	endpoint0_transfer_ack.pointer0 = 0;
    3c98:	6091      	str	r1, [r2, #8]
	endpoint0_transfer_ack.status = (1<<7) | (notify ? (1 << 15) : 0);
    3c9a:	6053      	str	r3, [r2, #4]
	USB1_ENDPTCOMPLETE = (1<<0) | (1<<16);
    3c9c:	4b3b      	ldr	r3, [pc, #236]	@ (3d8c <usb_isr+0x5d8>)
	endpoint_queue_head[0].status = 0;
    3c9e:	e9c5 2102 	strd	r2, r1, [r5, #8]
	USB1_ENDPTCOMPLETE = (1<<0) | (1<<16);
    3ca2:	f04f 1201 	mov.w	r2, #65537	@ 0x10001
    3ca6:	f8c3 21bc 	str.w	r2, [r3, #444]	@ 0x1bc
	USB1_ENDPTPRIME |= (1<<0);
    3caa:	f8d3 21b0 	ldr.w	r2, [r3, #432]	@ 0x1b0
    3cae:	f042 0201 	orr.w	r2, r2, #1
    3cb2:	f8c3 21b0 	str.w	r2, [r3, #432]	@ 0x1b0
	endpoint0_notify_mask = (notify ? (1 << 0) : 0);
    3cb6:	f8c8 1000 	str.w	r1, [r8]
	while (USB1_ENDPTPRIME) ;
    3cba:	f8d3 21b0 	ldr.w	r2, [r3, #432]	@ 0x1b0
    3cbe:	2a00      	cmp	r2, #0
    3cc0:	d1fb      	bne.n	3cba <usb_isr+0x506>
    3cc2:	e61e      	b.n	3902 <usb_isr+0x14e>
		if ((dir && (ctrl & USB_ENDPTCTRL_TXS)) || (!dir && (ctrl & USB_ENDPTCTRL_RXS))) {
    3cc4:	07c3      	lsls	r3, r0, #31
    3cc6:	d5c5      	bpl.n	3c54 <usb_isr+0x4a0>
    3cc8:	e7c2      	b.n	3c50 <usb_isr+0x49c>
			endpoint0_setupdata.bothwords = setup.bothwords;
    3cca:	4b27      	ldr	r3, [pc, #156]	@ (3d68 <usb_isr+0x5b4>)
    3ccc:	e9c3 0200 	strd	r0, r2, [r3]
			endpoint0_buffer[0] = 0xE9;
    3cd0:	4a26      	ldr	r2, [pc, #152]	@ (3d6c <usb_isr+0x5b8>)
    3cd2:	23e9      	movs	r3, #233	@ 0xe9
			endpoint0_receive(endpoint0_buffer, setup.wLength, 1);
    3cd4:	4610      	mov	r0, r2
			endpoint0_buffer[0] = 0xE9;
    3cd6:	7013      	strb	r3, [r2, #0]
			endpoint0_receive(endpoint0_buffer, setup.wLength, 1);
    3cd8:	2201      	movs	r2, #1
    3cda:	f7ff fc3f 	bl	355c <endpoint0_receive>
			return;
    3cde:	e5bb      	b.n	3858 <usb_isr+0xa4>
					datalen = *(list->addr);
    3ce0:	780b      	ldrb	r3, [r1, #0]
				if (datalen > setup.wLength) datalen = setup.wLength;
    3ce2:	429a      	cmp	r2, r3
    3ce4:	bf28      	it	cs
    3ce6:	461a      	movcs	r2, r3
				} else if (setup.wValue == 0x700) {
    3ce8:	e681      	b.n	39ee <usb_isr+0x23a>
	if (setup.wRequestAndType == 0x2021 && setup.wIndex == CDC_STATUS_INTERFACE) {
    3cea:	b2a9      	uxth	r1, r5
    3cec:	2900      	cmp	r1, #0
    3cee:	d1c1      	bne.n	3c74 <usb_isr+0x4c0>
		memcpy(usb_cdc_line_coding, endpoint0_buffer, 7);
    3cf0:	491e      	ldr	r1, [pc, #120]	@ (3d6c <usb_isr+0x5b8>)
    3cf2:	4f2c      	ldr	r7, [pc, #176]	@ (3da4 <usb_isr+0x5f0>)
    3cf4:	c903      	ldmia	r1, {r0, r1}
    3cf6:	80b9      	strh	r1, [r7, #4]
		if (usb_cdc_line_coding[0] == 134) {
    3cf8:	2886      	cmp	r0, #134	@ 0x86
		memcpy(usb_cdc_line_coding, endpoint0_buffer, 7);
    3cfa:	ea4f 4111 	mov.w	r1, r1, lsr #16
    3cfe:	6038      	str	r0, [r7, #0]
    3d00:	71b9      	strb	r1, [r7, #6]
		if (usb_cdc_line_coding[0] == 134) {
    3d02:	d1b7      	bne.n	3c74 <usb_isr+0x4c0>
	__disable_irq();
    3d04:	b672      	cpsid	i
	sof_usage |= (1 << interface);
    3d06:	4828      	ldr	r0, [pc, #160]	@ (3da8 <usb_isr+0x5f4>)
    3d08:	7801      	ldrb	r1, [r0, #0]
    3d0a:	f041 0140 	orr.w	r1, r1, #64	@ 0x40
    3d0e:	7001      	strb	r1, [r0, #0]
	uint32_t intr = USB1_USBINTR;
    3d10:	f8d3 1148 	ldr.w	r1, [r3, #328]	@ 0x148
	if (!(intr & USB_USBINTR_SRE)) {
    3d14:	060f      	lsls	r7, r1, #24
    3d16:	d406      	bmi.n	3d26 <usb_isr+0x572>
		USB1_USBINTR = intr | USB_USBINTR_SRE;
    3d18:	f041 0180 	orr.w	r1, r1, #128	@ 0x80
		USB1_USBSTS = USB_USBSTS_SRI; // clear prior SOF before SOF IRQ enable
    3d1c:	2080      	movs	r0, #128	@ 0x80
    3d1e:	f8c3 0144 	str.w	r0, [r3, #324]	@ 0x144
		USB1_USBINTR = intr | USB_USBINTR_SRE;
    3d22:	f8c3 1148 	str.w	r1, [r3, #328]	@ 0x148
	__enable_irq();
    3d26:	b662      	cpsie	i
			usb_reboot_timer = 80; // TODO: 10 if only 12 Mbit/sec
    3d28:	4b20      	ldr	r3, [pc, #128]	@ (3dac <usb_isr+0x5f8>)
    3d2a:	2150      	movs	r1, #80	@ 0x50
    3d2c:	7019      	strb	r1, [r3, #0]
    3d2e:	e7a1      	b.n	3c74 <usb_isr+0x4c0>
				} else if (setup.wValue == 0x700) {
    3d30:	f5b0 6fe0 	cmp.w	r0, #1792	@ 0x700
    3d34:	f47f ae5b 	bne.w	39ee <usb_isr+0x23a>
					if (usb_high_speed) src = usb_config_descriptor_12;
    3d38:	4b1d      	ldr	r3, [pc, #116]	@ (3db0 <usb_isr+0x5fc>)
    3d3a:	781b      	ldrb	r3, [r3, #0]
    3d3c:	b96b      	cbnz	r3, 3d5a <usb_isr+0x5a6>
					const uint8_t *src = usb_config_descriptor_480;
    3d3e:	491d      	ldr	r1, [pc, #116]	@ (3db4 <usb_isr+0x600>)
					memcpy(usb_descriptor_buffer, src, datalen);
    3d40:	f8df a078 	ldr.w	sl, [pc, #120]	@ 3dbc <usb_isr+0x608>
    3d44:	9201      	str	r2, [sp, #4]
    3d46:	4650      	mov	r0, sl
    3d48:	f7ff fa44 	bl	31d4 <memcpy>
					usb_descriptor_buffer[1] = 7;
    3d4c:	2307      	movs	r3, #7
    3d4e:	f88a 3001 	strb.w	r3, [sl, #1]
    3d52:	9a01      	ldr	r2, [sp, #4]
    3d54:	e652      	b.n	39fc <usb_isr+0x248>
					if (usb_high_speed) src = usb_config_descriptor_480;
    3d56:	4917      	ldr	r1, [pc, #92]	@ (3db4 <usb_isr+0x600>)
					memcpy(usb_descriptor_buffer, src, datalen);
    3d58:	e649      	b.n	39ee <usb_isr+0x23a>
					if (usb_high_speed) src = usb_config_descriptor_12;
    3d5a:	4917      	ldr	r1, [pc, #92]	@ (3db8 <usb_isr+0x604>)
    3d5c:	e7f0      	b.n	3d40 <usb_isr+0x58c>
				usb_stop_sof_interrupts(NUM_INTERFACE);
    3d5e:	2006      	movs	r0, #6
    3d60:	f7ff fd14 	bl	378c <usb_stop_sof_interrupts>
				_reboot_Teensyduino_();
    3d64:	f001 f888 	bl	4e78 <___reboot_Teensyduino__veneer>
    3d68:	20001730 	.word	0x20001730
    3d6c:	200024ac 	.word	0x200024ac
    3d70:	20002660 	.word	0x20002660
    3d74:	20002670 	.word	0x20002670
    3d78:	200026a1 	.word	0x200026a1
    3d7c:	200026a2 	.word	0x200026a2
    3d80:	200025a8 	.word	0x200025a8
    3d84:	00cc0002 	.word	0x00cc0002
    3d88:	200012e0 	.word	0x200012e0
    3d8c:	402e0000 	.word	0x402e0000
    3d90:	402e01c0 	.word	0x402e01c0
    3d94:	02000921 	.word	0x02000921
    3d98:	00010002 	.word	0x00010002
    3d9c:	20002696 	.word	0x20002696
    3da0:	20000000 	.word	0x20000000
    3da4:	20002668 	.word	0x20002668
    3da8:	20002699 	.word	0x20002699
    3dac:	200026a4 	.word	0x200026a4
    3db0:	200026a3 	.word	0x200026a3
    3db4:	60001bc8 	.word	0x60001bc8
    3db8:	60001b18 	.word	0x60001b18
    3dbc:	20200000 	.word	0x20200000

00003dc0 <usb_config_rx>:
{
    3dc0:	e92d 43f0 	stmdb	sp!, {r4, r5, r6, r7, r8, r9, lr}
	if (ep < 2 || ep > NUM_ENDPOINTS) return;
    3dc4:	1e84      	subs	r4, r0, #2
{
    3dc6:	b083      	sub	sp, #12
	if (ep < 2 || ep > NUM_ENDPOINTS) return;
    3dc8:	2c05      	cmp	r4, #5
    3dca:	d902      	bls.n	3dd2 <usb_config_rx+0x12>
}
    3dcc:	b003      	add	sp, #12
    3dce:	e8bd 83f0 	ldmia.w	sp!, {r4, r5, r6, r7, r8, r9, pc}
	usb_endpoint_config(endpoint_queue_head + ep * 2, config, cb);
    3dd2:	4d12      	ldr	r5, [pc, #72]	@ (3e1c <usb_config_rx+0x5c>)
    3dd4:	4690      	mov	r8, r2
    3dd6:	460f      	mov	r7, r1
    3dd8:	01c6      	lsls	r6, r0, #7
    3dda:	eb05 14c0 	add.w	r4, r5, r0, lsl #7
	memset(qh, 0, sizeof(endpoint_t));
    3dde:	223c      	movs	r2, #60	@ 0x3c
    3de0:	2100      	movs	r1, #0
	usb_endpoint_config(endpoint_queue_head + ep * 2, config, cb);
    3de2:	9001      	str	r0, [sp, #4]
	memset(qh, 0, sizeof(endpoint_t));
    3de4:	1d20      	adds	r0, r4, #4
    3de6:	4699      	mov	r9, r3
    3de8:	f000 ffd4 	bl	4d94 <memset>
	uint32_t config = (packet_size << 16) | (do_zlp ? 0 : (1 << 29));
    3dec:	fab8 f288 	clz	r2, r8
    3df0:	0439      	lsls	r1, r7, #16
    3df2:	0952      	lsrs	r2, r2, #5
    3df4:	ea41 7142 	orr.w	r1, r1, r2, lsl #29
	qh->next = 1; // Terminate bit = 1
    3df8:	2201      	movs	r2, #1
	qh->config = config;
    3dfa:	51a9      	str	r1, [r5, r6]
	qh->callback_function = callback;
    3dfc:	f8c4 9038 	str.w	r9, [r4, #56]	@ 0x38
	qh->next = 1; // Terminate bit = 1
    3e00:	60a2      	str	r2, [r4, #8]
	if (cb) endpointN_notify_mask |= (1 << ep);
    3e02:	f1b9 0f00 	cmp.w	r9, #0
    3e06:	d0e1      	beq.n	3dcc <usb_config_rx+0xc>
    3e08:	4905      	ldr	r1, [pc, #20]	@ (3e20 <usb_config_rx+0x60>)
    3e0a:	9b01      	ldr	r3, [sp, #4]
    3e0c:	409a      	lsls	r2, r3
    3e0e:	680b      	ldr	r3, [r1, #0]
    3e10:	431a      	orrs	r2, r3
    3e12:	600a      	str	r2, [r1, #0]
}
    3e14:	b003      	add	sp, #12
    3e16:	e8bd 83f0 	ldmia.w	sp!, {r4, r5, r6, r7, r8, r9, pc}
    3e1a:	bf00      	nop
    3e1c:	20000000 	.word	0x20000000
    3e20:	200024b8 	.word	0x200024b8

00003e24 <usb_config_tx>:
{
    3e24:	e92d 43f0 	stmdb	sp!, {r4, r5, r6, r7, r8, r9, lr}
	if (ep < 2 || ep > NUM_ENDPOINTS) return;
    3e28:	f1a0 0e02 	sub.w	lr, r0, #2
{
    3e2c:	b083      	sub	sp, #12
	if (ep < 2 || ep > NUM_ENDPOINTS) return;
    3e2e:	f1be 0f05 	cmp.w	lr, #5
    3e32:	d902      	bls.n	3e3a <usb_config_tx+0x16>
}
    3e34:	b003      	add	sp, #12
    3e36:	e8bd 83f0 	ldmia.w	sp!, {r4, r5, r6, r7, r8, r9, pc}
	usb_endpoint_config(endpoint_queue_head + ep * 2 + 1, config, cb);
    3e3a:	4691      	mov	r9, r2
    3e3c:	01c2      	lsls	r2, r0, #7
    3e3e:	4f12      	ldr	r7, [pc, #72]	@ (3e88 <usb_config_tx+0x64>)
    3e40:	4688      	mov	r8, r1
    3e42:	f102 0640 	add.w	r6, r2, #64	@ 0x40
    3e46:	4605      	mov	r5, r0
	memset(qh, 0, sizeof(endpoint_t));
    3e48:	223c      	movs	r2, #60	@ 0x3c
    3e4a:	2100      	movs	r1, #0
	usb_endpoint_config(endpoint_queue_head + ep * 2 + 1, config, cb);
    3e4c:	19f4      	adds	r4, r6, r7
	memset(qh, 0, sizeof(endpoint_t));
    3e4e:	9301      	str	r3, [sp, #4]
    3e50:	1d20      	adds	r0, r4, #4
    3e52:	f000 ff9f 	bl	4d94 <memset>
	uint32_t config = (packet_size << 16) | (do_zlp ? 0 : (1 << 29));
    3e56:	fab9 fc89 	clz	ip, r9
    3e5a:	ea4f 4208 	mov.w	r2, r8, lsl #16
	qh->callback_function = callback;
    3e5e:	9b01      	ldr	r3, [sp, #4]
	uint32_t config = (packet_size << 16) | (do_zlp ? 0 : (1 << 29));
    3e60:	ea4f 1c5c 	mov.w	ip, ip, lsr #5
    3e64:	ea42 724c 	orr.w	r2, r2, ip, lsl #29
	qh->config = config;
    3e68:	51ba      	str	r2, [r7, r6]
	qh->next = 1; // Terminate bit = 1
    3e6a:	2201      	movs	r2, #1
	qh->callback_function = callback;
    3e6c:	63a3      	str	r3, [r4, #56]	@ 0x38
	qh->next = 1; // Terminate bit = 1
    3e6e:	60a2      	str	r2, [r4, #8]
	if (cb) endpointN_notify_mask |= (1 << (ep + 16));
    3e70:	2b00      	cmp	r3, #0
    3e72:	d0df      	beq.n	3e34 <usb_config_tx+0x10>
    3e74:	4905      	ldr	r1, [pc, #20]	@ (3e8c <usb_config_tx+0x68>)
    3e76:	f105 0010 	add.w	r0, r5, #16
    3e7a:	680b      	ldr	r3, [r1, #0]
    3e7c:	4082      	lsls	r2, r0
    3e7e:	431a      	orrs	r2, r3
    3e80:	600a      	str	r2, [r1, #0]
}
    3e82:	b003      	add	sp, #12
    3e84:	e8bd 83f0 	ldmia.w	sp!, {r4, r5, r6, r7, r8, r9, pc}
    3e88:	20000000 	.word	0x20000000
    3e8c:	200024b8 	.word	0x200024b8

00003e90 <usb_prepare_transfer>:
	transfer->status = (len << 16) | (1<<7);
    3e90:	0412      	lsls	r2, r2, #16
	transfer->next = 1;
    3e92:	f04f 0c01 	mov.w	ip, #1
	transfer->pointer0 = addr;
    3e96:	6081      	str	r1, [r0, #8]
	transfer->status = (len << 16) | (1<<7);
    3e98:	f042 0280 	orr.w	r2, r2, #128	@ 0x80
	transfer->next = 1;
    3e9c:	f8c0 c000 	str.w	ip, [r0]
	transfer->callback_param = param;
    3ea0:	61c3      	str	r3, [r0, #28]
	transfer->pointer1 = addr + 4096;
    3ea2:	f501 5c80 	add.w	ip, r1, #4096	@ 0x1000
	transfer->pointer3 = addr + 12288;
    3ea6:	f501 5340 	add.w	r3, r1, #12288	@ 0x3000
	transfer->status = (len << 16) | (1<<7);
    3eaa:	6042      	str	r2, [r0, #4]
	transfer->pointer2 = addr + 8192;
    3eac:	f501 5200 	add.w	r2, r1, #8192	@ 0x2000
	transfer->pointer4 = addr + 16384;
    3eb0:	f501 4180 	add.w	r1, r1, #16384	@ 0x4000
	transfer->pointer1 = addr + 4096;
    3eb4:	f8c0 c00c 	str.w	ip, [r0, #12]
	transfer->pointer4 = addr + 16384;
    3eb8:	6181      	str	r1, [r0, #24]
	transfer->pointer3 = addr + 12288;
    3eba:	e9c0 2304 	strd	r2, r3, [r0, #16]
}
    3ebe:	4770      	bx	lr

00003ec0 <usb_transmit>:

void usb_transmit(int endpoint_number, transfer_t *transfer)
{
	if (endpoint_number < 2 || endpoint_number > NUM_ENDPOINTS) return;
    3ec0:	1e83      	subs	r3, r0, #2
    3ec2:	2b05      	cmp	r3, #5
    3ec4:	d900      	bls.n	3ec8 <usb_transmit+0x8>
    3ec6:	4770      	bx	lr
	endpoint_t *endpoint = endpoint_queue_head + endpoint_number * 2 + 1;
	uint32_t mask = 1 << (endpoint_number + 16);
    3ec8:	f100 0c10 	add.w	ip, r0, #16
	endpoint_t *endpoint = endpoint_queue_head + endpoint_number * 2 + 1;
    3ecc:	4b06      	ldr	r3, [pc, #24]	@ (3ee8 <usb_transmit+0x28>)
	schedule_transfer(endpoint, mask, transfer);
    3ece:	460a      	mov	r2, r1
    3ed0:	eb03 10c0 	add.w	r0, r3, r0, lsl #7
{
    3ed4:	b500      	push	{lr}
	uint32_t mask = 1 << (endpoint_number + 16);
    3ed6:	f04f 0e01 	mov.w	lr, #1
	schedule_transfer(endpoint, mask, transfer);
    3eda:	fa0e f10c 	lsl.w	r1, lr, ip
}
    3ede:	f85d eb04 	ldr.w	lr, [sp], #4
	schedule_transfer(endpoint, mask, transfer);
    3ee2:	f7ff bb97 	b.w	3614 <schedule_transfer>
    3ee6:	bf00      	nop
    3ee8:	20000040 	.word	0x20000040

00003eec <usb_receive>:

void usb_receive(int endpoint_number, transfer_t *transfer)
{
	if (endpoint_number < 2 || endpoint_number > NUM_ENDPOINTS) return;
    3eec:	1e83      	subs	r3, r0, #2
    3eee:	2b05      	cmp	r3, #5
    3ef0:	d900      	bls.n	3ef4 <usb_receive+0x8>
	endpoint_t *endpoint = endpoint_queue_head + endpoint_number * 2;
	uint32_t mask = 1 << endpoint_number;
	schedule_transfer(endpoint, mask, transfer);
}
    3ef2:	4770      	bx	lr
	uint32_t mask = 1 << endpoint_number;
    3ef4:	f04f 0c01 	mov.w	ip, #1
	endpoint_t *endpoint = endpoint_queue_head + endpoint_number * 2;
    3ef8:	4b03      	ldr	r3, [pc, #12]	@ (3f08 <usb_receive+0x1c>)
	schedule_transfer(endpoint, mask, transfer);
    3efa:	460a      	mov	r2, r1
    3efc:	fa0c f100 	lsl.w	r1, ip, r0
    3f00:	eb03 10c0 	add.w	r0, r3, r0, lsl #7
    3f04:	f7ff bb86 	b.w	3614 <schedule_transfer>
    3f08:	20000000 	.word	0x20000000

00003f0c <usb_transfer_status>:
		//if (!(cmd & USB_USBCMD_ATDTW)) continue;
		//if (status & 0x80) break; // for still active, only 1 reading needed
		//if (++count > 1) break; // for completed, check 10 times
	}
#else
	return transfer->status;
    3f0c:	6840      	ldr	r0, [r0, #4]
#endif
}
    3f0e:	4770      	bx	lr

00003f10 <usb_init_serialnumber>:
void usb_init_serialnumber(void)
{
	char buf[11];
	uint32_t i, num;

	num = HW_OCOTP_MAC0 & 0xFFFFFF;
    3f10:	4b14      	ldr	r3, [pc, #80]	@ (3f64 <usb_init_serialnumber+0x54>)
	// add extra zero to work around OS-X CDC-ACM driver bug
	if (num < 10000000) num = num * 10;
	ultoa(num, buf, 10);
    3f12:	220a      	movs	r2, #10
	if (num < 10000000) num = num * 10;
    3f14:	f8df c050 	ldr.w	ip, [pc, #80]	@ 3f68 <usb_init_serialnumber+0x58>
	num = HW_OCOTP_MAC0 & 0xFFFFFF;
    3f18:	f8d3 0220 	ldr.w	r0, [r3, #544]	@ 0x220
    3f1c:	f020 407f 	bic.w	r0, r0, #4278190080	@ 0xff000000
	if (num < 10000000) num = num * 10;
    3f20:	eb00 0380 	add.w	r3, r0, r0, lsl #2
{
    3f24:	b500      	push	{lr}
	if (num < 10000000) num = num * 10;
    3f26:	005b      	lsls	r3, r3, #1
{
    3f28:	b085      	sub	sp, #20
	ultoa(num, buf, 10);
    3f2a:	4560      	cmp	r0, ip
    3f2c:	bf38      	it	cc
    3f2e:	4618      	movcc	r0, r3
    3f30:	4669      	mov	r1, sp
    3f32:	f7ff f9e9 	bl	3308 <ultoa>
	for (i=0; i<10; i++) {
    3f36:	f8df c034 	ldr.w	ip, [pc, #52]	@ 3f6c <usb_init_serialnumber+0x5c>
    3f3a:	466b      	mov	r3, sp
    3f3c:	2200      	movs	r2, #0
    3f3e:	4660      	mov	r0, ip
		char c = buf[i];
    3f40:	7819      	ldrb	r1, [r3, #0]
	for (i=0; i<10; i++) {
    3f42:	3201      	adds	r2, #1
    3f44:	3301      	adds	r3, #1
		if (!c) break;
    3f46:	b141      	cbz	r1, 3f5a <usb_init_serialnumber+0x4a>
	for (i=0; i<10; i++) {
    3f48:	2a0a      	cmp	r2, #10
		usb_string_serial_number_default.wString[i] = c;
    3f4a:	f820 1f02 	strh.w	r1, [r0, #2]!
	for (i=0; i<10; i++) {
    3f4e:	d1f7      	bne.n	3f40 <usb_init_serialnumber+0x30>
    3f50:	2216      	movs	r2, #22
	}
	usb_string_serial_number_default.bLength = i * 2 + 2;
    3f52:	f88c 2000 	strb.w	r2, [ip]
}
    3f56:	b005      	add	sp, #20
    3f58:	bd00      	pop	{pc}
	usb_string_serial_number_default.bLength = i * 2 + 2;
    3f5a:	0052      	lsls	r2, r2, #1
    3f5c:	f88c 2000 	strb.w	r2, [ip]
}
    3f60:	b005      	add	sp, #20
    3f62:	bd00      	pop	{pc}
    3f64:	401f4400 	.word	0x401f4400
    3f68:	00989680 	.word	0x00989680
    3f6c:	20000dc4 	.word	0x20000dc4

00003f70 <usb_serial_class::clear()>:
        virtual void clear(void) { usb_serial_flush_input(); }
    3f70:	f000 bba8 	b.w	46c4 <usb_serial_flush_input>

00003f74 <usb_serial_class::available()>:
        virtual int available() { return usb_serial_available(); }
    3f74:	f000 bb98 	b.w	46a8 <usb_serial_available>

00003f78 <usb_serial_class::flush()>:
        virtual void flush() { usb_serial_flush_output(); }  // TODO: actually wait for data to leave USB...
    3f78:	f000 bc2e 	b.w	47d8 <usb_serial_flush_output>

00003f7c <usb_serial_class::availableForWrite()>:
	virtual int availableForWrite() { return usb_serial_write_buffer_free(); }
    3f7c:	f000 bc08 	b.w	4790 <usb_serial_write_buffer_free>

00003f80 <usb_serial_class::write(unsigned char const*, unsigned int)>:
        virtual size_t write(const uint8_t *buffer, size_t size) { return usb_serial_write(buffer, size); }
    3f80:	4608      	mov	r0, r1
    3f82:	4611      	mov	r1, r2
    3f84:	f000 bbfa 	b.w	477c <usb_serial_write>

00003f88 <usb_serial_class::write(unsigned char)>:
        virtual size_t write(uint8_t c) { return usb_serial_putchar(c); }
    3f88:	4608      	mov	r0, r1
    3f8a:	f000 bbe3 	b.w	4754 <usb_serial_putchar>
    3f8e:	bf00      	nop

00003f90 <usb_joystick_configure>:
#endif


void usb_joystick_configure(void)
{
	memset(tx_transfer, 0, sizeof(tx_transfer));
    3f90:	2280      	movs	r2, #128	@ 0x80
    3f92:	2100      	movs	r1, #0
    3f94:	4806      	ldr	r0, [pc, #24]	@ (3fb0 <usb_joystick_configure+0x20>)
{
    3f96:	b510      	push	{r4, lr}
	memset(tx_transfer, 0, sizeof(tx_transfer));
    3f98:	f000 fefc 	bl	4d94 <memset>
	tx_head = 0;
    3f9c:	2300      	movs	r3, #0
    3f9e:	4805      	ldr	r0, [pc, #20]	@ (3fb4 <usb_joystick_configure+0x24>)
	usb_config_tx(JOYSTICK_ENDPOINT, JOYSTICK_SIZE, 0, NULL);
    3fa0:	210c      	movs	r1, #12
    3fa2:	461a      	mov	r2, r3
	tx_head = 0;
    3fa4:	7003      	strb	r3, [r0, #0]
	usb_config_tx(JOYSTICK_ENDPOINT, JOYSTICK_SIZE, 0, NULL);
    3fa6:	2007      	movs	r0, #7
}
    3fa8:	e8bd 4010 	ldmia.w	sp!, {r4, lr}
	usb_config_tx(JOYSTICK_ENDPOINT, JOYSTICK_SIZE, 0, NULL);
    3fac:	f7ff bf3a 	b.w	3e24 <usb_config_tx>
    3fb0:	20001420 	.word	0x20001420
    3fb4:	2000269c 	.word	0x2000269c

00003fb8 <usb_joystick_send>:


int usb_joystick_send()
{
    3fb8:	e92d 47f0 	stmdb	sp!, {r4, r5, r6, r7, r8, r9, sl, lr}
        if (!usb_configuration) return -1;
    3fbc:	4e30      	ldr	r6, [pc, #192]	@ (4080 <usb_joystick_send+0xc8>)
    3fbe:	7833      	ldrb	r3, [r6, #0]
    3fc0:	2b00      	cmp	r3, #0
    3fc2:	d058      	beq.n	4076 <usb_joystick_send+0xbe>
        uint32_t head = tx_head;
    3fc4:	f8df a0dc 	ldr.w	sl, [pc, #220]	@ 40a4 <usb_joystick_send+0xec>
        transfer_t *xfer = tx_transfer + head;
    3fc8:	4c2e      	ldr	r4, [pc, #184]	@ (4084 <usb_joystick_send+0xcc>)
        uint32_t wait_begin_at = systick_millis_count;
    3fca:	4d2f      	ldr	r5, [pc, #188]	@ (4088 <usb_joystick_send+0xd0>)
        uint32_t head = tx_head;
    3fcc:	f89a 9000 	ldrb.w	r9, [sl]
        uint32_t wait_begin_at = systick_millis_count;
    3fd0:	f8d5 8000 	ldr.w	r8, [r5]
        transfer_t *xfer = tx_transfer + head;
    3fd4:	eb04 1449 	add.w	r4, r4, r9, lsl #5
        uint32_t wait_begin_at = systick_millis_count;
    3fd8:	4f2c      	ldr	r7, [pc, #176]	@ (408c <usb_joystick_send+0xd4>)
    3fda:	e00c      	b.n	3ff6 <usb_joystick_send+0x3e>
                                        status, tx_head, systick_millis_count);
                        }
                        transmit_previous_timeout = 0;
                        break;
                }
                if (transmit_previous_timeout) return -1;
    3fdc:	783b      	ldrb	r3, [r7, #0]
    3fde:	2b00      	cmp	r3, #0
    3fe0:	d149      	bne.n	4076 <usb_joystick_send+0xbe>
                if (systick_millis_count - wait_begin_at > TX_TIMEOUT_MSEC) {
    3fe2:	682b      	ldr	r3, [r5, #0]
    3fe4:	eba3 0308 	sub.w	r3, r3, r8
    3fe8:	2b1e      	cmp	r3, #30
    3fea:	d842      	bhi.n	4072 <usb_joystick_send+0xba>
                        // waited too long, assume the USB host isn't listening
                        transmit_previous_timeout = 1;
                        return -1;
                }
                if (!usb_configuration) return -1;
    3fec:	7833      	ldrb	r3, [r6, #0]
    3fee:	2b00      	cmp	r3, #0
    3ff0:	d041      	beq.n	4076 <usb_joystick_send+0xbe>
                yield();
    3ff2:	f000 fc3f 	bl	4874 <yield>
                uint32_t status = usb_transfer_status(xfer);
    3ff6:	4620      	mov	r0, r4
    3ff8:	f7ff ff88 	bl	3f0c <usb_transfer_status>
                if (!(status & 0x80)) {
    3ffc:	f010 0080 	ands.w	r0, r0, #128	@ 0x80
    4000:	d1ec      	bne.n	3fdc <usb_joystick_send+0x24>
static inline void delayNanoseconds(uint32_t) __attribute__((always_inline, unused));
// Wait for a number of nanoseconds.  During this time, interrupts remain
// active, but the rest of your program becomes effectively stalled.
static inline void delayNanoseconds(uint32_t nsec)
{
	uint32_t begin = ARM_DWT_CYCCNT;
    4002:	4923      	ldr	r1, [pc, #140]	@ (4090 <usb_joystick_send+0xd8>)
	uint32_t cycles =   ((F_CPU_ACTUAL>>16) * nsec) / (1000000000UL>>16);
    4004:	4b23      	ldr	r3, [pc, #140]	@ (4094 <usb_joystick_send+0xdc>)
                        transmit_previous_timeout = 0;
    4006:	7038      	strb	r0, [r7, #0]
	uint32_t begin = ARM_DWT_CYCCNT;
    4008:	6848      	ldr	r0, [r1, #4]
	uint32_t cycles =   ((F_CPU_ACTUAL>>16) * nsec) / (1000000000UL>>16);
    400a:	681b      	ldr	r3, [r3, #0]
    400c:	0c1b      	lsrs	r3, r3, #16
    400e:	ebc3 1203 	rsb	r2, r3, r3, lsl #4
    4012:	4b21      	ldr	r3, [pc, #132]	@ (4098 <usb_joystick_send+0xe0>)
    4014:	f022 4200 	bic.w	r2, r2, #2147483648	@ 0x80000000
    4018:	fba3 3202 	umull	r3, r2, r3, r2
    401c:	0a12      	lsrs	r2, r2, #8
	while (ARM_DWT_CYCCNT - begin < cycles) ; // wait
    401e:	684b      	ldr	r3, [r1, #4]
    4020:	1a1b      	subs	r3, r3, r0
    4022:	429a      	cmp	r2, r3
    4024:	d8fb      	bhi.n	401e <usb_joystick_send+0x66>
        }
	delayNanoseconds(30); // TODO: why is status ready too soon?
        uint8_t *buffer = txbuffer + head * TX_BUFSIZE;
    4026:	4d1d      	ldr	r5, [pc, #116]	@ (409c <usb_joystick_send+0xe4>)
	memcpy(buffer, usb_joystick_data, JOYSTICK_SIZE);
        usb_prepare_transfer(xfer, buffer, JOYSTICK_SIZE, 0);
    4028:	2300      	movs	r3, #0
	memcpy(buffer, usb_joystick_data, JOYSTICK_SIZE);
    402a:	4a1d      	ldr	r2, [pc, #116]	@ (40a0 <usb_joystick_send+0xe8>)
        uint8_t *buffer = txbuffer + head * TX_BUFSIZE;
    402c:	eb05 1549 	add.w	r5, r5, r9, lsl #5
	memcpy(buffer, usb_joystick_data, JOYSTICK_SIZE);
    4030:	ca07      	ldmia	r2, {r0, r1, r2}
    4032:	e885 0007 	stmia.w	r5, {r0, r1, r2}
        usb_prepare_transfer(xfer, buffer, JOYSTICK_SIZE, 0);
    4036:	220c      	movs	r2, #12
    4038:	4629      	mov	r1, r5
    403a:	4620      	mov	r0, r4
    403c:	f7ff ff28 	bl	3e90 <usb_prepare_transfer>
	asm("dsb");
    4040:	f3bf 8f4f 	dsb	sy
		SCB_CACHE_DCCIMVAC = location;
    4044:	f04f 23e0 	mov.w	r3, #3758153728	@ 0xe000e000
    4048:	f8c3 5f70 	str.w	r5, [r3, #3952]	@ 0xf70
	asm("dsb");
    404c:	f3bf 8f4f 	dsb	sy
	asm("isb");
    4050:	f3bf 8f6f 	isb	sy
        arm_dcache_flush_delete(buffer, TX_BUFSIZE);
        usb_transmit(JOYSTICK_ENDPOINT, xfer);
    4054:	2007      	movs	r0, #7
    4056:	4621      	mov	r1, r4
    4058:	f7ff ff32 	bl	3ec0 <usb_transmit>
        if (++head >= TX_NUM) head = 0;
    405c:	f109 0901 	add.w	r9, r9, #1
        tx_head = head;
        return 0;
    4060:	2000      	movs	r0, #0
        tx_head = head;
    4062:	f1b9 0f03 	cmp.w	r9, #3
    4066:	bf88      	it	hi
    4068:	4681      	movhi	r9, r0
    406a:	f88a 9000 	strb.w	r9, [sl]
}
    406e:	e8bd 87f0 	ldmia.w	sp!, {r4, r5, r6, r7, r8, r9, sl, pc}
                        transmit_previous_timeout = 1;
    4072:	2301      	movs	r3, #1
    4074:	703b      	strb	r3, [r7, #0]
        if (!usb_configuration) return -1;
    4076:	f04f 30ff 	mov.w	r0, #4294967295
}
    407a:	e8bd 87f0 	ldmia.w	sp!, {r4, r5, r6, r7, r8, r9, sl, pc}
    407e:	bf00      	nop
    4080:	200026a2 	.word	0x200026a2
    4084:	20001420 	.word	0x20001420
    4088:	20002660 	.word	0x20002660
    408c:	2000269a 	.word	0x2000269a
    4090:	e0001000 	.word	0xe0001000
    4094:	20000c7c 	.word	0x20000c7c
    4098:	08972311 	.word	0x08972311
    409c:	202000c0 	.word	0x202000c0
    40a0:	20002674 	.word	0x20002674
    40a4:	2000269c 	.word	0x2000269c

000040a8 <usb_keyboard_configure>:
#error "Internal error, transmit buffer size is too small for media keys endpoint"
#endif


void usb_keyboard_configure(void)
{
    40a8:	b510      	push	{r4, lr}
	memset(tx_transfer, 0, sizeof(tx_transfer));
    40aa:	f44f 72c0 	mov.w	r2, #384	@ 0x180
    40ae:	2100      	movs	r1, #0
    40b0:	4809      	ldr	r0, [pc, #36]	@ (40d8 <usb_keyboard_configure+0x30>)
    40b2:	f000 fe6f 	bl	4d94 <memset>
	tx_head = 0;
    40b6:	2300      	movs	r3, #0
    40b8:	4808      	ldr	r0, [pc, #32]	@ (40dc <usb_keyboard_configure+0x34>)
	usb_config_tx(KEYBOARD_ENDPOINT, KEYBOARD_SIZE, 0, NULL);  // normal keys use 8 byte packet
    40ba:	2108      	movs	r1, #8
    40bc:	461a      	mov	r2, r3
	tx_head = 0;
    40be:	7003      	strb	r3, [r0, #0]
	usb_config_tx(KEYBOARD_ENDPOINT, KEYBOARD_SIZE, 0, NULL);  // normal keys use 8 byte packet
    40c0:	2004      	movs	r0, #4
    40c2:	f7ff feaf 	bl	3e24 <usb_config_tx>
#ifdef KEYMEDIA_INTERFACE
	usb_config_tx(KEYMEDIA_ENDPOINT, KEYMEDIA_SIZE, 0, NULL);  // media keys use 8 byte packet
    40c6:	2300      	movs	r3, #0
    40c8:	2108      	movs	r1, #8
    40ca:	2005      	movs	r0, #5
    40cc:	461a      	mov	r2, r3
#endif
}
    40ce:	e8bd 4010 	ldmia.w	sp!, {r4, lr}
	usb_config_tx(KEYMEDIA_ENDPOINT, KEYMEDIA_SIZE, 0, NULL);  // media keys use 8 byte packet
    40d2:	f7ff bea7 	b.w	3e24 <usb_config_tx>
    40d6:	bf00      	nop
    40d8:	200014a0 	.word	0x200014a0
    40dc:	2000269d 	.word	0x2000269d

000040e0 <usb_mouse_configure>:
#endif


void usb_mouse_configure(void)
{
	memset(tx_transfer, 0, sizeof(tx_transfer));
    40e0:	2280      	movs	r2, #128	@ 0x80
    40e2:	2100      	movs	r1, #0
    40e4:	4806      	ldr	r0, [pc, #24]	@ (4100 <usb_mouse_configure+0x20>)
{
    40e6:	b510      	push	{r4, lr}
	memset(tx_transfer, 0, sizeof(tx_transfer));
    40e8:	f000 fe54 	bl	4d94 <memset>
	tx_head = 0;
    40ec:	2300      	movs	r3, #0
    40ee:	4805      	ldr	r0, [pc, #20]	@ (4104 <usb_mouse_configure+0x24>)
	usb_config_tx(MOUSE_ENDPOINT, MOUSE_SIZE, 0, NULL);
    40f0:	2108      	movs	r1, #8
    40f2:	461a      	mov	r2, r3
	tx_head = 0;
    40f4:	7003      	strb	r3, [r0, #0]
	usb_config_tx(MOUSE_ENDPOINT, MOUSE_SIZE, 0, NULL);
    40f6:	2006      	movs	r0, #6
}
    40f8:	e8bd 4010 	ldmia.w	sp!, {r4, lr}
	usb_config_tx(MOUSE_ENDPOINT, MOUSE_SIZE, 0, NULL);
    40fc:	f7ff be92 	b.w	3e24 <usb_config_tx>
    4100:	20001620 	.word	0x20001620
    4104:	2000269e 	.word	0x2000269e

00004108 <rx_queue_transfer>:
/*************************************************************************/
/**                               Receive                               **/
/*************************************************************************/

static void rx_queue_transfer(int i)
{
    4108:	b570      	push	{r4, r5, r6, lr}
	NVIC_DISABLE_IRQ(IRQ_USB1);
	printf("rx queue i=%d\n", i);
	void *buffer = rx_buffer + i * CDC_RX_SIZE_480;
	usb_prepare_transfer(rx_transfer + i, buffer, rx_packet_size, i);
    410a:	4d16      	ldr	r5, [pc, #88]	@ (4164 <rx_queue_transfer+0x5c>)
	NVIC_DISABLE_IRQ(IRQ_USB1);
    410c:	f04f 24e0 	mov.w	r4, #3758153728	@ 0xe000e000
	void *buffer = rx_buffer + i * CDC_RX_SIZE_480;
    4110:	4915      	ldr	r1, [pc, #84]	@ (4168 <rx_queue_transfer+0x60>)
	NVIC_DISABLE_IRQ(IRQ_USB1);
    4112:	f44f 3200 	mov.w	r2, #131072	@ 0x20000
	usb_prepare_transfer(rx_transfer + i, buffer, rx_packet_size, i);
    4116:	4e15      	ldr	r6, [pc, #84]	@ (416c <rx_queue_transfer+0x64>)
    4118:	eb05 1540 	add.w	r5, r5, r0, lsl #5
{
    411c:	b082      	sub	sp, #8
	void *buffer = rx_buffer + i * CDC_RX_SIZE_480;
    411e:	eb01 2140 	add.w	r1, r1, r0, lsl #9
	NVIC_DISABLE_IRQ(IRQ_USB1);
    4122:	f8c4 218c 	str.w	r2, [r4, #396]	@ 0x18c
{
    4126:	4603      	mov	r3, r0
	usb_prepare_transfer(rx_transfer + i, buffer, rx_packet_size, i);
    4128:	8832      	ldrh	r2, [r6, #0]
    412a:	4628      	mov	r0, r5
    412c:	9101      	str	r1, [sp, #4]
    412e:	f7ff feaf 	bl	3e90 <usb_prepare_transfer>
	uint32_t location = (uint32_t)addr & 0xFFFFFFE0;
    4132:	9901      	ldr	r1, [sp, #4]
	arm_dcache_delete(buffer, rx_packet_size);
    4134:	8833      	ldrh	r3, [r6, #0]
	uint32_t end_addr = (uint32_t)addr + size;
    4136:	440b      	add	r3, r1
	asm("dsb");
    4138:	f3bf 8f4f 	dsb	sy
		SCB_CACHE_DCIMVAC = location;
    413c:	f8c4 1f5c 	str.w	r1, [r4, #3932]	@ 0xf5c
		location += 32;
    4140:	3120      	adds	r1, #32
	} while (location < end_addr);
    4142:	428b      	cmp	r3, r1
    4144:	d8fa      	bhi.n	413c <rx_queue_transfer+0x34>
	asm("dsb");
    4146:	f3bf 8f4f 	dsb	sy
	asm("isb");
    414a:	f3bf 8f6f 	isb	sy
	usb_receive(CDC_RX_ENDPOINT, rx_transfer + i);
    414e:	2003      	movs	r0, #3
    4150:	4629      	mov	r1, r5
    4152:	f7ff fecb 	bl	3eec <usb_receive>
	NVIC_ENABLE_IRQ(IRQ_USB1);
    4156:	f44f 3300 	mov.w	r3, #131072	@ 0x20000
    415a:	f8c4 310c 	str.w	r3, [r4, #268]	@ 0x10c
}
    415e:	b002      	add	sp, #8
    4160:	bd70      	pop	{r4, r5, r6, pc}
    4162:	bf00      	nop
    4164:	20001320 	.word	0x20001320
    4168:	20200140 	.word	0x20200140
    416c:	20002688 	.word	0x20002688

00004170 <rx_event>:

// called by USB interrupt when any packet is received
static void rx_event(transfer_t *t)
{
	int len = rx_packet_size - ((t->status >> 16) & 0x7FFF);
    4170:	4b26      	ldr	r3, [pc, #152]	@ (420c <rx_event+0x9c>)
    4172:	881a      	ldrh	r2, [r3, #0]
    4174:	6843      	ldr	r3, [r0, #4]
    4176:	f3c3 430e 	ubfx	r3, r3, #16, #15
    417a:	1ad2      	subs	r2, r2, r3
	int i = t->callback_param;
	printf("rx event, len=%d, i=%d\n", len, i);
	if (len > 0) {
    417c:	2a00      	cmp	r2, #0
{
    417e:	b5f0      	push	{r4, r5, r6, r7, lr}
	int i = t->callback_param;
    4180:	69c4      	ldr	r4, [r0, #28]
{
    4182:	b083      	sub	sp, #12
	if (len > 0) {
    4184:	dd28      	ble.n	41d8 <rx_event+0x68>
		// received a packet with data
		uint32_t head = rx_head;
    4186:	4822      	ldr	r0, [pc, #136]	@ (4210 <rx_event+0xa0>)
		if (head != rx_tail) {
    4188:	4d22      	ldr	r5, [pc, #136]	@ (4214 <rx_event+0xa4>)
		uint32_t head = rx_head;
    418a:	7801      	ldrb	r1, [r0, #0]
		if (head != rx_tail) {
    418c:	782d      	ldrb	r5, [r5, #0]
		uint32_t head = rx_head;
    418e:	b2cb      	uxtb	r3, r1
			// a previous packet is still buffered
			uint32_t ii = rx_list[head];
    4190:	f8df c094 	ldr.w	ip, [pc, #148]	@ 4228 <rx_event+0xb8>
		if (head != rx_tail) {
    4194:	42a9      	cmp	r1, r5
			uint32_t count = rx_count[ii];
    4196:	4d20      	ldr	r5, [pc, #128]	@ (4218 <rx_event+0xa8>)
		if (head != rx_tail) {
    4198:	d009      	beq.n	41ae <rx_event+0x3e>
			uint32_t ii = rx_list[head];
    419a:	f81c 1003 	ldrb.w	r1, [ip, r3]
    419e:	460f      	mov	r7, r1
			uint32_t count = rx_count[ii];
    41a0:	f835 1011 	ldrh.w	r1, [r5, r1, lsl #1]
    41a4:	460e      	mov	r6, r1
			if (len <= CDC_RX_SIZE_480 - count) {
    41a6:	f5c1 7100 	rsb	r1, r1, #512	@ 0x200
    41aa:	428a      	cmp	r2, r1
    41ac:	d91a      	bls.n	41e4 <rx_event+0x74>
			}
		}
		// add this packet to rx_list
		rx_count[i] = len;
		rx_index[i] = 0;
		if (++head > RX_NUM) head = 0;
    41ae:	3301      	adds	r3, #1
		rx_index[i] = 0;
    41b0:	2100      	movs	r1, #0
		rx_count[i] = len;
    41b2:	f825 2014 	strh.w	r2, [r5, r4, lsl #1]
		if (++head > RX_NUM) head = 0;
    41b6:	2b08      	cmp	r3, #8
		rx_index[i] = 0;
    41b8:	4d18      	ldr	r5, [pc, #96]	@ (421c <rx_event+0xac>)
		if (++head > RX_NUM) head = 0;
    41ba:	bf88      	it	hi
    41bc:	460b      	movhi	r3, r1
		rx_index[i] = 0;
    41be:	f825 1014 	strh.w	r1, [r5, r4, lsl #1]
		rx_list[head] = i;
		rx_head = head;
    41c2:	bf98      	it	ls
    41c4:	4619      	movls	r1, r3
		rx_list[head] = i;
    41c6:	f80c 4003 	strb.w	r4, [ip, r3]
		rx_available += len;
    41ca:	4b15      	ldr	r3, [pc, #84]	@ (4220 <rx_event+0xb0>)
		rx_head = head;
    41cc:	7001      	strb	r1, [r0, #0]
		rx_available += len;
    41ce:	6819      	ldr	r1, [r3, #0]
    41d0:	440a      	add	r2, r1
    41d2:	601a      	str	r2, [r3, #0]
		// TODO: trigger serialEvent
	} else {
		// received a zero length packet
		rx_queue_transfer(i);
	}
}
    41d4:	b003      	add	sp, #12
    41d6:	bdf0      	pop	{r4, r5, r6, r7, pc}
		rx_queue_transfer(i);
    41d8:	4620      	mov	r0, r4
}
    41da:	b003      	add	sp, #12
    41dc:	e8bd 40f0 	ldmia.w	sp!, {r4, r5, r6, r7, lr}
		rx_queue_transfer(i);
    41e0:	f7ff bf92 	b.w	4108 <rx_queue_transfer>
				memcpy(rx_buffer + ii * CDC_RX_SIZE_480 + count,
    41e4:	490f      	ldr	r1, [pc, #60]	@ (4224 <rx_event+0xb4>)
    41e6:	eb06 2047 	add.w	r0, r6, r7, lsl #9
    41ea:	9201      	str	r2, [sp, #4]
    41ec:	4408      	add	r0, r1
    41ee:	eb01 2144 	add.w	r1, r1, r4, lsl #9
    41f2:	f7fe ffef 	bl	31d4 <memcpy>
				rx_count[ii] = count + len;
    41f6:	9a01      	ldr	r2, [sp, #4]
				rx_available += len;
    41f8:	4909      	ldr	r1, [pc, #36]	@ (4220 <rx_event+0xb0>)
				rx_queue_transfer(i);
    41fa:	4620      	mov	r0, r4
				rx_count[ii] = count + len;
    41fc:	18b3      	adds	r3, r6, r2
    41fe:	f825 3017 	strh.w	r3, [r5, r7, lsl #1]
				rx_available += len;
    4202:	680b      	ldr	r3, [r1, #0]
    4204:	4413      	add	r3, r2
    4206:	600b      	str	r3, [r1, #0]
				rx_queue_transfer(i);
    4208:	e7e7      	b.n	41da <rx_event+0x6a>
    420a:	bf00      	nop
    420c:	20002688 	.word	0x20002688
    4210:	20002697 	.word	0x20002697
    4214:	20002698 	.word	0x20002698
    4218:	200025b4 	.word	0x200025b4
    421c:	200025c4 	.word	0x200025c4
    4220:	200025b0 	.word	0x200025b0
    4224:	20200140 	.word	0x20200140
    4228:	200025d4 	.word	0x200025d4

0000422c <usb_serial_flush_callback>:
	tx_noautoflush = 0;
}

static void usb_serial_flush_callback(void)
{
	if (tx_noautoflush) return;
    422c:	4b22      	ldr	r3, [pc, #136]	@ (42b8 <usb_serial_flush_callback+0x8c>)
    422e:	781a      	ldrb	r2, [r3, #0]
    4230:	2a00      	cmp	r2, #0
    4232:	d13f      	bne.n	42b4 <usb_serial_flush_callback+0x88>
	if (!usb_configuration) return;
    4234:	f002 03ff 	and.w	r3, r2, #255	@ 0xff
    4238:	4a20      	ldr	r2, [pc, #128]	@ (42bc <usb_serial_flush_callback+0x90>)
    423a:	7812      	ldrb	r2, [r2, #0]
    423c:	2a00      	cmp	r2, #0
    423e:	d039      	beq.n	42b4 <usb_serial_flush_callback+0x88>
	if (tx_available == 0) return;
    4240:	4a1f      	ldr	r2, [pc, #124]	@ (42c0 <usb_serial_flush_callback+0x94>)
    4242:	8812      	ldrh	r2, [r2, #0]
    4244:	2a00      	cmp	r2, #0
    4246:	d035      	beq.n	42b4 <usb_serial_flush_callback+0x88>
	//printf("flush callback, %d bytes\n", TX_SIZE - tx_available);
	transfer_t *xfer = tx_transfer + tx_head;
    4248:	491e      	ldr	r1, [pc, #120]	@ (42c4 <usb_serial_flush_callback+0x98>)
	uint8_t *txbuf = txbuffer + (tx_head * TX_SIZE);
	uint32_t txnum = TX_SIZE - tx_available;
    424a:	f5c2 6200 	rsb	r2, r2, #2048	@ 0x800
{
    424e:	b510      	push	{r4, lr}
	transfer_t *xfer = tx_transfer + tx_head;
    4250:	7808      	ldrb	r0, [r1, #0]
{
    4252:	b084      	sub	sp, #16
	transfer_t *xfer = tx_transfer + tx_head;
    4254:	491c      	ldr	r1, [pc, #112]	@ (42c8 <usb_serial_flush_callback+0x9c>)
    4256:	eb01 1440 	add.w	r4, r1, r0, lsl #5
	uint8_t *txbuf = txbuffer + (tx_head * TX_SIZE);
    425a:	491c      	ldr	r1, [pc, #112]	@ (42cc <usb_serial_flush_callback+0xa0>)
    425c:	eb01 21c0 	add.w	r1, r1, r0, lsl #11
	usb_prepare_transfer(xfer, txbuf, txnum, 0);
    4260:	4620      	mov	r0, r4
    4262:	e9cd 2302 	strd	r2, r3, [sp, #8]
    4266:	9101      	str	r1, [sp, #4]
    4268:	f7ff fe12 	bl	3e90 <usb_prepare_transfer>
	uint32_t end_addr = (uint32_t)addr + size;
    426c:	e9dd 1201 	ldrd	r1, r2, [sp, #4]
    4270:	440a      	add	r2, r1
	asm("dsb");
    4272:	f3bf 8f4f 	dsb	sy
		SCB_CACHE_DCCIMVAC = location;
    4276:	f04f 20e0 	mov.w	r0, #3758153728	@ 0xe000e000
    427a:	9b03      	ldr	r3, [sp, #12]
    427c:	f8c0 1f70 	str.w	r1, [r0, #3952]	@ 0xf70
		location += 32;
    4280:	3120      	adds	r1, #32
	} while (location < end_addr);
    4282:	428a      	cmp	r2, r1
    4284:	d8fa      	bhi.n	427c <usb_serial_flush_callback+0x50>
	asm("dsb");
    4286:	9301      	str	r3, [sp, #4]
    4288:	f3bf 8f4f 	dsb	sy
	asm("isb");
    428c:	f3bf 8f6f 	isb	sy
	arm_dcache_flush_delete(txbuf, txnum);
	usb_transmit(CDC_TX_ENDPOINT, xfer);
    4290:	2003      	movs	r0, #3
    4292:	4621      	mov	r1, r4
    4294:	f7ff fe14 	bl	3ec0 <usb_transmit>
	if (++tx_head >= TX_NUM) tx_head = 0;
    4298:	480a      	ldr	r0, [pc, #40]	@ (42c4 <usb_serial_flush_callback+0x98>)
	tx_available = 0;
    429a:	2100      	movs	r1, #0
    429c:	4b08      	ldr	r3, [pc, #32]	@ (42c0 <usb_serial_flush_callback+0x94>)
	if (++tx_head >= TX_NUM) tx_head = 0;
    429e:	7802      	ldrb	r2, [r0, #0]
	tx_available = 0;
    42a0:	8019      	strh	r1, [r3, #0]
	if (++tx_head >= TX_NUM) tx_head = 0;
    42a2:	3201      	adds	r2, #1
    42a4:	9b01      	ldr	r3, [sp, #4]
    42a6:	b2d2      	uxtb	r2, r2
    42a8:	2a03      	cmp	r2, #3
    42aa:	bf98      	it	ls
    42ac:	4613      	movls	r3, r2
    42ae:	7003      	strb	r3, [r0, #0]
}
    42b0:	b004      	add	sp, #16
    42b2:	bd10      	pop	{r4, pc}
    42b4:	4770      	bx	lr
    42b6:	bf00      	nop
    42b8:	200026a0 	.word	0x200026a0
    42bc:	200026a2 	.word	0x200026a2
    42c0:	2000268a 	.word	0x2000268a
    42c4:	2000269f 	.word	0x2000269f
    42c8:	200016a0 	.word	0x200016a0
    42cc:	20201140 	.word	0x20201140

000042d0 <usb_serial_write.part.0>:
int usb_serial_write(const void *buffer, uint32_t size)
    42d0:	e92d 4ff0 	stmdb	sp!, {r4, r5, r6, r7, r8, r9, sl, fp, lr}
    42d4:	b087      	sub	sp, #28
    42d6:	9004      	str	r0, [sp, #16]
	while (size > 0) {
    42d8:	2900      	cmp	r1, #0
    42da:	f000 80bf 	beq.w	445c <usb_serial_write.part.0+0x18c>
	uint32_t sent=0;
    42de:	2300      	movs	r3, #0
    42e0:	4c5f      	ldr	r4, [pc, #380]	@ (4460 <usb_serial_write.part.0+0x190>)
    42e2:	4f60      	ldr	r7, [pc, #384]	@ (4464 <usb_serial_write.part.0+0x194>)
		tx_noautoflush = 1;
    42e4:	f04f 0901 	mov.w	r9, #1
    42e8:	f8df a190 	ldr.w	sl, [pc, #400]	@ 447c <usb_serial_write.part.0+0x1ac>
				wait_begin_at = systick_millis_count;
    42ec:	4e5e      	ldr	r6, [pc, #376]	@ (4468 <usb_serial_write.part.0+0x198>)
	uint32_t sent=0;
    42ee:	9302      	str	r3, [sp, #8]
			if (!usb_configuration) return sent;
    42f0:	9103      	str	r1, [sp, #12]
		transfer_t *xfer = tx_transfer + tx_head;
    42f2:	4b5e      	ldr	r3, [pc, #376]	@ (446c <usb_serial_write.part.0+0x19c>)
    42f4:	4a5e      	ldr	r2, [pc, #376]	@ (4470 <usb_serial_write.part.0+0x1a0>)
    42f6:	781d      	ldrb	r5, [r3, #0]
		while (!tx_available) {
    42f8:	883b      	ldrh	r3, [r7, #0]
		transfer_t *xfer = tx_transfer + tx_head;
    42fa:	eb02 1245 	add.w	r2, r2, r5, lsl #5
		tx_noautoflush = 1;
    42fe:	f884 9000 	strb.w	r9, [r4]
		transfer_t *xfer = tx_transfer + tx_head;
    4302:	9201      	str	r2, [sp, #4]
		while (!tx_available) {
    4304:	2b00      	cmp	r3, #0
    4306:	f040 80a5 	bne.w	4454 <usb_serial_write.part.0+0x184>
		uint32_t wait_begin_at=0;
    430a:	4698      	mov	r8, r3
		int waiting=0;
    430c:	461d      	mov	r5, r3
			tx_noautoflush = 0;
    430e:	469b      	mov	fp, r3
			uint32_t status = usb_transfer_status(xfer);
    4310:	9801      	ldr	r0, [sp, #4]
    4312:	f7ff fdfb 	bl	3f0c <usb_transfer_status>
			if (!(status & 0x80)) {
    4316:	f010 0080 	ands.w	r0, r0, #128	@ 0x80
    431a:	f000 808b 	beq.w	4434 <usb_serial_write.part.0+0x164>
			asm("dsb" ::: "memory");
    431e:	f3bf 8f4f 	dsb	sy
			if (transmit_previous_timeout) return sent;
    4322:	f89a 3000 	ldrb.w	r3, [sl]
			tx_noautoflush = 0;
    4326:	f884 b000 	strb.w	fp, [r4]
			if (!waiting) {
    432a:	b90d      	cbnz	r5, 4330 <usb_serial_write.part.0+0x60>
				wait_begin_at = systick_millis_count;
    432c:	f8d6 8000 	ldr.w	r8, [r6]
			if (transmit_previous_timeout) return sent;
    4330:	2b00      	cmp	r3, #0
    4332:	d17b      	bne.n	442c <usb_serial_write.part.0+0x15c>
			if (systick_millis_count - wait_begin_at > TX_TIMEOUT_MSEC) {
    4334:	6833      	ldr	r3, [r6, #0]
    4336:	eba3 0308 	sub.w	r3, r3, r8
    433a:	2b78      	cmp	r3, #120	@ 0x78
    433c:	f200 8083 	bhi.w	4446 <usb_serial_write.part.0+0x176>
			if (!usb_configuration) return sent;
    4340:	4b4c      	ldr	r3, [pc, #304]	@ (4474 <usb_serial_write.part.0+0x1a4>)
    4342:	781b      	ldrb	r3, [r3, #0]
    4344:	2b00      	cmp	r3, #0
    4346:	d071      	beq.n	442c <usb_serial_write.part.0+0x15c>
			yield();
    4348:	f000 fa94 	bl	4874 <yield>
		while (!tx_available) {
    434c:	883b      	ldrh	r3, [r7, #0]
    434e:	2501      	movs	r5, #1
			tx_noautoflush = 1;
    4350:	f884 9000 	strb.w	r9, [r4]
		while (!tx_available) {
    4354:	2b00      	cmp	r3, #0
    4356:	d0db      	beq.n	4310 <usb_serial_write.part.0+0x40>
		uint8_t *txdata = txbuffer + (tx_head * TX_SIZE) + (TX_SIZE - tx_available);
    4358:	4944      	ldr	r1, [pc, #272]	@ (446c <usb_serial_write.part.0+0x19c>)
    435a:	461a      	mov	r2, r3
    435c:	f5c3 6000 	rsb	r0, r3, #2048	@ 0x800
    4360:	780d      	ldrb	r5, [r1, #0]
		if (size >= tx_available) {
    4362:	9903      	ldr	r1, [sp, #12]
		uint8_t *txdata = txbuffer + (tx_head * TX_SIZE) + (TX_SIZE - tx_available);
    4364:	eb00 20c5 	add.w	r0, r0, r5, lsl #11
    4368:	f8df b114 	ldr.w	fp, [pc, #276]	@ 4480 <usb_serial_write.part.0+0x1b0>
		if (size >= tx_available) {
    436c:	4291      	cmp	r1, r2
		uint8_t *txdata = txbuffer + (tx_head * TX_SIZE) + (TX_SIZE - tx_available);
    436e:	4458      	add	r0, fp
		if (size >= tx_available) {
    4370:	d217      	bcs.n	43a2 <usb_serial_write.part.0+0xd2>
			memcpy(txdata, data, size);
    4372:	9305      	str	r3, [sp, #20]
    4374:	e9dd 2103 	ldrd	r2, r1, [sp, #12]
    4378:	9201      	str	r2, [sp, #4]
    437a:	f7fe ff2b 	bl	31d4 <memcpy>
			tx_available -= size;
    437e:	9a01      	ldr	r2, [sp, #4]
	USB1_GPTIMER0CTRL = USB_GPTIMERCTRL_GPTRUN | USB_GPTIMERCTRL_GPTRST;
    4380:	f04f 4140 	mov.w	r1, #3221225472	@ 0xc0000000
			tx_available -= size;
    4384:	9b05      	ldr	r3, [sp, #20]
    4386:	1a9b      	subs	r3, r3, r2
    4388:	803b      	strh	r3, [r7, #0]
	USB1_GPTIMER0CTRL = USB_GPTIMERCTRL_GPTRUN | USB_GPTIMERCTRL_GPTRST;
    438a:	4b3b      	ldr	r3, [pc, #236]	@ (4478 <usb_serial_write.part.0+0x1a8>)
    438c:	f8c3 1084 	str.w	r1, [r3, #132]	@ 0x84
		asm("dsb" ::: "memory");
    4390:	f3bf 8f4f 	dsb	sy
			sent += size;
    4394:	9802      	ldr	r0, [sp, #8]
		tx_noautoflush = 0;
    4396:	2300      	movs	r3, #0
			sent += size;
    4398:	4410      	add	r0, r2
		tx_noautoflush = 0;
    439a:	7023      	strb	r3, [r4, #0]
}
    439c:	b007      	add	sp, #28
    439e:	e8bd 8ff0 	ldmia.w	sp!, {r4, r5, r6, r7, r8, r9, sl, fp, pc}
			memcpy(txdata, data, tx_available);
    43a2:	9904      	ldr	r1, [sp, #16]
    43a4:	f7fe ff16 	bl	31d4 <memcpy>
			usb_prepare_transfer(xfer, txbuf, TX_SIZE, 0);
    43a8:	2300      	movs	r3, #0
    43aa:	eb0b 21c5 	add.w	r1, fp, r5, lsl #11
    43ae:	f44f 6200 	mov.w	r2, #2048	@ 0x800
    43b2:	9801      	ldr	r0, [sp, #4]
    43b4:	f7ff fd6c 	bl	3e90 <usb_prepare_transfer>
	uint32_t location = (uint32_t)addr & 0xFFFFFFE0;
    43b8:	eb0b 21c5 	add.w	r1, fp, r5, lsl #11
	asm("dsb");
    43bc:	f3bf 8f4f 	dsb	sy
    43c0:	f101 0220 	add.w	r2, r1, #32
    43c4:	f501 6300 	add.w	r3, r1, #2048	@ 0x800
    43c8:	4293      	cmp	r3, r2
    43ca:	bf94      	ite	ls
    43cc:	2301      	movls	r3, #1
    43ce:	2340      	movhi	r3, #64	@ 0x40
		SCB_CACHE_DCCIMVAC = location;
    43d0:	f04f 22e0 	mov.w	r2, #3758153728	@ 0xe000e000
    43d4:	eb01 1343 	add.w	r3, r1, r3, lsl #5
    43d8:	f8c2 1f70 	str.w	r1, [r2, #3952]	@ 0xf70
		location += 32;
    43dc:	3120      	adds	r1, #32
	} while (location < end_addr);
    43de:	428b      	cmp	r3, r1
    43e0:	d1fa      	bne.n	43d8 <usb_serial_write.part.0+0x108>
	asm("dsb");
    43e2:	f3bf 8f4f 	dsb	sy
	asm("isb");
    43e6:	f3bf 8f6f 	isb	sy
			usb_transmit(CDC_TX_ENDPOINT, xfer);
    43ea:	2003      	movs	r0, #3
    43ec:	9901      	ldr	r1, [sp, #4]
    43ee:	f7ff fd67 	bl	3ec0 <usb_transmit>
			if (++tx_head >= TX_NUM) tx_head = 0;
    43f2:	4a1e      	ldr	r2, [pc, #120]	@ (446c <usb_serial_write.part.0+0x19c>)
    43f4:	7813      	ldrb	r3, [r2, #0]
    43f6:	3301      	adds	r3, #1
    43f8:	b2db      	uxtb	r3, r3
    43fa:	2b04      	cmp	r3, #4
    43fc:	bf28      	it	cs
    43fe:	2300      	movcs	r3, #0
    4400:	7013      	strb	r3, [r2, #0]
			size -= tx_available;
    4402:	883b      	ldrh	r3, [r7, #0]
    4404:	9a03      	ldr	r2, [sp, #12]
    4406:	1ad1      	subs	r1, r2, r3
			sent += tx_available;
    4408:	9a02      	ldr	r2, [sp, #8]
    440a:	441a      	add	r2, r3
			size -= tx_available;
    440c:	9103      	str	r1, [sp, #12]
			sent += tx_available;
    440e:	9202      	str	r2, [sp, #8]
			data += tx_available;
    4410:	9a04      	ldr	r2, [sp, #16]
    4412:	441a      	add	r2, r3
			tx_available = 0;
    4414:	2300      	movs	r3, #0
			data += tx_available;
    4416:	9204      	str	r2, [sp, #16]
	USB1_GPTIMER0CTRL = 0;
    4418:	4a17      	ldr	r2, [pc, #92]	@ (4478 <usb_serial_write.part.0+0x1a8>)
			tx_available = 0;
    441a:	803b      	strh	r3, [r7, #0]
	USB1_GPTIMER0CTRL = 0;
    441c:	f8c2 3084 	str.w	r3, [r2, #132]	@ 0x84
		asm("dsb" ::: "memory");
    4420:	f3bf 8f4f 	dsb	sy
		tx_noautoflush = 0;
    4424:	7023      	strb	r3, [r4, #0]
	while (size > 0) {
    4426:	2900      	cmp	r1, #0
    4428:	f47f af63 	bne.w	42f2 <usb_serial_write.part.0+0x22>
	return sent;
    442c:	9802      	ldr	r0, [sp, #8]
}
    442e:	b007      	add	sp, #28
    4430:	e8bd 8ff0 	ldmia.w	sp!, {r4, r5, r6, r7, r8, r9, sl, fp, pc}
				tx_available = TX_SIZE;
    4434:	f44f 6200 	mov.w	r2, #2048	@ 0x800
		uint8_t *txdata = txbuffer + (tx_head * TX_SIZE) + (TX_SIZE - tx_available);
    4438:	4b0c      	ldr	r3, [pc, #48]	@ (446c <usb_serial_write.part.0+0x19c>)
				transmit_previous_timeout = 0;
    443a:	f88a 0000 	strb.w	r0, [sl]
		uint8_t *txdata = txbuffer + (tx_head * TX_SIZE) + (TX_SIZE - tx_available);
    443e:	781d      	ldrb	r5, [r3, #0]
				break;
    4440:	4613      	mov	r3, r2
				tx_available = TX_SIZE;
    4442:	803a      	strh	r2, [r7, #0]
				break;
    4444:	e78d      	b.n	4362 <usb_serial_write.part.0+0x92>
				transmit_previous_timeout = 1;
    4446:	2301      	movs	r3, #1
				return sent;
    4448:	9802      	ldr	r0, [sp, #8]
				transmit_previous_timeout = 1;
    444a:	f88a 3000 	strb.w	r3, [sl]
}
    444e:	b007      	add	sp, #28
    4450:	e8bd 8ff0 	ldmia.w	sp!, {r4, r5, r6, r7, r8, r9, sl, fp, pc}
		uint8_t *txdata = txbuffer + (tx_head * TX_SIZE) + (TX_SIZE - tx_available);
    4454:	461a      	mov	r2, r3
    4456:	f5c3 6000 	rsb	r0, r3, #2048	@ 0x800
    445a:	e782      	b.n	4362 <usb_serial_write.part.0+0x92>
	while (size > 0) {
    445c:	4608      	mov	r0, r1
	return sent;
    445e:	e7e6      	b.n	442e <usb_serial_write.part.0+0x15e>
    4460:	200026a0 	.word	0x200026a0
    4464:	2000268a 	.word	0x2000268a
    4468:	20002660 	.word	0x20002660
    446c:	2000269f 	.word	0x2000269f
    4470:	200016a0 	.word	0x200016a0
    4474:	200026a2 	.word	0x200026a2
    4478:	402e0000 	.word	0x402e0000
    447c:	2000269b 	.word	0x2000269b
    4480:	20201140 	.word	0x20201140

00004484 <usb_serial_reset>:
}
    4484:	4770      	bx	lr
    4486:	bf00      	nop

00004488 <usb_serial_configure>:
	if (usb_high_speed) {
    4488:	4b2d      	ldr	r3, [pc, #180]	@ (4540 <usb_serial_configure+0xb8>)
	memset(tx_transfer, 0, sizeof(tx_transfer));
    448a:	2100      	movs	r1, #0
    448c:	2280      	movs	r2, #128	@ 0x80
    448e:	482d      	ldr	r0, [pc, #180]	@ (4544 <usb_serial_configure+0xbc>)
{
    4490:	b570      	push	{r4, r5, r6, lr}
	if (usb_high_speed) {
    4492:	781b      	ldrb	r3, [r3, #0]
	tx_head = 0;
    4494:	2400      	movs	r4, #0
    4496:	4e2c      	ldr	r6, [pc, #176]	@ (4548 <usb_serial_configure+0xc0>)
		tx_packet_size = CDC_TX_SIZE_480;
    4498:	428b      	cmp	r3, r1
    449a:	bf0c      	ite	eq
    449c:	2340      	moveq	r3, #64	@ 0x40
    449e:	f44f 7300 	movne.w	r3, #512	@ 0x200
    44a2:	4d2a      	ldr	r5, [pc, #168]	@ (454c <usb_serial_configure+0xc4>)
    44a4:	8033      	strh	r3, [r6, #0]
    44a6:	802b      	strh	r3, [r5, #0]
	memset(tx_transfer, 0, sizeof(tx_transfer));
    44a8:	f000 fc74 	bl	4d94 <memset>
	tx_head = 0;
    44ac:	4a28      	ldr	r2, [pc, #160]	@ (4550 <usb_serial_configure+0xc8>)
	memset(rx_transfer, 0, sizeof(rx_transfer));
    44ae:	4621      	mov	r1, r4
	tx_available = 0;
    44b0:	4b28      	ldr	r3, [pc, #160]	@ (4554 <usb_serial_configure+0xcc>)
	tx_head = 0;
    44b2:	7014      	strb	r4, [r2, #0]
	memset(rx_transfer, 0, sizeof(rx_transfer));
    44b4:	f44f 7280 	mov.w	r2, #256	@ 0x100
    44b8:	4827      	ldr	r0, [pc, #156]	@ (4558 <usb_serial_configure+0xd0>)
	tx_available = 0;
    44ba:	801c      	strh	r4, [r3, #0]
	memset(rx_transfer, 0, sizeof(rx_transfer));
    44bc:	f000 fc6a 	bl	4d94 <memset>
	memset(rx_count, 0, sizeof(rx_count));
    44c0:	4a26      	ldr	r2, [pc, #152]	@ (455c <usb_serial_configure+0xd4>)
	usb_config_tx(CDC_ACM_ENDPOINT, CDC_ACM_SIZE, 0, NULL); // size same 12 & 480
    44c2:	2110      	movs	r1, #16
	memset(rx_index, 0, sizeof(rx_index));
    44c4:	4b26      	ldr	r3, [pc, #152]	@ (4560 <usb_serial_configure+0xd8>)
	usb_config_tx(CDC_ACM_ENDPOINT, CDC_ACM_SIZE, 0, NULL); // size same 12 & 480
    44c6:	2002      	movs	r0, #2
	memset(rx_count, 0, sizeof(rx_count));
    44c8:	e9c2 4400 	strd	r4, r4, [r2]
    44cc:	e9c2 4402 	strd	r4, r4, [r2, #8]
	rx_head = 0;
    44d0:	4a24      	ldr	r2, [pc, #144]	@ (4564 <usb_serial_configure+0xdc>)
	memset(rx_index, 0, sizeof(rx_index));
    44d2:	e9c3 4400 	strd	r4, r4, [r3]
	rx_head = 0;
    44d6:	7014      	strb	r4, [r2, #0]
	rx_available = 0;
    44d8:	4a23      	ldr	r2, [pc, #140]	@ (4568 <usb_serial_configure+0xe0>)
	memset(rx_index, 0, sizeof(rx_index));
    44da:	e9c3 4402 	strd	r4, r4, [r3, #8]
	rx_tail = 0;
    44de:	4b23      	ldr	r3, [pc, #140]	@ (456c <usb_serial_configure+0xe4>)
    44e0:	701c      	strb	r4, [r3, #0]
	usb_config_tx(CDC_ACM_ENDPOINT, CDC_ACM_SIZE, 0, NULL); // size same 12 & 480
    44e2:	4623      	mov	r3, r4
	rx_available = 0;
    44e4:	6014      	str	r4, [r2, #0]
	usb_config_tx(CDC_ACM_ENDPOINT, CDC_ACM_SIZE, 0, NULL); // size same 12 & 480
    44e6:	4622      	mov	r2, r4
    44e8:	f7ff fc9c 	bl	3e24 <usb_config_tx>
	usb_config_rx(CDC_RX_ENDPOINT, rx_packet_size, 0, rx_event);
    44ec:	4b20      	ldr	r3, [pc, #128]	@ (4570 <usb_serial_configure+0xe8>)
    44ee:	4622      	mov	r2, r4
    44f0:	8831      	ldrh	r1, [r6, #0]
    44f2:	2003      	movs	r0, #3
    44f4:	f7ff fc64 	bl	3dc0 <usb_config_rx>
	usb_config_tx(CDC_TX_ENDPOINT, tx_packet_size, 1, NULL);
    44f8:	4623      	mov	r3, r4
    44fa:	2201      	movs	r2, #1
    44fc:	8829      	ldrh	r1, [r5, #0]
    44fe:	2003      	movs	r0, #3
    4500:	f7ff fc90 	bl	3e24 <usb_config_tx>
	for (i=0; i < RX_NUM; i++) rx_queue_transfer(i);
    4504:	4620      	mov	r0, r4
    4506:	3401      	adds	r4, #1
    4508:	f7ff fdfe 	bl	4108 <rx_queue_transfer>
    450c:	2c08      	cmp	r4, #8
    450e:	d1f9      	bne.n	4504 <usb_serial_configure+0x7c>
	USB1_GPTIMER0CTRL = 0;
    4510:	4b18      	ldr	r3, [pc, #96]	@ (4574 <usb_serial_configure+0xec>)
    4512:	2100      	movs	r1, #0
	USB1_GPTIMER0LD = microseconds - 1;
    4514:	224a      	movs	r2, #74	@ 0x4a
	usb_timer0_callback = callback;
    4516:	4818      	ldr	r0, [pc, #96]	@ (4578 <usb_serial_configure+0xf0>)
    4518:	4c18      	ldr	r4, [pc, #96]	@ (457c <usb_serial_configure+0xf4>)
    451a:	6004      	str	r4, [r0, #0]
	USB1_GPTIMER0CTRL = 0;
    451c:	f8c3 1084 	str.w	r1, [r3, #132]	@ 0x84
	USB1_GPTIMER0LD = microseconds - 1;
    4520:	f8c3 2080 	str.w	r2, [r3, #128]	@ 0x80
	USB1_USBINTR |= USB_USBINTR_TIE0;
    4524:	f8d3 2148 	ldr.w	r2, [r3, #328]	@ 0x148
	if (serialEvent) yield_active_check_flags |= YIELD_CHECK_USB_SERIAL;
    4528:	4915      	ldr	r1, [pc, #84]	@ (4580 <usb_serial_configure+0xf8>)
	USB1_USBINTR |= USB_USBINTR_TIE0;
    452a:	f042 7280 	orr.w	r2, r2, #16777216	@ 0x1000000
    452e:	f8c3 2148 	str.w	r2, [r3, #328]	@ 0x148
	if (serialEvent) yield_active_check_flags |= YIELD_CHECK_USB_SERIAL;
    4532:	b121      	cbz	r1, 453e <usb_serial_configure+0xb6>
    4534:	4a13      	ldr	r2, [pc, #76]	@ (4584 <usb_serial_configure+0xfc>)
    4536:	7813      	ldrb	r3, [r2, #0]
    4538:	f043 0301 	orr.w	r3, r3, #1
    453c:	7013      	strb	r3, [r2, #0]
}
    453e:	bd70      	pop	{r4, r5, r6, pc}
    4540:	200026a3 	.word	0x200026a3
    4544:	200016a0 	.word	0x200016a0
    4548:	20002688 	.word	0x20002688
    454c:	2000268c 	.word	0x2000268c
    4550:	2000269f 	.word	0x2000269f
    4554:	2000268a 	.word	0x2000268a
    4558:	20001320 	.word	0x20001320
    455c:	200025b4 	.word	0x200025b4
    4560:	200025c4 	.word	0x200025c4
    4564:	20002697 	.word	0x20002697
    4568:	200025b0 	.word	0x200025b0
    456c:	20002698 	.word	0x20002698
    4570:	00004171 	.word	0x00004171
    4574:	402e0000 	.word	0x402e0000
    4578:	20002680 	.word	0x20002680
    457c:	0000422d 	.word	0x0000422d
    4580:	00000000 	.word	0x00000000
    4584:	200026a5 	.word	0x200026a5

00004588 <usb_serial_read>:
{
    4588:	e92d 4ff8 	stmdb	sp!, {r3, r4, r5, r6, r7, r8, r9, sl, fp, lr}
	NVIC_DISABLE_IRQ(IRQ_USB1);
    458c:	f44f 3200 	mov.w	r2, #131072	@ 0x20000
    4590:	f04f 23e0 	mov.w	r3, #3758153728	@ 0xe000e000
    4594:	f8c3 218c 	str.w	r2, [r3, #396]	@ 0x18c
	uint32_t tail = rx_tail;
    4598:	4b2b      	ldr	r3, [pc, #172]	@ (4648 <usb_serial_read+0xc0>)
    459a:	781c      	ldrb	r4, [r3, #0]
	while (count < size && tail != rx_head) {
    459c:	2900      	cmp	r1, #0
    459e:	d050      	beq.n	4642 <usb_serial_read+0xba>
    45a0:	4682      	mov	sl, r0
    45a2:	468b      	mov	fp, r1
	uint32_t tail = rx_tail;
    45a4:	b2e4      	uxtb	r4, r4
	uint32_t count=0;
    45a6:	2700      	movs	r7, #0
		uint32_t avail = rx_count[i] - rx_index[i];
    45a8:	f8df 90b4 	ldr.w	r9, [pc, #180]	@ 4660 <usb_serial_read+0xd8>
	while (count < size && tail != rx_head) {
    45ac:	4b27      	ldr	r3, [pc, #156]	@ (464c <usb_serial_read+0xc4>)
			memcpy(p, rx_buffer + i * CDC_RX_SIZE_480 + rx_index[i], avail);
    45ae:	4650      	mov	r0, sl
			memcpy(p, rx_buffer + i * CDC_RX_SIZE_480 + rx_index[i], len);
    45b0:	4a27      	ldr	r2, [pc, #156]	@ (4650 <usb_serial_read+0xc8>)
		uint32_t len = size - count;
    45b2:	ebab 0807 	sub.w	r8, fp, r7
	while (count < size && tail != rx_head) {
    45b6:	781b      	ldrb	r3, [r3, #0]
    45b8:	42a3      	cmp	r3, r4
		if (++tail > RX_NUM) tail = 0;
    45ba:	f104 0401 	add.w	r4, r4, #1
	while (count < size && tail != rx_head) {
    45be:	d037      	beq.n	4630 <usb_serial_read+0xa8>
		if (++tail > RX_NUM) tail = 0;
    45c0:	2c09      	cmp	r4, #9
		uint32_t i = rx_list[tail];
    45c2:	4b24      	ldr	r3, [pc, #144]	@ (4654 <usb_serial_read+0xcc>)
		uint32_t avail = rx_count[i] - rx_index[i];
    45c4:	4924      	ldr	r1, [pc, #144]	@ (4658 <usb_serial_read+0xd0>)
		if (++tail > RX_NUM) tail = 0;
    45c6:	bf28      	it	cs
    45c8:	2400      	movcs	r4, #0
		uint32_t i = rx_list[tail];
    45ca:	5d1e      	ldrb	r6, [r3, r4]
		uint32_t avail = rx_count[i] - rx_index[i];
    45cc:	f839 3016 	ldrh.w	r3, [r9, r6, lsl #1]
    45d0:	f831 5016 	ldrh.w	r5, [r1, r6, lsl #1]
			memcpy(p, rx_buffer + i * CDC_RX_SIZE_480 + rx_index[i], len);
    45d4:	eb03 2146 	add.w	r1, r3, r6, lsl #9
		uint32_t avail = rx_count[i] - rx_index[i];
    45d8:	1aed      	subs	r5, r5, r3
			memcpy(p, rx_buffer + i * CDC_RX_SIZE_480 + rx_index[i], len);
    45da:	4411      	add	r1, r2
		if (avail > len) {
    45dc:	45a8      	cmp	r8, r5
			memcpy(p, rx_buffer + i * CDC_RX_SIZE_480 + rx_index[i], avail);
    45de:	462a      	mov	r2, r5
		if (avail > len) {
    45e0:	d217      	bcs.n	4612 <usb_serial_read+0x8a>
			rx_available -= len;
    45e2:	4c1e      	ldr	r4, [pc, #120]	@ (465c <usb_serial_read+0xd4>)
			memcpy(p, rx_buffer + i * CDC_RX_SIZE_480 + rx_index[i], len);
    45e4:	4642      	mov	r2, r8
    45e6:	4650      	mov	r0, sl
    45e8:	f7fe fdf4 	bl	31d4 <memcpy>
			rx_available -= len;
    45ec:	6823      	ldr	r3, [r4, #0]
			rx_index[i] += len;
    45ee:	f839 1016 	ldrh.w	r1, [r9, r6, lsl #1]
	return count;
    45f2:	4658      	mov	r0, fp
			rx_available -= len;
    45f4:	eba3 030b 	sub.w	r3, r3, fp
			rx_index[i] += len;
    45f8:	4488      	add	r8, r1
			rx_available -= len;
    45fa:	443b      	add	r3, r7
			rx_index[i] += len;
    45fc:	f829 8016 	strh.w	r8, [r9, r6, lsl #1]
			rx_available -= len;
    4600:	6023      	str	r3, [r4, #0]
	NVIC_ENABLE_IRQ(IRQ_USB1);
    4602:	f04f 23e0 	mov.w	r3, #3758153728	@ 0xe000e000
    4606:	f44f 3200 	mov.w	r2, #131072	@ 0x20000
    460a:	f8c3 210c 	str.w	r2, [r3, #268]	@ 0x10c
}
    460e:	e8bd 8ff8 	ldmia.w	sp!, {r3, r4, r5, r6, r7, r8, r9, sl, fp, pc}
			memcpy(p, rx_buffer + i * CDC_RX_SIZE_480 + rx_index[i], avail);
    4612:	f7fe fddf 	bl	31d4 <memcpy>
			rx_available -= avail;
    4616:	4a11      	ldr	r2, [pc, #68]	@ (465c <usb_serial_read+0xd4>)
			count += avail;
    4618:	442f      	add	r7, r5
			rx_queue_transfer(i);
    461a:	4630      	mov	r0, r6
			rx_available -= avail;
    461c:	6813      	ldr	r3, [r2, #0]
			p += avail;
    461e:	44aa      	add	sl, r5
			rx_available -= avail;
    4620:	1b5b      	subs	r3, r3, r5
    4622:	6013      	str	r3, [r2, #0]
			rx_tail = tail;
    4624:	4a08      	ldr	r2, [pc, #32]	@ (4648 <usb_serial_read+0xc0>)
    4626:	7014      	strb	r4, [r2, #0]
			rx_queue_transfer(i);
    4628:	f7ff fd6e 	bl	4108 <rx_queue_transfer>
	while (count < size && tail != rx_head) {
    462c:	45bb      	cmp	fp, r7
    462e:	d8bd      	bhi.n	45ac <usb_serial_read+0x24>
	NVIC_ENABLE_IRQ(IRQ_USB1);
    4630:	f04f 23e0 	mov.w	r3, #3758153728	@ 0xe000e000
    4634:	f44f 3200 	mov.w	r2, #131072	@ 0x20000
	return count;
    4638:	4638      	mov	r0, r7
	NVIC_ENABLE_IRQ(IRQ_USB1);
    463a:	f8c3 210c 	str.w	r2, [r3, #268]	@ 0x10c
}
    463e:	e8bd 8ff8 	ldmia.w	sp!, {r3, r4, r5, r6, r7, r8, r9, sl, fp, pc}
	while (count < size && tail != rx_head) {
    4642:	4608      	mov	r0, r1
    4644:	e7dd      	b.n	4602 <usb_serial_read+0x7a>
    4646:	bf00      	nop
    4648:	20002698 	.word	0x20002698
    464c:	20002697 	.word	0x20002697
    4650:	20200140 	.word	0x20200140
    4654:	200025d4 	.word	0x200025d4
    4658:	200025b4 	.word	0x200025b4
    465c:	200025b0 	.word	0x200025b0
    4660:	200025c4 	.word	0x200025c4

00004664 <usb_serial_peekchar>:
	if (tail == rx_head) return -1;
    4664:	4b0b      	ldr	r3, [pc, #44]	@ (4694 <usb_serial_peekchar+0x30>)
	uint32_t tail = rx_tail;
    4666:	4a0c      	ldr	r2, [pc, #48]	@ (4698 <usb_serial_peekchar+0x34>)
    4668:	7812      	ldrb	r2, [r2, #0]
	if (tail == rx_head) return -1;
    466a:	7819      	ldrb	r1, [r3, #0]
	uint32_t tail = rx_tail;
    466c:	b2d3      	uxtb	r3, r2
	if (tail == rx_head) return -1;
    466e:	428a      	cmp	r2, r1
    4670:	d00d      	beq.n	468e <usb_serial_peekchar+0x2a>
	if (++tail > RX_NUM) tail = 0;
    4672:	3301      	adds	r3, #1
	uint32_t i = rx_list[tail];
    4674:	4809      	ldr	r0, [pc, #36]	@ (469c <usb_serial_peekchar+0x38>)
	return rx_buffer[i * CDC_RX_SIZE_480 + rx_index[i]];
    4676:	4a0a      	ldr	r2, [pc, #40]	@ (46a0 <usb_serial_peekchar+0x3c>)
	if (++tail > RX_NUM) tail = 0;
    4678:	2b09      	cmp	r3, #9
	return rx_buffer[i * CDC_RX_SIZE_480 + rx_index[i]];
    467a:	490a      	ldr	r1, [pc, #40]	@ (46a4 <usb_serial_peekchar+0x40>)
	if (++tail > RX_NUM) tail = 0;
    467c:	bf28      	it	cs
    467e:	2300      	movcs	r3, #0
	uint32_t i = rx_list[tail];
    4680:	5cc3      	ldrb	r3, [r0, r3]
	return rx_buffer[i * CDC_RX_SIZE_480 + rx_index[i]];
    4682:	f831 1013 	ldrh.w	r1, [r1, r3, lsl #1]
    4686:	eb02 2343 	add.w	r3, r2, r3, lsl #9
    468a:	5c58      	ldrb	r0, [r3, r1]
    468c:	4770      	bx	lr
	if (tail == rx_head) return -1;
    468e:	f04f 30ff 	mov.w	r0, #4294967295
}
    4692:	4770      	bx	lr
    4694:	20002697 	.word	0x20002697
    4698:	20002698 	.word	0x20002698
    469c:	200025d4 	.word	0x200025d4
    46a0:	20200140 	.word	0x20200140
    46a4:	200025c4 	.word	0x200025c4

000046a8 <usb_serial_available>:
	uint32_t n = rx_available;
    46a8:	4b05      	ldr	r3, [pc, #20]	@ (46c0 <usb_serial_available+0x18>)
    46aa:	6818      	ldr	r0, [r3, #0]
	if (n == 0) yield();
    46ac:	b100      	cbz	r0, 46b0 <usb_serial_available+0x8>
}
    46ae:	4770      	bx	lr
{
    46b0:	b500      	push	{lr}
    46b2:	b083      	sub	sp, #12
    46b4:	9001      	str	r0, [sp, #4]
	if (n == 0) yield();
    46b6:	f000 f8dd 	bl	4874 <yield>
    46ba:	9801      	ldr	r0, [sp, #4]
}
    46bc:	b003      	add	sp, #12
    46be:	bd00      	pop	{pc}
    46c0:	200025b0 	.word	0x200025b0

000046c4 <usb_serial_flush_input>:
{
    46c4:	e92d 4ff8 	stmdb	sp!, {r3, r4, r5, r6, r7, r8, r9, sl, fp, lr}
	uint32_t tail = rx_tail;
    46c8:	4e14      	ldr	r6, [pc, #80]	@ (471c <usb_serial_flush_input+0x58>)
	while (tail != rx_head) {
    46ca:	4d15      	ldr	r5, [pc, #84]	@ (4720 <usb_serial_flush_input+0x5c>)
	uint32_t tail = rx_tail;
    46cc:	7833      	ldrb	r3, [r6, #0]
	while (tail != rx_head) {
    46ce:	782a      	ldrb	r2, [r5, #0]
    46d0:	4293      	cmp	r3, r2
    46d2:	d020      	beq.n	4716 <usb_serial_flush_input+0x52>
    46d4:	b2dc      	uxtb	r4, r3
    46d6:	f8df 9050 	ldr.w	r9, [pc, #80]	@ 4728 <usb_serial_flush_input+0x64>
    46da:	f8df b050 	ldr.w	fp, [pc, #80]	@ 472c <usb_serial_flush_input+0x68>
    46de:	f8df 8050 	ldr.w	r8, [pc, #80]	@ 4730 <usb_serial_flush_input+0x6c>
    46e2:	4f10      	ldr	r7, [pc, #64]	@ (4724 <usb_serial_flush_input+0x60>)
		if (++tail > RX_NUM) tail = 0;
    46e4:	3401      	adds	r4, #1
    46e6:	2c08      	cmp	r4, #8
		rx_tail = tail;
    46e8:	46a2      	mov	sl, r4
		if (++tail > RX_NUM) tail = 0;
    46ea:	d901      	bls.n	46f0 <usb_serial_flush_input+0x2c>
    46ec:	2400      	movs	r4, #0
    46ee:	46a2      	mov	sl, r4
		uint32_t i = rx_list[tail];
    46f0:	f819 0004 	ldrb.w	r0, [r9, r4]
		rx_available -= rx_count[i] - rx_index[i];
    46f4:	f8db 3000 	ldr.w	r3, [fp]
    46f8:	f838 2010 	ldrh.w	r2, [r8, r0, lsl #1]
    46fc:	f837 1010 	ldrh.w	r1, [r7, r0, lsl #1]
    4700:	1a52      	subs	r2, r2, r1
    4702:	1a9b      	subs	r3, r3, r2
    4704:	f8cb 3000 	str.w	r3, [fp]
		rx_queue_transfer(i);
    4708:	f7ff fcfe 	bl	4108 <rx_queue_transfer>
		rx_tail = tail;
    470c:	f886 a000 	strb.w	sl, [r6]
	while (tail != rx_head) {
    4710:	782b      	ldrb	r3, [r5, #0]
    4712:	42a3      	cmp	r3, r4
    4714:	d1e6      	bne.n	46e4 <usb_serial_flush_input+0x20>
}
    4716:	e8bd 8ff8 	ldmia.w	sp!, {r3, r4, r5, r6, r7, r8, r9, sl, fp, pc}
    471a:	bf00      	nop
    471c:	20002698 	.word	0x20002698
    4720:	20002697 	.word	0x20002697
    4724:	200025c4 	.word	0x200025c4
    4728:	200025d4 	.word	0x200025d4
    472c:	200025b0 	.word	0x200025b0
    4730:	200025b4 	.word	0x200025b4

00004734 <usb_serial_getchar>:
{
    4734:	b500      	push	{lr}
    4736:	b083      	sub	sp, #12
	if (usb_serial_read(&c, 1)) return c;
    4738:	2101      	movs	r1, #1
    473a:	f10d 0007 	add.w	r0, sp, #7
    473e:	f7ff ff23 	bl	4588 <usb_serial_read>
    4742:	b118      	cbz	r0, 474c <usb_serial_getchar+0x18>
    4744:	f89d 0007 	ldrb.w	r0, [sp, #7]
}
    4748:	b003      	add	sp, #12
    474a:	bd00      	pop	{pc}
	return -1;
    474c:	f04f 30ff 	mov.w	r0, #4294967295
    4750:	e7fa      	b.n	4748 <usb_serial_getchar+0x14>
    4752:	bf00      	nop

00004754 <usb_serial_putchar>:
	if (!usb_configuration) return 0;
    4754:	4b08      	ldr	r3, [pc, #32]	@ (4778 <usb_serial_putchar+0x24>)
{
    4756:	b500      	push	{lr}
    4758:	b083      	sub	sp, #12
	if (!usb_configuration) return 0;
    475a:	781b      	ldrb	r3, [r3, #0]
{
    475c:	f88d 0007 	strb.w	r0, [sp, #7]
	if (!usb_configuration) return 0;
    4760:	b133      	cbz	r3, 4770 <usb_serial_putchar+0x1c>
    4762:	2101      	movs	r1, #1
    4764:	f10d 0007 	add.w	r0, sp, #7
    4768:	f7ff fdb2 	bl	42d0 <usb_serial_write.part.0>
}
    476c:	b003      	add	sp, #12
    476e:	bd00      	pop	{pc}
	if (!usb_configuration) return 0;
    4770:	f003 00ff 	and.w	r0, r3, #255	@ 0xff
}
    4774:	b003      	add	sp, #12
    4776:	bd00      	pop	{pc}
    4778:	200026a2 	.word	0x200026a2

0000477c <usb_serial_write>:
	if (!usb_configuration) return 0;
    477c:	4b03      	ldr	r3, [pc, #12]	@ (478c <usb_serial_write+0x10>)
    477e:	781b      	ldrb	r3, [r3, #0]
    4780:	b10b      	cbz	r3, 4786 <usb_serial_write+0xa>
    4782:	f7ff bda5 	b.w	42d0 <usb_serial_write.part.0>
}
    4786:	f003 00ff 	and.w	r0, r3, #255	@ 0xff
    478a:	4770      	bx	lr
    478c:	200026a2 	.word	0x200026a2

00004790 <usb_serial_write_buffer_free>:
{
    4790:	e92d 41f0 	stmdb	sp!, {r4, r5, r6, r7, r8, lr}
	for (uint32_t i=0; i < TX_NUM; i++) {
    4794:	2400      	movs	r4, #0
	tx_noautoflush = 1;
    4796:	4e0d      	ldr	r6, [pc, #52]	@ (47cc <usb_serial_write_buffer_free+0x3c>)
    4798:	2301      	movs	r3, #1
    479a:	4d0d      	ldr	r5, [pc, #52]	@ (47d0 <usb_serial_write_buffer_free+0x40>)
	uint32_t sum = 0;
    479c:	46a0      	mov	r8, r4
    479e:	4f0d      	ldr	r7, [pc, #52]	@ (47d4 <usb_serial_write_buffer_free+0x44>)
	tx_noautoflush = 1;
    47a0:	7033      	strb	r3, [r6, #0]
		if (i == tx_head) continue;
    47a2:	783b      	ldrb	r3, [r7, #0]
		if (!(usb_transfer_status(tx_transfer + i) & 0x80)) sum += TX_SIZE;
    47a4:	4628      	mov	r0, r5
		if (i == tx_head) continue;
    47a6:	42a3      	cmp	r3, r4
    47a8:	d005      	beq.n	47b6 <usb_serial_write_buffer_free+0x26>
		if (!(usb_transfer_status(tx_transfer + i) & 0x80)) sum += TX_SIZE;
    47aa:	f7ff fbaf 	bl	3f0c <usb_transfer_status>
    47ae:	0603      	lsls	r3, r0, #24
    47b0:	bf58      	it	pl
    47b2:	f508 6800 	addpl.w	r8, r8, #2048	@ 0x800
	for (uint32_t i=0; i < TX_NUM; i++) {
    47b6:	3401      	adds	r4, #1
    47b8:	3520      	adds	r5, #32
    47ba:	2c04      	cmp	r4, #4
    47bc:	d1f1      	bne.n	47a2 <usb_serial_write_buffer_free+0x12>
	asm("dsb" ::: "memory");
    47be:	f3bf 8f4f 	dsb	sy
	tx_noautoflush = 0;
    47c2:	2300      	movs	r3, #0
}
    47c4:	4640      	mov	r0, r8
	tx_noautoflush = 0;
    47c6:	7033      	strb	r3, [r6, #0]
}
    47c8:	e8bd 81f0 	ldmia.w	sp!, {r4, r5, r6, r7, r8, pc}
    47cc:	200026a0 	.word	0x200026a0
    47d0:	200016a0 	.word	0x200016a0
    47d4:	2000269f 	.word	0x2000269f

000047d8 <usb_serial_flush_output>:
	if (!usb_configuration) return;
    47d8:	4b20      	ldr	r3, [pc, #128]	@ (485c <usb_serial_flush_output+0x84>)
    47da:	781b      	ldrb	r3, [r3, #0]
    47dc:	b113      	cbz	r3, 47e4 <usb_serial_flush_output+0xc>
	if (tx_available == 0) return;
    47de:	4b20      	ldr	r3, [pc, #128]	@ (4860 <usb_serial_flush_output+0x88>)
    47e0:	881a      	ldrh	r2, [r3, #0]
    47e2:	b902      	cbnz	r2, 47e6 <usb_serial_flush_output+0xe>
    47e4:	4770      	bx	lr
	transfer_t *xfer = tx_transfer + tx_head;
    47e6:	4b1f      	ldr	r3, [pc, #124]	@ (4864 <usb_serial_flush_output+0x8c>)
	uint32_t txnum = TX_SIZE - tx_available;
    47e8:	f5c2 6200 	rsb	r2, r2, #2048	@ 0x800
	transfer_t *xfer = tx_transfer + tx_head;
    47ec:	481e      	ldr	r0, [pc, #120]	@ (4868 <usb_serial_flush_output+0x90>)
	uint8_t *txbuf = txbuffer + (tx_head * TX_SIZE);
    47ee:	491f      	ldr	r1, [pc, #124]	@ (486c <usb_serial_flush_output+0x94>)
{
    47f0:	b530      	push	{r4, r5, lr}
	transfer_t *xfer = tx_transfer + tx_head;
    47f2:	781b      	ldrb	r3, [r3, #0]
{
    47f4:	b083      	sub	sp, #12
	tx_noautoflush = 1;
    47f6:	4c1e      	ldr	r4, [pc, #120]	@ (4870 <usb_serial_flush_output+0x98>)
	transfer_t *xfer = tx_transfer + tx_head;
    47f8:	eb00 1043 	add.w	r0, r0, r3, lsl #5
	uint8_t *txbuf = txbuffer + (tx_head * TX_SIZE);
    47fc:	eb01 21c3 	add.w	r1, r1, r3, lsl #11
	tx_noautoflush = 1;
    4800:	2301      	movs	r3, #1
	transfer_t *xfer = tx_transfer + tx_head;
    4802:	4605      	mov	r5, r0
	tx_noautoflush = 1;
    4804:	7023      	strb	r3, [r4, #0]
	usb_prepare_transfer(xfer, txbuf, txnum, 0);
    4806:	2300      	movs	r3, #0
    4808:	e9cd 1200 	strd	r1, r2, [sp]
    480c:	f7ff fb40 	bl	3e90 <usb_prepare_transfer>
	uint32_t end_addr = (uint32_t)addr + size;
    4810:	e9dd 1200 	ldrd	r1, r2, [sp]
    4814:	440a      	add	r2, r1
	asm("dsb");
    4816:	f3bf 8f4f 	dsb	sy
		SCB_CACHE_DCCIMVAC = location;
    481a:	f04f 23e0 	mov.w	r3, #3758153728	@ 0xe000e000
    481e:	f8c3 1f70 	str.w	r1, [r3, #3952]	@ 0xf70
		location += 32;
    4822:	3120      	adds	r1, #32
	} while (location < end_addr);
    4824:	428a      	cmp	r2, r1
    4826:	d8fa      	bhi.n	481e <usb_serial_flush_output+0x46>
	asm("dsb");
    4828:	f3bf 8f4f 	dsb	sy
	asm("isb");
    482c:	f3bf 8f6f 	isb	sy
	usb_transmit(CDC_TX_ENDPOINT, xfer);
    4830:	2003      	movs	r0, #3
    4832:	4629      	mov	r1, r5
    4834:	f7ff fb44 	bl	3ec0 <usb_transmit>
	if (++tx_head >= TX_NUM) tx_head = 0;
    4838:	490a      	ldr	r1, [pc, #40]	@ (4864 <usb_serial_flush_output+0x8c>)
	tx_available = 0;
    483a:	2200      	movs	r2, #0
    483c:	4808      	ldr	r0, [pc, #32]	@ (4860 <usb_serial_flush_output+0x88>)
	if (++tx_head >= TX_NUM) tx_head = 0;
    483e:	780b      	ldrb	r3, [r1, #0]
	tx_available = 0;
    4840:	8002      	strh	r2, [r0, #0]
	if (++tx_head >= TX_NUM) tx_head = 0;
    4842:	3301      	adds	r3, #1
    4844:	b2db      	uxtb	r3, r3
    4846:	2b04      	cmp	r3, #4
    4848:	bf28      	it	cs
    484a:	4613      	movcs	r3, r2
    484c:	700b      	strb	r3, [r1, #0]
	asm("dsb" ::: "memory");
    484e:	f3bf 8f4f 	dsb	sy
	tx_noautoflush = 0;
    4852:	4b07      	ldr	r3, [pc, #28]	@ (4870 <usb_serial_flush_output+0x98>)
    4854:	701a      	strb	r2, [r3, #0]
}
    4856:	b003      	add	sp, #12
    4858:	bd30      	pop	{r4, r5, pc}
    485a:	bf00      	nop
    485c:	200026a2 	.word	0x200026a2
    4860:	2000268a 	.word	0x2000268a
    4864:	2000269f 	.word	0x2000269f
    4868:	200016a0 	.word	0x200016a0
    486c:	20201140 	.word	0x20201140
    4870:	200026a0 	.word	0x200026a0

00004874 <yield>:


void yield(void) __attribute__ ((weak));
void yield(void)
{
	const uint8_t check_flags = yield_active_check_flags;
    4874:	4b2e      	ldr	r3, [pc, #184]	@ (4930 <yield+0xbc>)
{
    4876:	e92d 41f0 	stmdb	sp!, {r4, r5, r6, r7, r8, lr}
	const uint8_t check_flags = yield_active_check_flags;
    487a:	781e      	ldrb	r6, [r3, #0]
	if (!check_flags) return;	// nothing to do
    487c:	b186      	cbz	r6, 48a0 <yield+0x2c>

	// TODO: do nothing if called from interrupt

	static uint8_t running=0;
	if (running) return; // TODO: does this need to be atomic?
    487e:	f8df 80c8 	ldr.w	r8, [pc, #200]	@ 4948 <yield+0xd4>
    4882:	f898 3000 	ldrb.w	r3, [r8]
    4886:	b95b      	cbnz	r3, 48a0 <yield+0x2c>
	running = 1;
    4888:	2301      	movs	r3, #1

	// USB Serial - Add hack to minimize impact...
	if (check_flags & YIELD_CHECK_USB_SERIAL) {
    488a:	07f1      	lsls	r1, r6, #31
	running = 1;
    488c:	f888 3000 	strb.w	r3, [r8]
	if (check_flags & YIELD_CHECK_USB_SERIAL) {
    4890:	d440      	bmi.n	4914 <yield+0xa0>
		if (SerialUSB2.available()) serialEventUSB2();
	}
#endif

	// Current workaround until integrate with EventResponder.
	if (check_flags & YIELD_CHECK_HARDWARE_SERIAL) {
    4892:	07b2      	lsls	r2, r6, #30
    4894:	d427      	bmi.n	48e6 <yield+0x72>
		HardwareSerialIMXRT::processSerialEventsList();
	}

	running = 0;
    4896:	2300      	movs	r3, #0
    4898:	f888 3000 	strb.w	r3, [r8]
	if (check_flags & YIELD_CHECK_EVENT_RESPONDER) {
    489c:	0773      	lsls	r3, r6, #29
    489e:	d401      	bmi.n	48a4 <yield+0x30>
		EventResponder::runFromYield();
	}
};
    48a0:	e8bd 81f0 	ldmia.w	sp!, {r4, r5, r6, r7, r8, pc}
		if (!firstYield) return;  
    48a4:	4b23      	ldr	r3, [pc, #140]	@ (4934 <yield+0xc0>)
    48a6:	681a      	ldr	r2, [r3, #0]
    48a8:	2a00      	cmp	r2, #0
    48aa:	d0f9      	beq.n	48a0 <yield+0x2c>
		__asm__ volatile("mrs %0, ipsr\n" : "=r" (ipsr)::);
    48ac:	f3ef 8205 	mrs	r2, IPSR
		if (ipsr != 0) return;
    48b0:	2a00      	cmp	r2, #0
    48b2:	d1f5      	bne.n	48a0 <yield+0x2c>
		__asm__ volatile("mrs %0, primask\n" : "=r" (primask)::);
    48b4:	f3ef 8510 	mrs	r5, PRIMASK
		__disable_irq();
    48b8:	b672      	cpsid	i
		EventResponder *first = firstYield;
    48ba:	6818      	ldr	r0, [r3, #0]
		if (first == nullptr) {
    48bc:	2800      	cmp	r0, #0
    48be:	d030      	beq.n	4922 <yield+0xae>
		if (runningFromYield) {
    48c0:	4c1d      	ldr	r4, [pc, #116]	@ (4938 <yield+0xc4>)
    48c2:	7821      	ldrb	r1, [r4, #0]
    48c4:	2900      	cmp	r1, #0
    48c6:	d12c      	bne.n	4922 <yield+0xae>
		runningFromYield = true;
    48c8:	2201      	movs	r2, #1
    48ca:	7022      	strb	r2, [r4, #0]
		firstYield = first->_next;
    48cc:	6942      	ldr	r2, [r0, #20]
    48ce:	601a      	str	r2, [r3, #0]
		if (firstYield) {
    48d0:	2a00      	cmp	r2, #0
    48d2:	d02a      	beq.n	492a <yield+0xb6>
			firstYield->_prev = nullptr;
    48d4:	6191      	str	r1, [r2, #24]
		if (doit) __enable_irq();
    48d6:	b905      	cbnz	r5, 48da <yield+0x66>
    48d8:	b662      	cpsie	i
		first->_triggered = false;
    48da:	2500      	movs	r5, #0
		(*(first->_function))(*first);
    48dc:	6883      	ldr	r3, [r0, #8]
		first->_triggered = false;
    48de:	7745      	strb	r5, [r0, #29]
		(*(first->_function))(*first);
    48e0:	4798      	blx	r3
		runningFromYield = false;
    48e2:	7025      	strb	r5, [r4, #0]
    48e4:	e7dc      	b.n	48a0 <yield+0x2c>
	*/

	operator bool()			{ return true; }

	static inline void processSerialEventsList() {
		for (uint8_t i = 0; i < s_count_serials_with_serial_events; i++) {
    48e6:	4b15      	ldr	r3, [pc, #84]	@ (493c <yield+0xc8>)
    48e8:	781b      	ldrb	r3, [r3, #0]
    48ea:	2b00      	cmp	r3, #0
    48ec:	d0d3      	beq.n	4896 <yield+0x22>
    48ee:	4f14      	ldr	r7, [pc, #80]	@ (4940 <yield+0xcc>)
    48f0:	2500      	movs	r5, #0
			s_serials_with_serial_events[i]->doYieldCode();
    48f2:	f857 4f04 	ldr.w	r4, [r7, #4]!
	static HardwareSerialIMXRT 	*s_serials_with_serial_events[7];
	#endif
	static uint8_t 			s_count_serials_with_serial_events;
	void addToSerialEventsList(); 
	inline void doYieldCode()  {
		if (available()) (*hardware->_serialEvent)();
    48f6:	6823      	ldr	r3, [r4, #0]
    48f8:	4620      	mov	r0, r4
    48fa:	691b      	ldr	r3, [r3, #16]
    48fc:	4798      	blx	r3
    48fe:	b110      	cbz	r0, 4906 <yield+0x92>
    4900:	6963      	ldr	r3, [r4, #20]
    4902:	689b      	ldr	r3, [r3, #8]
    4904:	4798      	blx	r3
		for (uint8_t i = 0; i < s_count_serials_with_serial_events; i++) {
    4906:	4b0d      	ldr	r3, [pc, #52]	@ (493c <yield+0xc8>)
    4908:	3501      	adds	r5, #1
    490a:	781a      	ldrb	r2, [r3, #0]
    490c:	b2eb      	uxtb	r3, r5
    490e:	429a      	cmp	r2, r3
    4910:	d8ef      	bhi.n	48f2 <yield+0x7e>
    4912:	e7c0      	b.n	4896 <yield+0x22>
        virtual int available() { return usb_serial_available(); }
    4914:	f7ff fec8 	bl	46a8 <usb_serial_available>
		if (Serial.available()) serialEvent();
    4918:	2800      	cmp	r0, #0
    491a:	d0ba      	beq.n	4892 <yield+0x1e>
    491c:	f3af 8000 	nop.w
    4920:	e7b7      	b.n	4892 <yield+0x1e>
		if (doit) __enable_irq();
    4922:	2d00      	cmp	r5, #0
    4924:	d1bc      	bne.n	48a0 <yield+0x2c>
    4926:	b662      	cpsie	i
    4928:	e7ba      	b.n	48a0 <yield+0x2c>
			lastYield = nullptr;
    492a:	4b06      	ldr	r3, [pc, #24]	@ (4944 <yield+0xd0>)
    492c:	601a      	str	r2, [r3, #0]
    492e:	e7d2      	b.n	48d6 <yield+0x62>
    4930:	200026a5 	.word	0x200026a5
    4934:	20002328 	.word	0x20002328
    4938:	2000268e 	.word	0x2000268e
    493c:	20002690 	.word	0x20002690
    4940:	200012bc 	.word	0x200012bc
    4944:	20002334 	.word	0x20002334
    4948:	20002692 	.word	0x20002692

0000494c <flexpwm_init>:
		quadtimerFrequency(qtimer, info->module & 0x03, frequency);
	}
}

void flexpwm_init(IMXRT_FLEXPWM_t *p)
{
    494c:	b510      	push	{r4, lr}
	int i;

	p->FCTRL0 = FLEXPWM_FCTRL0_FLVL(15); // logic high = fault
	p->FSTS0 = 0x000F; // clear fault status
	p->FFILT0 = 0;
    494e:	2300      	movs	r3, #0
	p->FCTRL0 = FLEXPWM_FCTRL0_FLVL(15); // logic high = fault
    4950:	f44f 4470 	mov.w	r4, #61440	@ 0xf000
	p->FSTS0 = 0x000F; // clear fault status
    4954:	220f      	movs	r2, #15
	p->MCTRL |= FLEXPWM_MCTRL_CLDOK(15);
	for (i=0; i < 4; i++) {
		p->SM[i].CTRL2 = FLEXPWM_SMCTRL2_INDEP | FLEXPWM_SMCTRL2_WAITEN
			| FLEXPWM_SMCTRL2_DBGEN;
		p->SM[i].CTRL = FLEXPWM_SMCTRL_FULL;
    4956:	f44f 6e80 	mov.w	lr, #1024	@ 0x400
	p->FCTRL0 = FLEXPWM_FCTRL0_FLVL(15); // logic high = fault
    495a:	f8a0 418c 	strh.w	r4, [r0, #396]	@ 0x18c
	for (i=0; i < 4; i++) {
    495e:	4619      	mov	r1, r3
	p->FSTS0 = 0x000F; // clear fault status
    4960:	f8a0 218e 	strh.w	r2, [r0, #398]	@ 0x18e
		p->SM[i].CTRL2 = FLEXPWM_SMCTRL2_INDEP | FLEXPWM_SMCTRL2_WAITEN
    4964:	f44f 4460 	mov.w	r4, #57344	@ 0xe000
	p->FFILT0 = 0;
    4968:	f8a0 3190 	strh.w	r3, [r0, #400]	@ 0x190
		p->SM[i].OCTRL = 0;
    496c:	460a      	mov	r2, r1
	p->MCTRL |= FLEXPWM_MCTRL_CLDOK(15);
    496e:	f8b0 3188 	ldrh.w	r3, [r0, #392]	@ 0x188
		p->SM[i].DTCNT0 = 0;
		p->SM[i].INIT = 0;
		p->SM[i].VAL0 = 0;
		p->SM[i].VAL1 = 33464;
    4972:	f248 2cb8 	movw	ip, #33464	@ 0x82b8
	p->MCTRL |= FLEXPWM_MCTRL_CLDOK(15);
    4976:	f043 03f0 	orr.w	r3, r3, #240	@ 0xf0
    497a:	f8a0 3188 	strh.w	r3, [r0, #392]	@ 0x188
		p->SM[i].CTRL2 = FLEXPWM_SMCTRL2_INDEP | FLEXPWM_SMCTRL2_WAITEN
    497e:	eb01 0341 	add.w	r3, r1, r1, lsl #1
	for (i=0; i < 4; i++) {
    4982:	3101      	adds	r1, #1
    4984:	eb00 1343 	add.w	r3, r0, r3, lsl #5
    4988:	2904      	cmp	r1, #4
		p->SM[i].CTRL2 = FLEXPWM_SMCTRL2_INDEP | FLEXPWM_SMCTRL2_WAITEN
    498a:	809c      	strh	r4, [r3, #4]
		p->SM[i].CTRL = FLEXPWM_SMCTRL_FULL;
    498c:	f8a3 e006 	strh.w	lr, [r3, #6]
		p->SM[i].OCTRL = 0;
    4990:	845a      	strh	r2, [r3, #34]	@ 0x22
		p->SM[i].DTCNT0 = 0;
    4992:	861a      	strh	r2, [r3, #48]	@ 0x30
		p->SM[i].INIT = 0;
    4994:	805a      	strh	r2, [r3, #2]
		p->SM[i].VAL0 = 0;
    4996:	815a      	strh	r2, [r3, #10]
		p->SM[i].VAL1 = 33464;
    4998:	f8a3 c00e 	strh.w	ip, [r3, #14]
		p->SM[i].VAL2 = 0;
    499c:	825a      	strh	r2, [r3, #18]
		p->SM[i].VAL3 = 0;
    499e:	82da      	strh	r2, [r3, #22]
		p->SM[i].VAL4 = 0;
    49a0:	835a      	strh	r2, [r3, #26]
		p->SM[i].VAL5 = 0;
    49a2:	83da      	strh	r2, [r3, #30]
	for (i=0; i < 4; i++) {
    49a4:	d1eb      	bne.n	497e <flexpwm_init+0x32>
	}
	p->MCTRL |= FLEXPWM_MCTRL_LDOK(15);
    49a6:	f8b0 3188 	ldrh.w	r3, [r0, #392]	@ 0x188
    49aa:	f043 030f 	orr.w	r3, r3, #15
    49ae:	f8a0 3188 	strh.w	r3, [r0, #392]	@ 0x188
	p->MCTRL |= FLEXPWM_MCTRL_RUN(15);
    49b2:	f8b0 3188 	ldrh.w	r3, [r0, #392]	@ 0x188
    49b6:	f443 6370 	orr.w	r3, r3, #3840	@ 0xf00
    49ba:	f8a0 3188 	strh.w	r3, [r0, #392]	@ 0x188
}
    49be:	bd10      	pop	{r4, pc}

000049c0 <pwm_init>:
}

void pwm_init(void)
{
	//printf("pwm init\n");
	CCM_CCGR4 |= CCM_CCGR4_PWM1(CCM_CCGR_ON) | CCM_CCGR4_PWM2(CCM_CCGR_ON) |
    49c0:	4b37      	ldr	r3, [pc, #220]	@ (4aa0 <pwm_init+0xe0>)
		CCM_CCGR4_PWM3(CCM_CCGR_ON) | CCM_CCGR4_PWM4(CCM_CCGR_ON);
	CCM_CCGR6 |= CCM_CCGR6_QTIMER1(CCM_CCGR_ON) | CCM_CCGR6_QTIMER2(CCM_CCGR_ON) |
    49c2:	4a38      	ldr	r2, [pc, #224]	@ (4aa4 <pwm_init+0xe4>)
	CCM_CCGR4 |= CCM_CCGR4_PWM1(CCM_CCGR_ON) | CCM_CCGR4_PWM2(CCM_CCGR_ON) |
    49c4:	6f99      	ldr	r1, [r3, #120]	@ 0x78
		CCM_CCGR6_QTIMER3(CCM_CCGR_ON) | CCM_CCGR6_QTIMER4(CCM_CCGR_ON);
	flexpwm_init(&IMXRT_FLEXPWM1);
    49c6:	4838      	ldr	r0, [pc, #224]	@ (4aa8 <pwm_init+0xe8>)
	CCM_CCGR4 |= CCM_CCGR4_PWM1(CCM_CCGR_ON) | CCM_CCGR4_PWM2(CCM_CCGR_ON) |
    49c8:	f441 017f 	orr.w	r1, r1, #16711680	@ 0xff0000
{
    49cc:	b570      	push	{r4, r5, r6, lr}
	CCM_CCGR4 |= CCM_CCGR4_PWM1(CCM_CCGR_ON) | CCM_CCGR4_PWM2(CCM_CCGR_ON) |
    49ce:	6799      	str	r1, [r3, #120]	@ 0x78
		p->CH[i].CSCTRL = TMR_CSCTRL_CL1(1) | TMR_CSCTRL_ALT_LOAD;
    49d0:	f241 0601 	movw	r6, #4097	@ 0x1001
	CCM_CCGR6 |= CCM_CCGR6_QTIMER1(CCM_CCGR_ON) | CCM_CCGR6_QTIMER2(CCM_CCGR_ON) |
    49d4:	f8d3 1080 	ldr.w	r1, [r3, #128]	@ 0x80
		p->CH[i].LOAD = 24000;   // low time  (65537 - x) - 
    49d8:	f645 55c0 	movw	r5, #24000	@ 0x5dc0
		p->CH[i].CTRL = TMR_CTRL_CM(1) | TMR_CTRL_PCS(8) |
    49dc:	f243 0426 	movw	r4, #12326	@ 0x3026
	CCM_CCGR6 |= CCM_CCGR6_QTIMER1(CCM_CCGR_ON) | CCM_CCGR6_QTIMER2(CCM_CCGR_ON) |
    49e0:	430a      	orrs	r2, r1
    49e2:	f8c3 2080 	str.w	r2, [r3, #128]	@ 0x80
	flexpwm_init(&IMXRT_FLEXPWM1);
    49e6:	f7ff ffb1 	bl	494c <flexpwm_init>
	flexpwm_init(&IMXRT_FLEXPWM2);
    49ea:	f500 4080 	add.w	r0, r0, #16384	@ 0x4000
    49ee:	f7ff ffad 	bl	494c <flexpwm_init>
	flexpwm_init(&IMXRT_FLEXPWM3);
    49f2:	f500 4080 	add.w	r0, r0, #16384	@ 0x4000
    49f6:	f7ff ffa9 	bl	494c <flexpwm_init>
	flexpwm_init(&IMXRT_FLEXPWM4);
    49fa:	f500 4080 	add.w	r0, r0, #16384	@ 0x4000
    49fe:	f7ff ffa5 	bl	494c <flexpwm_init>
	for (i=0; i < 4; i++) {
    4a02:	2200      	movs	r2, #0
		p->CH[i].CTRL = 0; // stop timer
    4a04:	f5a0 1003 	sub.w	r0, r0, #2146304	@ 0x20c000
		p->CH[i].SCTRL = TMR_SCTRL_OEN | TMR_SCTRL_OPS | TMR_SCTRL_VAL | TMR_SCTRL_FORCE;
    4a08:	f04f 0e0f 	mov.w	lr, #15
		p->CH[i].CTRL = 0; // stop timer
    4a0c:	4611      	mov	r1, r2
    4a0e:	eb00 1342 	add.w	r3, r0, r2, lsl #5
    4a12:	ea4f 1c42 	mov.w	ip, r2, lsl #5
	for (i=0; i < 4; i++) {
    4a16:	3201      	adds	r2, #1
		p->CH[i].CTRL = 0; // stop timer
    4a18:	8199      	strh	r1, [r3, #12]
	for (i=0; i < 4; i++) {
    4a1a:	2a04      	cmp	r2, #4
		p->CH[i].CNTR = 0;
    4a1c:	8159      	strh	r1, [r3, #10]
		p->CH[i].SCTRL = TMR_SCTRL_OEN | TMR_SCTRL_OPS | TMR_SCTRL_VAL | TMR_SCTRL_FORCE;
    4a1e:	f8a3 e00e 	strh.w	lr, [r3, #14]
		p->CH[i].CSCTRL = TMR_CSCTRL_CL1(1) | TMR_CSCTRL_ALT_LOAD;
    4a22:	829e      	strh	r6, [r3, #20]
		p->CH[i].LOAD = 24000;   // low time  (65537 - x) - 
    4a24:	80dd      	strh	r5, [r3, #6]
		p->CH[i].COMP1 = 0;  // high time (0 = always low, max = LOAD-1)
    4a26:	f820 100c 	strh.w	r1, [r0, ip]
		p->CH[i].CMPLD1 = 0;
    4a2a:	8219      	strh	r1, [r3, #16]
		p->CH[i].CTRL = TMR_CTRL_CM(1) | TMR_CTRL_PCS(8) |
    4a2c:	819c      	strh	r4, [r3, #12]
	for (i=0; i < 4; i++) {
    4a2e:	d1ee      	bne.n	4a0e <pwm_init+0x4e>
    4a30:	2200      	movs	r2, #0
		p->CH[i].CTRL = 0; // stop timer
    4a32:	481e      	ldr	r0, [pc, #120]	@ (4aac <pwm_init+0xec>)
		p->CH[i].SCTRL = TMR_SCTRL_OEN | TMR_SCTRL_OPS | TMR_SCTRL_VAL | TMR_SCTRL_FORCE;
    4a34:	f04f 0e0f 	mov.w	lr, #15
		p->CH[i].CSCTRL = TMR_CSCTRL_CL1(1) | TMR_CSCTRL_ALT_LOAD;
    4a38:	f241 0601 	movw	r6, #4097	@ 0x1001
		p->CH[i].CTRL = 0; // stop timer
    4a3c:	4611      	mov	r1, r2
		p->CH[i].LOAD = 24000;   // low time  (65537 - x) - 
    4a3e:	f645 55c0 	movw	r5, #24000	@ 0x5dc0
		p->CH[i].CTRL = TMR_CTRL_CM(1) | TMR_CTRL_PCS(8) |
    4a42:	f243 0426 	movw	r4, #12326	@ 0x3026
		p->CH[i].CTRL = 0; // stop timer
    4a46:	eb00 1342 	add.w	r3, r0, r2, lsl #5
    4a4a:	ea4f 1c42 	mov.w	ip, r2, lsl #5
	for (i=0; i < 4; i++) {
    4a4e:	3201      	adds	r2, #1
		p->CH[i].CTRL = 0; // stop timer
    4a50:	8199      	strh	r1, [r3, #12]
	for (i=0; i < 4; i++) {
    4a52:	2a04      	cmp	r2, #4
		p->CH[i].CNTR = 0;
    4a54:	8159      	strh	r1, [r3, #10]
		p->CH[i].SCTRL = TMR_SCTRL_OEN | TMR_SCTRL_OPS | TMR_SCTRL_VAL | TMR_SCTRL_FORCE;
    4a56:	f8a3 e00e 	strh.w	lr, [r3, #14]
		p->CH[i].CSCTRL = TMR_CSCTRL_CL1(1) | TMR_CSCTRL_ALT_LOAD;
    4a5a:	829e      	strh	r6, [r3, #20]
		p->CH[i].LOAD = 24000;   // low time  (65537 - x) - 
    4a5c:	80dd      	strh	r5, [r3, #6]
		p->CH[i].COMP1 = 0;  // high time (0 = always low, max = LOAD-1)
    4a5e:	f820 100c 	strh.w	r1, [r0, ip]
		p->CH[i].CMPLD1 = 0;
    4a62:	8219      	strh	r1, [r3, #16]
		p->CH[i].CTRL = TMR_CTRL_CM(1) | TMR_CTRL_PCS(8) |
    4a64:	819c      	strh	r4, [r3, #12]
	for (i=0; i < 4; i++) {
    4a66:	d1ee      	bne.n	4a46 <pwm_init+0x86>
    4a68:	2200      	movs	r2, #0
		p->CH[i].CTRL = 0; // stop timer
    4a6a:	4811      	ldr	r0, [pc, #68]	@ (4ab0 <pwm_init+0xf0>)
		p->CH[i].SCTRL = TMR_SCTRL_OEN | TMR_SCTRL_OPS | TMR_SCTRL_VAL | TMR_SCTRL_FORCE;
    4a6c:	260f      	movs	r6, #15
		p->CH[i].CSCTRL = TMR_CSCTRL_CL1(1) | TMR_CSCTRL_ALT_LOAD;
    4a6e:	f241 0501 	movw	r5, #4097	@ 0x1001
		p->CH[i].CTRL = 0; // stop timer
    4a72:	4611      	mov	r1, r2
		p->CH[i].LOAD = 24000;   // low time  (65537 - x) - 
    4a74:	f645 54c0 	movw	r4, #24000	@ 0x5dc0
		p->CH[i].CTRL = TMR_CTRL_CM(1) | TMR_CTRL_PCS(8) |
    4a78:	f243 0e26 	movw	lr, #12326	@ 0x3026
		p->CH[i].CTRL = 0; // stop timer
    4a7c:	eb00 1342 	add.w	r3, r0, r2, lsl #5
    4a80:	ea4f 1c42 	mov.w	ip, r2, lsl #5
	for (i=0; i < 4; i++) {
    4a84:	3201      	adds	r2, #1
		p->CH[i].CTRL = 0; // stop timer
    4a86:	8199      	strh	r1, [r3, #12]
	for (i=0; i < 4; i++) {
    4a88:	2a04      	cmp	r2, #4
		p->CH[i].CNTR = 0;
    4a8a:	8159      	strh	r1, [r3, #10]
		p->CH[i].SCTRL = TMR_SCTRL_OEN | TMR_SCTRL_OPS | TMR_SCTRL_VAL | TMR_SCTRL_FORCE;
    4a8c:	81de      	strh	r6, [r3, #14]
		p->CH[i].CSCTRL = TMR_CSCTRL_CL1(1) | TMR_CSCTRL_ALT_LOAD;
    4a8e:	829d      	strh	r5, [r3, #20]
		p->CH[i].LOAD = 24000;   // low time  (65537 - x) - 
    4a90:	80dc      	strh	r4, [r3, #6]
		p->CH[i].COMP1 = 0;  // high time (0 = always low, max = LOAD-1)
    4a92:	f820 100c 	strh.w	r1, [r0, ip]
		p->CH[i].CMPLD1 = 0;
    4a96:	8219      	strh	r1, [r3, #16]
		p->CH[i].CTRL = TMR_CTRL_CM(1) | TMR_CTRL_PCS(8) |
    4a98:	f8a3 e00c 	strh.w	lr, [r3, #12]
	for (i=0; i < 4; i++) {
    4a9c:	d1ee      	bne.n	4a7c <pwm_init+0xbc>
	quadtimer_init(&IMXRT_TMR1);
	quadtimer_init(&IMXRT_TMR2);
	quadtimer_init(&IMXRT_TMR3);
}
    4a9e:	bd70      	pop	{r4, r5, r6, pc}
    4aa0:	400fc000 	.word	0x400fc000
    4aa4:	fc030000 	.word	0xfc030000
    4aa8:	403dc000 	.word	0x403dc000
    4aac:	401e0000 	.word	0x401e0000
    4ab0:	401e4000 	.word	0x401e4000

00004ab4 <rtc_get>:
#include "debug/printf.h"
#include <sys/time.h> // for struct timeval

unsigned long rtc_get(void)
{
	uint32_t hi1 = SNVS_HPRTCMR;
    4ab4:	4a07      	ldr	r2, [pc, #28]	@ (4ad4 <rtc_get+0x20>)
    4ab6:	6a50      	ldr	r0, [r2, #36]	@ 0x24
	uint32_t lo1 = SNVS_HPRTCLR;
    4ab8:	6a93      	ldr	r3, [r2, #40]	@ 0x28
	while (1) {
		uint32_t hi2 = SNVS_HPRTCMR;
    4aba:	4619      	mov	r1, r3
    4abc:	4684      	mov	ip, r0
    4abe:	6a50      	ldr	r0, [r2, #36]	@ 0x24
		uint32_t lo2 = SNVS_HPRTCLR;
    4ac0:	6a93      	ldr	r3, [r2, #40]	@ 0x28
		if (lo1 == lo2 && hi1 == hi2) {
    4ac2:	4299      	cmp	r1, r3
    4ac4:	d1f9      	bne.n	4aba <rtc_get+0x6>
    4ac6:	4584      	cmp	ip, r0
    4ac8:	d1f7      	bne.n	4aba <rtc_get+0x6>
			return (hi2 << 17) | (lo2 >> 15);
    4aca:	0bdb      	lsrs	r3, r3, #15
		}
		hi1 = hi2;
		lo1 = lo2;
	}
}
    4acc:	ea43 4040 	orr.w	r0, r3, r0, lsl #17
    4ad0:	4770      	bx	lr
    4ad2:	bf00      	nop
    4ad4:	400d4000 	.word	0x400d4000

00004ad8 <_strtol_l.isra.0>:
    4ad8:	2b24      	cmp	r3, #36	@ 0x24
    4ada:	e92d 4ff8 	stmdb	sp!, {r3, r4, r5, r6, r7, r8, r9, sl, fp, lr}
    4ade:	d842      	bhi.n	4b66 <_strtol_l.isra.0+0x8e>
    4ae0:	2b01      	cmp	r3, #1
    4ae2:	4688      	mov	r8, r1
    4ae4:	4619      	mov	r1, r3
    4ae6:	d03e      	beq.n	4b66 <_strtol_l.isra.0+0x8e>
    4ae8:	4691      	mov	r9, r2
    4aea:	4a4b      	ldr	r2, [pc, #300]	@ (4c18 <_strtol_l.isra.0+0x140>)
    4aec:	4682      	mov	sl, r0
    4aee:	461e      	mov	r6, r3
    4af0:	46c6      	mov	lr, r8
    4af2:	4670      	mov	r0, lr
    4af4:	f81e 7b01 	ldrb.w	r7, [lr], #1
    4af8:	5dd3      	ldrb	r3, [r2, r7]
    4afa:	f013 0308 	ands.w	r3, r3, #8
    4afe:	d1f8      	bne.n	4af2 <_strtol_l.isra.0+0x1a>
    4b00:	2f2d      	cmp	r7, #45	@ 0x2d
    4b02:	d070      	beq.n	4be6 <_strtol_l.isra.0+0x10e>
    4b04:	2f2b      	cmp	r7, #43	@ 0x2b
    4b06:	bf05      	ittet	eq
    4b08:	f89e 7000 	ldrbeq.w	r7, [lr]
    4b0c:	469b      	moveq	fp, r3
    4b0e:	469b      	movne	fp, r3
    4b10:	f100 0e02 	addeq.w	lr, r0, #2
    4b14:	f06f 4300 	mvn.w	r3, #2147483648	@ 0x80000000
    4b18:	bb61      	cbnz	r1, 4b74 <_strtol_l.isra.0+0x9c>
    4b1a:	2f30      	cmp	r7, #48	@ 0x30
    4b1c:	d04d      	beq.n	4bba <_strtol_l.isra.0+0xe2>
    4b1e:	260a      	movs	r6, #10
    4b20:	4631      	mov	r1, r6
    4b22:	2200      	movs	r2, #0
    4b24:	fbb3 f4f6 	udiv	r4, r3, r6
    4b28:	4610      	mov	r0, r2
    4b2a:	fb06 3514 	mls	r5, r6, r4, r3
    4b2e:	e005      	b.n	4b3c <_strtol_l.isra.0+0x64>
    4b30:	d03c      	beq.n	4bac <_strtol_l.isra.0+0xd4>
    4b32:	fb06 c000 	mla	r0, r6, r0, ip
    4b36:	2201      	movs	r2, #1
    4b38:	f81e 7b01 	ldrb.w	r7, [lr], #1
    4b3c:	f1a7 0c30 	sub.w	ip, r7, #48	@ 0x30
    4b40:	f1bc 0f09 	cmp.w	ip, #9
    4b44:	d906      	bls.n	4b54 <_strtol_l.isra.0+0x7c>
    4b46:	f1a7 0c41 	sub.w	ip, r7, #65	@ 0x41
    4b4a:	f1bc 0f19 	cmp.w	ip, #25
    4b4e:	d817      	bhi.n	4b80 <_strtol_l.isra.0+0xa8>
    4b50:	f1a7 0c37 	sub.w	ip, r7, #55	@ 0x37
    4b54:	4561      	cmp	r1, ip
    4b56:	dd1c      	ble.n	4b92 <_strtol_l.isra.0+0xba>
    4b58:	1c57      	adds	r7, r2, #1
    4b5a:	d0ed      	beq.n	4b38 <_strtol_l.isra.0+0x60>
    4b5c:	4284      	cmp	r4, r0
    4b5e:	d2e7      	bcs.n	4b30 <_strtol_l.isra.0+0x58>
    4b60:	f04f 32ff 	mov.w	r2, #4294967295
    4b64:	e7e8      	b.n	4b38 <_strtol_l.isra.0+0x60>
    4b66:	f000 f959 	bl	4e1c <__errno>
    4b6a:	2316      	movs	r3, #22
    4b6c:	6003      	str	r3, [r0, #0]
    4b6e:	2000      	movs	r0, #0
    4b70:	e8bd 8ff8 	ldmia.w	sp!, {r3, r4, r5, r6, r7, r8, r9, sl, fp, pc}
    4b74:	2910      	cmp	r1, #16
    4b76:	d1d4      	bne.n	4b22 <_strtol_l.isra.0+0x4a>
    4b78:	2f30      	cmp	r7, #48	@ 0x30
    4b7a:	d027      	beq.n	4bcc <_strtol_l.isra.0+0xf4>
    4b7c:	460e      	mov	r6, r1
    4b7e:	e7d0      	b.n	4b22 <_strtol_l.isra.0+0x4a>
    4b80:	f1a7 0c61 	sub.w	ip, r7, #97	@ 0x61
    4b84:	f1bc 0f19 	cmp.w	ip, #25
    4b88:	d803      	bhi.n	4b92 <_strtol_l.isra.0+0xba>
    4b8a:	f1a7 0c57 	sub.w	ip, r7, #87	@ 0x57
    4b8e:	4561      	cmp	r1, ip
    4b90:	dce2      	bgt.n	4b58 <_strtol_l.isra.0+0x80>
    4b92:	1c51      	adds	r1, r2, #1
    4b94:	d030      	beq.n	4bf8 <_strtol_l.isra.0+0x120>
    4b96:	f1bb 0f00 	cmp.w	fp, #0
    4b9a:	d10c      	bne.n	4bb6 <_strtol_l.isra.0+0xde>
    4b9c:	f1b9 0f00 	cmp.w	r9, #0
    4ba0:	d0e6      	beq.n	4b70 <_strtol_l.isra.0+0x98>
    4ba2:	bbaa      	cbnz	r2, 4c10 <_strtol_l.isra.0+0x138>
    4ba4:	f8c9 8000 	str.w	r8, [r9]
    4ba8:	e8bd 8ff8 	ldmia.w	sp!, {r3, r4, r5, r6, r7, r8, r9, sl, fp, pc}
    4bac:	4565      	cmp	r5, ip
    4bae:	dac0      	bge.n	4b32 <_strtol_l.isra.0+0x5a>
    4bb0:	f04f 32ff 	mov.w	r2, #4294967295
    4bb4:	e7c0      	b.n	4b38 <_strtol_l.isra.0+0x60>
    4bb6:	4240      	negs	r0, r0
    4bb8:	e7f0      	b.n	4b9c <_strtol_l.isra.0+0xc4>
    4bba:	f89e 2000 	ldrb.w	r2, [lr]
    4bbe:	f002 02df 	and.w	r2, r2, #223	@ 0xdf
    4bc2:	2a58      	cmp	r2, #88	@ 0x58
    4bc4:	d008      	beq.n	4bd8 <_strtol_l.isra.0+0x100>
    4bc6:	2608      	movs	r6, #8
    4bc8:	4631      	mov	r1, r6
    4bca:	e7aa      	b.n	4b22 <_strtol_l.isra.0+0x4a>
    4bcc:	f89e 2000 	ldrb.w	r2, [lr]
    4bd0:	f002 02df 	and.w	r2, r2, #223	@ 0xdf
    4bd4:	2a58      	cmp	r2, #88	@ 0x58
    4bd6:	d1d1      	bne.n	4b7c <_strtol_l.isra.0+0xa4>
    4bd8:	2610      	movs	r6, #16
    4bda:	f89e 7001 	ldrb.w	r7, [lr, #1]
    4bde:	4631      	mov	r1, r6
    4be0:	f10e 0e02 	add.w	lr, lr, #2
    4be4:	e79d      	b.n	4b22 <_strtol_l.isra.0+0x4a>
    4be6:	f89e 7000 	ldrb.w	r7, [lr]
    4bea:	f04f 4300 	mov.w	r3, #2147483648	@ 0x80000000
    4bee:	f100 0e02 	add.w	lr, r0, #2
    4bf2:	f04f 0b01 	mov.w	fp, #1
    4bf6:	e78f      	b.n	4b18 <_strtol_l.isra.0+0x40>
    4bf8:	2222      	movs	r2, #34	@ 0x22
    4bfa:	f8ca 2000 	str.w	r2, [sl]
    4bfe:	f1b9 0f00 	cmp.w	r9, #0
    4c02:	d007      	beq.n	4c14 <_strtol_l.isra.0+0x13c>
    4c04:	f10e 38ff 	add.w	r8, lr, #4294967295
    4c08:	4618      	mov	r0, r3
    4c0a:	f8c9 8000 	str.w	r8, [r9]
    4c0e:	e7cb      	b.n	4ba8 <_strtol_l.isra.0+0xd0>
    4c10:	4603      	mov	r3, r0
    4c12:	e7f7      	b.n	4c04 <_strtol_l.isra.0+0x12c>
    4c14:	4618      	mov	r0, r3
    4c16:	e7ab      	b.n	4b70 <_strtol_l.isra.0+0x98>
    4c18:	2000060d 	.word	0x2000060d

00004c1c <strtol>:
    4c1c:	b500      	push	{lr}
    4c1e:	f8df e018 	ldr.w	lr, [pc, #24]	@ 4c38 <strtol+0x1c>
    4c22:	4684      	mov	ip, r0
    4c24:	4613      	mov	r3, r2
    4c26:	f8de 0000 	ldr.w	r0, [lr]
    4c2a:	f85d eb04 	ldr.w	lr, [sp], #4
    4c2e:	460a      	mov	r2, r1
    4c30:	4661      	mov	r1, ip
    4c32:	f7ff bf51 	b.w	4ad8 <_strtol_l.isra.0>
    4c36:	bf00      	nop
    4c38:	20000c90 	.word	0x20000c90

00004c3c <_strtoul_l.isra.0>:
    4c3c:	e92d 47f0 	stmdb	sp!, {r4, r5, r6, r7, r8, r9, sl, lr}
    4c40:	461d      	mov	r5, r3
    4c42:	4b4a      	ldr	r3, [pc, #296]	@ (4d6c <_strtoul_l.isra.0+0x130>)
    4c44:	4616      	mov	r6, r2
    4c46:	460c      	mov	r4, r1
    4c48:	4682      	mov	sl, r0
    4c4a:	460a      	mov	r2, r1
    4c4c:	4611      	mov	r1, r2
    4c4e:	f812 eb01 	ldrb.w	lr, [r2], #1
    4c52:	f813 c00e 	ldrb.w	ip, [r3, lr]
    4c56:	f01c 0c08 	ands.w	ip, ip, #8
    4c5a:	d1f7      	bne.n	4c4c <_strtoul_l.isra.0+0x10>
    4c5c:	f1be 0f2d 	cmp.w	lr, #45	@ 0x2d
    4c60:	d05a      	beq.n	4d18 <_strtoul_l.isra.0+0xdc>
    4c62:	f1be 0f2b 	cmp.w	lr, #43	@ 0x2b
    4c66:	bf03      	ittte	eq
    4c68:	f892 e000 	ldrbeq.w	lr, [r2]
    4c6c:	4663      	moveq	r3, ip
    4c6e:	1c8a      	addeq	r2, r1, #2
    4c70:	4663      	movne	r3, ip
    4c72:	b945      	cbnz	r5, 4c86 <_strtoul_l.isra.0+0x4a>
    4c74:	f1be 0f30 	cmp.w	lr, #48	@ 0x30
    4c78:	d05c      	beq.n	4d34 <_strtoul_l.isra.0+0xf8>
    4c7a:	250a      	movs	r5, #10
    4c7c:	4f3c      	ldr	r7, [pc, #240]	@ (4d70 <_strtoul_l.isra.0+0x134>)
    4c7e:	f04f 0905 	mov.w	r9, #5
    4c82:	46a8      	mov	r8, r5
    4c84:	e00a      	b.n	4c9c <_strtoul_l.isra.0+0x60>
    4c86:	2d10      	cmp	r5, #16
    4c88:	d04b      	beq.n	4d22 <_strtoul_l.isra.0+0xe6>
    4c8a:	f04f 37ff 	mov.w	r7, #4294967295
    4c8e:	fbb7 f7f5 	udiv	r7, r7, r5
    4c92:	fb05 f907 	mul.w	r9, r5, r7
    4c96:	ea6f 0909 	mvn.w	r9, r9
    4c9a:	46a8      	mov	r8, r5
    4c9c:	2100      	movs	r1, #0
    4c9e:	4608      	mov	r0, r1
    4ca0:	e005      	b.n	4cae <_strtoul_l.isra.0+0x72>
    4ca2:	d02c      	beq.n	4cfe <_strtoul_l.isra.0+0xc2>
    4ca4:	fb08 c000 	mla	r0, r8, r0, ip
    4ca8:	2101      	movs	r1, #1
    4caa:	f812 eb01 	ldrb.w	lr, [r2], #1
    4cae:	f1ae 0c30 	sub.w	ip, lr, #48	@ 0x30
    4cb2:	f1bc 0f09 	cmp.w	ip, #9
    4cb6:	d906      	bls.n	4cc6 <_strtoul_l.isra.0+0x8a>
    4cb8:	f1ae 0c41 	sub.w	ip, lr, #65	@ 0x41
    4cbc:	f1bc 0f19 	cmp.w	ip, #25
    4cc0:	d80b      	bhi.n	4cda <_strtoul_l.isra.0+0x9e>
    4cc2:	f1ae 0c37 	sub.w	ip, lr, #55	@ 0x37
    4cc6:	4565      	cmp	r5, ip
    4cc8:	dd10      	ble.n	4cec <_strtoul_l.isra.0+0xb0>
    4cca:	f1b1 3fff 	cmp.w	r1, #4294967295
    4cce:	d0ec      	beq.n	4caa <_strtoul_l.isra.0+0x6e>
    4cd0:	42b8      	cmp	r0, r7
    4cd2:	d9e6      	bls.n	4ca2 <_strtoul_l.isra.0+0x66>
    4cd4:	f04f 31ff 	mov.w	r1, #4294967295
    4cd8:	e7e7      	b.n	4caa <_strtoul_l.isra.0+0x6e>
    4cda:	f1ae 0c61 	sub.w	ip, lr, #97	@ 0x61
    4cde:	f1bc 0f19 	cmp.w	ip, #25
    4ce2:	d803      	bhi.n	4cec <_strtoul_l.isra.0+0xb0>
    4ce4:	f1ae 0c57 	sub.w	ip, lr, #87	@ 0x57
    4ce8:	4565      	cmp	r5, ip
    4cea:	dcee      	bgt.n	4cca <_strtoul_l.isra.0+0x8e>
    4cec:	1c4d      	adds	r5, r1, #1
    4cee:	d00b      	beq.n	4d08 <_strtoul_l.isra.0+0xcc>
    4cf0:	b103      	cbz	r3, 4cf4 <_strtoul_l.isra.0+0xb8>
    4cf2:	4240      	negs	r0, r0
    4cf4:	b10e      	cbz	r6, 4cfa <_strtoul_l.isra.0+0xbe>
    4cf6:	b969      	cbnz	r1, 4d14 <_strtoul_l.isra.0+0xd8>
    4cf8:	6034      	str	r4, [r6, #0]
    4cfa:	e8bd 87f0 	ldmia.w	sp!, {r4, r5, r6, r7, r8, r9, sl, pc}
    4cfe:	45cc      	cmp	ip, r9
    4d00:	ddd0      	ble.n	4ca4 <_strtoul_l.isra.0+0x68>
    4d02:	f04f 31ff 	mov.w	r1, #4294967295
    4d06:	e7d0      	b.n	4caa <_strtoul_l.isra.0+0x6e>
    4d08:	2322      	movs	r3, #34	@ 0x22
    4d0a:	f8ca 3000 	str.w	r3, [sl]
    4d0e:	4608      	mov	r0, r1
    4d10:	2e00      	cmp	r6, #0
    4d12:	d0f2      	beq.n	4cfa <_strtoul_l.isra.0+0xbe>
    4d14:	1e54      	subs	r4, r2, #1
    4d16:	e7ef      	b.n	4cf8 <_strtoul_l.isra.0+0xbc>
    4d18:	f892 e000 	ldrb.w	lr, [r2]
    4d1c:	2301      	movs	r3, #1
    4d1e:	1c8a      	adds	r2, r1, #2
    4d20:	e7a7      	b.n	4c72 <_strtoul_l.isra.0+0x36>
    4d22:	f1be 0f30 	cmp.w	lr, #48	@ 0x30
    4d26:	d011      	beq.n	4d4c <_strtoul_l.isra.0+0x110>
    4d28:	f04f 090f 	mov.w	r9, #15
    4d2c:	f06f 4770 	mvn.w	r7, #4026531840	@ 0xf0000000
    4d30:	46a8      	mov	r8, r5
    4d32:	e7b3      	b.n	4c9c <_strtoul_l.isra.0+0x60>
    4d34:	7811      	ldrb	r1, [r2, #0]
    4d36:	f001 01df 	and.w	r1, r1, #223	@ 0xdf
    4d3a:	2958      	cmp	r1, #88	@ 0x58
    4d3c:	d00b      	beq.n	4d56 <_strtoul_l.isra.0+0x11a>
    4d3e:	2508      	movs	r5, #8
    4d40:	f04f 0907 	mov.w	r9, #7
    4d44:	f06f 4760 	mvn.w	r7, #3758096384	@ 0xe0000000
    4d48:	46a8      	mov	r8, r5
    4d4a:	e7a7      	b.n	4c9c <_strtoul_l.isra.0+0x60>
    4d4c:	7811      	ldrb	r1, [r2, #0]
    4d4e:	f001 01df 	and.w	r1, r1, #223	@ 0xdf
    4d52:	2958      	cmp	r1, #88	@ 0x58
    4d54:	d1e8      	bne.n	4d28 <_strtoul_l.isra.0+0xec>
    4d56:	f04f 0810 	mov.w	r8, #16
    4d5a:	f892 e001 	ldrb.w	lr, [r2, #1]
    4d5e:	f04f 090f 	mov.w	r9, #15
    4d62:	3202      	adds	r2, #2
    4d64:	f06f 4770 	mvn.w	r7, #4026531840	@ 0xf0000000
    4d68:	4645      	mov	r5, r8
    4d6a:	e797      	b.n	4c9c <_strtoul_l.isra.0+0x60>
    4d6c:	2000060d 	.word	0x2000060d
    4d70:	19999999 	.word	0x19999999

00004d74 <strtoul>:
    4d74:	b500      	push	{lr}
    4d76:	f8df e018 	ldr.w	lr, [pc, #24]	@ 4d90 <strtoul+0x1c>
    4d7a:	4684      	mov	ip, r0
    4d7c:	4613      	mov	r3, r2
    4d7e:	f8de 0000 	ldr.w	r0, [lr]
    4d82:	f85d eb04 	ldr.w	lr, [sp], #4
    4d86:	460a      	mov	r2, r1
    4d88:	4661      	mov	r1, ip
    4d8a:	f7ff bf57 	b.w	4c3c <_strtoul_l.isra.0>
    4d8e:	bf00      	nop
    4d90:	20000c90 	.word	0x20000c90

00004d94 <memset>:
    4d94:	b530      	push	{r4, r5, lr}
    4d96:	0784      	lsls	r4, r0, #30
    4d98:	4686      	mov	lr, r0
    4d9a:	4603      	mov	r3, r0
    4d9c:	d006      	beq.n	4dac <memset+0x18>
    4d9e:	b3a2      	cbz	r2, 4e0a <memset+0x76>
    4da0:	f803 1b01 	strb.w	r1, [r3], #1
    4da4:	0798      	lsls	r0, r3, #30
    4da6:	f102 32ff 	add.w	r2, r2, #4294967295
    4daa:	d1f8      	bne.n	4d9e <memset+0xa>
    4dac:	2a03      	cmp	r2, #3
    4dae:	d926      	bls.n	4dfe <memset+0x6a>
    4db0:	fa5f fc81 	uxtb.w	ip, r1
    4db4:	eb0c 2c0c 	add.w	ip, ip, ip, lsl #8
    4db8:	2a0f      	cmp	r2, #15
    4dba:	eb0c 400c 	add.w	r0, ip, ip, lsl #16
    4dbe:	d92a      	bls.n	4e16 <memset+0x82>
    4dc0:	f022 0c0f 	bic.w	ip, r2, #15
    4dc4:	449c      	add	ip, r3
    4dc6:	e9c3 0000 	strd	r0, r0, [r3]
    4dca:	e9c3 0002 	strd	r0, r0, [r3, #8]
    4dce:	3310      	adds	r3, #16
    4dd0:	4563      	cmp	r3, ip
    4dd2:	d1f8      	bne.n	4dc6 <memset+0x32>
    4dd4:	f012 0f0c 	tst.w	r2, #12
    4dd8:	f002 040f 	and.w	r4, r2, #15
    4ddc:	d017      	beq.n	4e0e <memset+0x7a>
    4dde:	ea4f 0c94 	mov.w	ip, r4, lsr #2
    4de2:	f10c 35ff 	add.w	r5, ip, #4294967295
    4de6:	461a      	mov	r2, r3
    4de8:	eb03 0c8c 	add.w	ip, r3, ip, lsl #2
    4dec:	f842 0b04 	str.w	r0, [r2], #4
    4df0:	4562      	cmp	r2, ip
    4df2:	d1fb      	bne.n	4dec <memset+0x58>
    4df4:	3304      	adds	r3, #4
    4df6:	f004 0203 	and.w	r2, r4, #3
    4dfa:	eb03 0385 	add.w	r3, r3, r5, lsl #2
    4dfe:	b122      	cbz	r2, 4e0a <memset+0x76>
    4e00:	441a      	add	r2, r3
    4e02:	f803 1b01 	strb.w	r1, [r3], #1
    4e06:	429a      	cmp	r2, r3
    4e08:	d1fb      	bne.n	4e02 <memset+0x6e>
    4e0a:	4670      	mov	r0, lr
    4e0c:	bd30      	pop	{r4, r5, pc}
    4e0e:	4622      	mov	r2, r4
    4e10:	2a00      	cmp	r2, #0
    4e12:	d1f5      	bne.n	4e00 <memset+0x6c>
    4e14:	e7f9      	b.n	4e0a <memset+0x76>
    4e16:	4614      	mov	r4, r2
    4e18:	e7e1      	b.n	4dde <memset+0x4a>
    4e1a:	bf00      	nop

00004e1c <__errno>:
    4e1c:	4b01      	ldr	r3, [pc, #4]	@ (4e24 <__errno+0x8>)
    4e1e:	6818      	ldr	r0, [r3, #0]
    4e20:	4770      	bx	lr
    4e22:	bf00      	nop
    4e24:	20000c90 	.word	0x20000c90

00004e28 <__libc_init_array>:
    4e28:	b570      	push	{r4, r5, r6, lr}
    4e2a:	4e0e      	ldr	r6, [pc, #56]	@ (4e64 <__libc_init_array+0x3c>)
    4e2c:	4d0e      	ldr	r5, [pc, #56]	@ (4e68 <__libc_init_array+0x40>)
    4e2e:	42ae      	cmp	r6, r5
    4e30:	d008      	beq.n	4e44 <__libc_init_array+0x1c>
    4e32:	1b76      	subs	r6, r6, r5
    4e34:	10b6      	asrs	r6, r6, #2
    4e36:	2400      	movs	r4, #0
    4e38:	f855 3b04 	ldr.w	r3, [r5], #4
    4e3c:	3401      	adds	r4, #1
    4e3e:	4798      	blx	r3
    4e40:	42a6      	cmp	r6, r4
    4e42:	d8f9      	bhi.n	4e38 <__libc_init_array+0x10>
    4e44:	4e09      	ldr	r6, [pc, #36]	@ (4e6c <__libc_init_array+0x44>)
    4e46:	4d0a      	ldr	r5, [pc, #40]	@ (4e70 <__libc_init_array+0x48>)
    4e48:	f000 f81a 	bl	4e80 <___init_veneer>
    4e4c:	42ae      	cmp	r6, r5
    4e4e:	d008      	beq.n	4e62 <__libc_init_array+0x3a>
    4e50:	1b76      	subs	r6, r6, r5
    4e52:	10b6      	asrs	r6, r6, #2
    4e54:	2400      	movs	r4, #0
    4e56:	f855 3b04 	ldr.w	r3, [r5], #4
    4e5a:	3401      	adds	r4, #1
    4e5c:	4798      	blx	r3
    4e5e:	42a6      	cmp	r6, r4
    4e60:	d8f9      	bhi.n	4e56 <__libc_init_array+0x2e>
    4e62:	bd70      	pop	{r4, r5, r6, pc}
    4e64:	60001ab0 	.word	0x60001ab0
    4e68:	60001ab0 	.word	0x60001ab0
    4e6c:	60001abc 	.word	0x60001abc
    4e70:	60001ab0 	.word	0x60001ab0
    4e74:	00000000 	.word	0x00000000

00004e78 <___reboot_Teensyduino__veneer>:
    4e78:	f85f f000 	ldr.w	pc, [pc]	@ 4e7c <___reboot_Teensyduino__veneer+0x4>
    4e7c:	60001a15 	.word	0x60001a15

00004e80 <___init_veneer>:
    4e80:	f85f f000 	ldr.w	pc, [pc]	@ 4e84 <___init_veneer+0x4>
    4e84:	60001a69 	.word	0x60001a69
	...

Disassembly of section .fini:

00004e90 <_fini>:
    4e90:	b5f8      	push	{r3, r4, r5, r6, r7, lr}
    4e92:	bf00      	nop
